year,month,airport,passengers,departures,arrivals
2015,4,AGR,396,93,303
2015,4,AGX,1687,902,785
2015,4,AJL,11600,5690,5910
2015,4,AMD,413524,207881,205643
2015,4,ATQ,79211,43002,36209
2015,4,BBI,134847,65656,69191
2015,4,BDQ,64796,34351,30445
2015,4,BHJ,12710,6511,6199
2015,4,BHO,47356,24078,23278
2015,4,BHU,3506,1768,1738
2015,4,BLR,1206567,620461,586106
2015,4,BOM,2394229,1219152,1175077
2015,4,CCJ,32476,16141,16335
2015,4,CCU,795389,376809,418580
2015,4,CJB,132812,67214,65598
2015,4,COK,264881,130395,134486
2015,4,DED,38569,18942,19627
2015,4,DEL,2581504,1258863,1322641
2015,4,DHM,5443,2634,2809
2015,4,DIB,26593,12887,13706
2015,4,DIU,2033,956,1077
2015,4,DMU,6279,3264,3015
2015,4,GAU,218349,107075,111274
2015,4,GAY,3724,1724,2000
2015,4,GOI,326773,168259,158514
2015,4,GWL,810,439,371
2015,4,HJR,4650,2995,1655
2015,4,HYD,727288,376645,350643
2015,4,IDR,138942,70493,68449
2015,4,IMF,45789,23933,21856
2015,4,IXA,66809,34513,32296
2015,4,IXB,98541,49300,49241
2015,4,IXC,123964,61089,62875
2015,4,IXD,5372,2308,3064
2015,4,IXE,73514,35387,38127
2015,4,IXG,9040,4505,4535
2015,4,IXI,271,150,121
2015,4,IXJ,100392,51927,48465
2015,4,IXL,28713,12579,16134
2015,4,IXM,38020,19029,18991
2015,4,IXR,59335,29082,30253
2015,4,IXS,16845,8528,8317
2015,4,IXU,22750,12293,10457
2015,4,IXZ,72461,40269,32192
2015,4,JAI,182481,87247,95234
2015,4,JDH,22232,10412,11820
2015,4,JGA,5881,2955,2926
2015,4,JLR,10299,5078,5221
2015,4,JRH,4803,2404,2399
2015,4,KUU,1092,425,667
2015,4,LKO,189901,88592,101309
2015,4,MAA,855156,433702,421454
2015,4,NAG,114295,58397,55898
2015,4,PAT,127023,57805,69218
2015,4,PBD,1216,591,625
2015,4,PGH,780,388,392
2015,4,PNQ,399177,205609,193568
2015,4,PNY,549,294,255
2015,4,RAJ,36651,17816,18835
2015,4,RJA,10268,5042,5226
2015,4,RPR,95975,47696,48279
2015,4,SHL,1157,579,578
2015,4,STV,2937,1491,1446
2015,4,SXR,176272,87370,88902
2015,4,TCR,5345,2471,2874
2015,4,TEZ,438,280,158
2015,4,TIR,25953,12503,13450
2015,4,TRV,91063,44931,46132
2015,4,TRZ,13117,6623,6494
2015,4,UDR,38635,18683,19952
2015,4,VGA,30528,15512,15016
2015,4,VNS,81614,37617,43997
2015,4,VTZ,113356,55792,57564
2015,5,AGX,1269,482,787
2015,5,AJL,12501,5906,6595
2015,5,AMD,459229,240418,218811
2015,5,ATQ,70745,38929,31816
2015,5,BBI,151283,76660,74623
2015,5,BDQ,82383,44969,37414
2015,5,BHJ,11661,6475,5186
2015,5,BHO,51794,26604,25190
2015,5,BHU,3223,1603,1620
2015,5,BLR,1291529,616887,674642
2015,5,BOM,2535947,1267343,1268604
2015,5,CCJ,33826,16271,17555
2015,5,CCU,888180,438256,449924
2015,5,CJB,142722,69987,72735
2015,5,COK,281524,133536,147988
2015,5,DED,41990,21001,20989
2015,5,DEL,2854761,1462445,1392316
2015,5,DGH,160,76,84
2015,5,DHM,7540,3597,3943
2015,5,DIB,27804,12846,14958
2015,5,DIU,2210,1033,1177
2015,5,DMU,8600,4029,4571
2015,5,GAU,220745,106757,113988
2015,5,GAY,1881,703,1178
2015,5,GOI,301787,151417,150370
2015,5,GWL,747,371,376
2015,5,HBX,3083,1635,1448
2015,5,HJR,1223,715,508
2015,5,HYD,795260,398174,397086
2015,5,IDR,140082,73611,66471
2015,5,IMF,52124,25203,26921
2015,5,IXA,74054,37980,36074
2015,5,IXB,113019,55578,57441
2015,5,IXC,146825,75047,71778
2015,5,IXD,7855,3676,4179
2015,5,IXE,74719,37111,37608
2015,5,IXG,12502,6336,6166
2015,5,IXI,240,105,135
2015,5,IXJ,103769,51043,52726
2015,5,IXL,40482,19388,21094
2015,5,IXM,39797,19806,19991
2015,5,IXR,69626,35905,33721
2015,5,IXS,17176,8830,8346
2015,5,IXU,22795,12194,10601
2015,5,IXZ,78527,40967,37560
2015,5,JAI,192990,102812,90178
2015,5,JDH,23284,11896,11388
2015,5,JGA,8470,4318,4152
2015,5,JLR,10138,5002,5136
2015,5,JRH,4615,2256,2359
2015,5,KUU,1260,519,741
2015,5,LKO,216795,104480,112315
2015,5,MAA,928026,454749,473277
2015,5,NAG,134950,69601,65349
2015,5,PAT,137617,65055,72562
2015,5,PBD,1096,611,485
2015,5,PGH,947,467,480
2015,5,PNQ,425134,213718,211416
2015,5,PNY,788,461,327
2015,5,RAJ,35016,17525,17491
2015,5,RJA,10722,5191,5531
2015,5,RPR,108170,54893,53277
2015,5,SHL,1194,568,626
2015,5,STV,3439,1732,1707
2015,5,SXR,226670,109946,116724
2015,5,TCR,9207,4271,4936
2015,5,TEZ,181,73,108
2015,5,TIR,26073,12233,13840
2015,5,TRV,105593,52199,53394
2015,5,TRZ,15316,7733,7583
2015,5,UDR,35562,17802,17760
2015,5,VGA,29226,15071,14155
2015,5,VNS,90403,43224,47179
2015,5,VTZ,132201,66830,65371
2015,6,AGX,1256,506,750
2015,6,AJL,12432,6292,6140
2015,6,AMD,391942,192299,199643
2015,6,ATQ,66941,36622,30319
2015,6,BBI,138794,70318,68476
2015,6,BDQ,69019,34222,34797
2015,6,BHJ,9601,5025,4576
2015,6,BHO,49950,25046,24904
2015,6,BHU,2838,1454,1384
2015,6,BLR,1180098,586766,593332
2015,6,BOM,2234766,1077095,1157671
2015,6,CCJ,27164,12971,14193
2015,6,CCU,826041,414293,411748
2015,6,CDP,657,389,268
2015,6,CJB,129792,65791,64001
2015,6,COK,240628,122766,117862
2015,6,DED,38668,19597,19071
2015,6,DEL,2753266,1409036,1344230
2015,6,DGH,278,182,96
2015,6,DHM,8346,3989,4357
2015,6,DIB,26559,13497,13062
2015,6,DIU,1242,626,616
2015,6,DMU,9274,4921,4353
2015,6,GAU,223837,113151,110686
2015,6,GAY,1834,741,1093
2015,6,GOI,319659,163490,156169
2015,6,GWL,819,418,401
2015,6,HBX,2967,1579,1388
2015,6,HJR,902,592,310
2015,6,HYD,733289,358990,374299
2015,6,IDR,132878,68325,64553
2015,6,IMF,56436,30524,25912
2015,6,IXA,69188,34158,35030
2015,6,IXB,103882,54313,49569
2015,6,IXC,136599,71977,64622
2015,6,IXD,5974,3188,2786
2015,6,IXE,65155,32487,32668
2015,6,IXG,11158,5429,5729
2015,6,IXI,480,344,136
2015,6,IXJ,95425,46290,49135
2015,6,IXL,38390,19705,18685
2015,6,IXM,37400,18736,18664
2015,6,IXR,69197,34520,34677
2015,6,IXS,16559,8320,8239
2015,6,IXU,20088,10274,9814
2015,6,IXZ,62428,28197,34231
2015,6,JAI,181287,92981,88306
2015,6,JDH,21750,10537,11213
2015,6,JGA,6420,3031,3389
2015,6,JLR,9970,4964,5006
2015,6,JRH,3970,2023,1947
2015,6,KUU,1266,539,727
2015,6,LKO,229858,119251,110607
2015,6,MAA,827656,405902,421754
2015,6,NAG,129375,63810,65565
2015,6,PAT,130256,69310,60946
2015,6,PBD,1053,441,612
2015,6,PGH,660,348,312
2015,6,PNQ,391802,192283,199519
2015,6,PNY,771,381,390
2015,6,RAJ,31483,15236,16247
2015,6,RJA,9808,4695,5113
2015,6,RPR,98800,49818,48982
2015,6,SHL,1223,631,592
2015,6,STV,3105,1513,1592
2015,6,SXR,225657,114076,111581
2015,6,TCR,7931,3811,4120
2015,6,TEZ,302,235,67
2015,6,TIR,26545,12816,13729
2015,6,TRV,95282,50418,44864
2015,6,TRZ,13455,6931,6524
2015,6,UDR,33176,16140,17036
2015,6,VGA,31616,15820,15796
2015,6,VNS,80999,43120,37879
2015,6,VTZ,118114,58331,59783
2015,7,AGR,37,6,31
2015,7,AGX,899,375,524
2015,7,AJL,12474,6553,5921
2015,7,AMD,387083,194629,192454
2015,7,ATQ,73495,35980,37515
2015,7,BBI,131309,65565,65744
2015,7,BDQ,67971,34940,33031
2015,7,BHJ,10711,5392,5319
2015,7,BHO,53040,26622,26418
2015,7,BHU,3185,1532,1653
2015,7,BLR,1280466,640773,639693
2015,7,BOM,2308041,1169786,1138255
2015,7,CCJ,29929,13242,16687
2015,7,CCU,803850,395198,408652
2015,7,CDP,869,489,380
2015,7,CJB,126524,62621,63903
2015,7,COK,255042,122264,132778
2015,7,DED,36129,17576,18553
2015,7,DEL,2755569,1379264,1376305
2015,7,DGH,411,288,123
2015,7,DHM,6126,2965,3161
2015,7,DIB,27591,13676,13915
2015,7,DIU,1358,512,846
2015,7,DMU,9256,4911,4345
2015,7,GAU,242859,121918,120941
2015,7,GAY,1667,773,894
2015,7,GOI,362741,181513,181228
2015,7,GWL,648,268,380
2015,7,HBX,2773,1470,1303
2015,7,HJR,1558,1013,545
2015,7,HYD,792937,392622,400315
2015,7,IDR,125378,63459,61919
2015,7,IMF,57221,31734,25487
2015,7,IXA,71619,37337,34282
2015,7,IXB,87173,45157,42016
2015,7,IXC,127336,62492,64844
2015,7,IXD,4629,2240,2389
2015,7,IXE,74302,34148,40154
2015,7,IXG,13382,6571,6811
2015,7,IXI,385,290,95
2015,7,IXJ,98734,49288,49446
2015,7,IXL,35267,17933,17334
2015,7,IXM,45877,22700,23177
2015,7,IXR,63441,31909,31532
2015,7,IXS,18723,9015,9708
2015,7,IXU,21572,11357,10215
2015,7,IXZ,49313,24158,25155
2015,7,JAI,188240,92161,96079
2015,7,JDH,23405,11269,12136
2015,7,JGA,5705,2818,2887
2015,7,JLR,22267,11259,11008
2015,7,JRH,4713,2341,2372
2015,7,KUU,1211,546,665
2015,7,LKO,210071,105821,104250
2015,7,MAA,885998,438810,447188
2015,7,NAG,117107,58780,58327
2015,7,PAT,127890,64590,63300
2015,7,PBD,1182,535,647
2015,7,PGH,382,183,199
2015,7,PNQ,421882,212984,208898
2015,7,PNY,962,509,453
2015,7,RAJ,31562,15405,16157
2015,7,RJA,21619,10506,11113
2015,7,RPR,88623,45173,43450
2015,7,SHL,712,358,354
2015,7,STV,3020,1496,1524
2015,7,SXR,218569,109741,108828
2015,7,TCR,9364,4708,4656
2015,7,TEZ,332,244,88
2015,7,TIR,31736,15572,16164
2015,7,TRV,96886,47808,49078
2015,7,TRZ,13102,6390,6712
2015,7,UDR,39998,19308,20690
2015,7,VGA,35746,17931,17815
2015,7,VNS,74699,37732,36967
2015,7,VTZ,137701,68290,69411
2015,8,AGR,88,0,88
2015,8,AGX,914,484,430
2015,8,AJL,12488,6600,5888
2015,8,AMD,398389,201670,196719
2015,8,ATQ,72046,34887,37159
2015,8,BBI,131586,67003,64583
2015,8,BDQ,70393,36170,34223
2015,8,BHJ,11652,6122,5530
2015,8,BHO,54518,28071,26447
2015,8,BHU,3317,1631,1686
2015,8,BLR,1281898,641565,640333
2015,8,BOM,2374266,1158892,1215374
2015,8,CCJ,32747,16995,15752
2015,8,CCU,777026,384831,392195
2015,8,CDP,437,233,204
2015,8,CJB,129493,65524,63969
2015,8,COK,274308,137737,136571
2015,8,DED,36585,18229,18356
2015,8,DEL,2709311,1332601,1376710
2015,8,DGH,221,135,86
2015,8,DHM,5453,2608,2845
2015,8,DIB,23254,11630,11624
2015,8,DIU,2006,1050,956
2015,8,DMU,7541,3985,3556
2015,8,GAU,212173,104257,107916
2015,8,GAY,1606,701,905
2015,8,GOI,374605,191097,183508
2015,8,GWL,698,300,398
2015,8,HBX,3012,1572,1440
2015,8,HJR,2745,1795,950
2015,8,HYD,794643,411098,383545
2015,8,IDR,138117,70323,67794
2015,8,IMF,52468,30033,22435
2015,8,IXA,70854,38125,32729
2015,8,IXB,84497,44006,40491
2015,8,IXC,123696,61628,62068
2015,8,IXD,3967,1956,2011
2015,8,IXE,76043,38292,37751
2015,8,IXG,13056,6594,6462
2015,8,IXI,234,159,75
2015,8,IXJ,88648,43649,44999
2015,8,IXL,35260,18625,16635
2015,8,IXM,48570,24312,24258
2015,8,IXR,57740,29485,28255
2015,8,IXS,17733,9223,8510
2015,8,IXU,25254,13446,11808
2015,8,IXZ,53213,26563,26650
2015,8,JAI,192349,96586,95763
2015,8,JDH,24537,12136,12401
2015,8,JGA,5947,3020,2927
2015,8,JLR,20997,10463,10534
2015,8,JRH,4465,2219,2246
2015,8,KUU,940,413,527
2015,8,LKO,211705,105668,106037
2015,8,MAA,878596,444448,434148
2015,8,NAG,115876,58823,57053
2015,8,PAT,119823,60985,58838
2015,8,PBD,1122,589,533
2015,8,PGH,213,104,109
2015,8,PNQ,421920,212154,209766
2015,8,PNY,950,493,457
2015,8,RAJ,31224,16113,15111
2015,8,RJA,18153,9102,9051
2015,8,RPR,89771,46033,43738
2015,8,SHL,454,157,297
2015,8,STV,3071,1501,1570
2015,8,SXR,186357,100597,85760
2015,8,TCR,9062,4483,4579
2015,8,TEZ,242,153,89
2015,8,TIR,36102,17621,18481
2015,8,TRV,105706,52679,53027
2015,8,TRZ,15280,7728,7552
2015,8,UDR,43180,21642,21538
2015,8,VGA,31451,16254,15197
2015,8,VNS,76832,38857,37975
2015,8,VTZ,135640,68454,67186
2015,9,AGR,167,31,136
2015,9,AGX,1166,519,647
2015,9,AJL,12192,6126,6066
2015,9,AMD,412227,207643,204584
2015,9,ATQ,76473,36948,39525
2015,9,BBI,130929,65532,65397
2015,9,BDQ,71773,37288,34485
2015,9,BHJ,11404,5867,5537
2015,9,BHO,52645,27233,25412
2015,9,BHU,3271,1621,1650
2015,9,BLR,1210892,609679,601213
2015,9,BOM,2351925,1165530,1186395
2015,9,CCJ,26310,13943,12367
2015,9,CCU,780286,377235,403051
2015,9,CJB,126779,65219,61560
2015,9,COK,252816,131793,121023
2015,9,DED,36596,17923,18673
2015,9,DEL,2679746,1336558,1343188
2015,9,DGH,415,239,176
2015,9,DHM,6382,2953,3429
2015,9,DIB,22419,10624,11795
2015,9,DIU,1651,835,816
2015,9,DMU,7434,3630,3804
2015,9,GAU,216736,105856,110880
2015,9,GAY,2100,917,1183
2015,9,GOI,397296,195685,201611
2015,9,GOP,586,238,348
2015,9,GWL,699,355,344
2015,9,HBX,2796,1443,1353
2015,9,HJR,2366,1499,867
2015,9,HYD,746152,382213,363939
2015,9,IDR,133618,69814,63804
2015,9,IMF,54969,28268,26701
2015,9,IXA,67116,33800,33316
2015,9,IXB,89223,42902,46321
2015,9,IXC,127391,63542,63849
2015,9,IXD,4052,1923,2129
2015,9,IXE,74841,38715,36126
2015,9,IXG,12777,6419,6358
2015,9,IXI,427,202,225
2015,9,IXJ,101599,50622,50977
2015,9,IXL,34559,19085,15474
2015,9,IXM,47422,23782,23640
2015,9,IXR,60295,29824,30471
2015,9,IXS,17086,8459,8627
2015,9,IXU,24215,12915,11300
2015,9,IXZ,57436,27749,29687
2015,9,JAI,198807,99548,99259
2015,9,JDH,23669,11678,11991
2015,9,JGA,5793,2926,2867
2015,9,JLR,20672,10419,10253
2015,9,JRH,4075,2012,2063
2015,9,KUU,1548,598,950
2015,9,LKO,201938,95851,106087
2015,9,MAA,850841,436307,414534
2015,9,MYQ,371,263,108
2015,9,NAG,113787,58298,55489
2015,9,PAT,119113,55121,63992
2015,9,PBD,1254,623,631
2015,9,PGH,449,200,249
2015,9,PNQ,415904,209868,206036
2015,9,PNY,703,388,315
2015,9,RAJ,30934,15311,15623
2015,9,RJA,17753,8880,8873
2015,9,RPR,86483,44057,42426
2015,9,SHL,595,284,311
2015,9,STV,2800,1338,1462
2015,9,SXR,185924,91617,94307
2015,9,TCR,8445,4174,4271
2015,9,TEZ,372,191,181
2015,9,TIR,32498,15602,16896
2015,9,TRV,96971,51740,45231
2015,9,TRZ,13677,6996,6681
2015,9,UDR,41040,20228,20812
2015,9,VGA,29093,14894,14199
2015,9,VNS,86087,41368,44719
2015,9,VTZ,131395,65347,66048
2015,10,AGR,56478,2168,54310
2015,10,AGX,1295,607,688
2015,10,AJL,20805,16452,4353
2015,10,AMD,395626,198338,197288
2015,10,ATQ,61006,27961,33045
2015,10,BBI,130608,66457,64151
2015,10,BDQ,69787,35481,34306
2015,10,BHJ,12250,6267,5983
2015,10,BHO,44864,26900,17964
2015,10,BHU,2801,1343,1458
2015,10,BLR,1297419,672615,624804
2015,10,BOM,2279092,1142157,1136935
2015,10,CCJ,26971,13617,13354
2015,10,CCU,886217,418509,467708
2015,10,CJB,149283,63328,85955
2015,10,COK,249929,120136,129793
2015,10,DED,39593,19466,20127
2015,10,DEL,2569590,1289427,1280163
2015,10,DGH,515,332,183
2015,10,DHM,7723,3750,3973
2015,10,DIB,37894,14185,23709
2015,10,DIU,2124,1020,1104
2015,10,DMU,13013,6540,6473
2015,10,GAU,262391,123279,139112
2015,10,GAY,61981,41888,20093
2015,10,GOI,418051,202191,215860
2015,10,GOP,2357,922,1435
2015,10,GWL,838,555,283
2015,10,HBX,3080,1673,1407
2015,10,HJR,23824,6753,17071
2015,10,HYD,793951,431650,362301
2015,10,IDR,146531,82975,63556
2015,10,IMF,109018,65076,43942
2015,10,IXA,75299,38253,37046
2015,10,IXB,99468,51362,48106
2015,10,IXC,132534,68457,64077
2015,10,IXD,4484,2156,2328
2015,10,IXE,77975,38941,39034
2015,10,IXG,12527,6229,6298
2015,10,IXI,282,147,135
2015,10,IXJ,111213,60320,50893
2015,10,IXL,28372,14811,13561
2015,10,IXM,93447,63900,29547
2015,10,IXR,63076,31596,31480
2015,10,IXS,19224,9073,10151
2015,10,IXU,19590,12418,7172
2015,10,IXZ,83801,37362,46439
2015,10,JAI,204035,101971,102064
2015,10,JDH,22856,13337,9519
2015,10,JGA,338,327,11
2015,10,JLR,20676,10258,10418
2015,10,JRH,4202,2030,2172
2015,10,KUU,1972,893,1079
2015,10,LKO,199027,93114,105913
2015,10,MAA,870441,407974,462467
2015,10,MYQ,541,352,189
2015,10,NAG,123437,64043,59394
2015,10,PAT,113091,51618,61473
2015,10,PBD,1350,710,640
2015,10,PGH,844,425,419
2015,10,PNQ,433049,221145,211904
2015,10,PNY,403,204,199
2015,10,RAJ,29496,15415,14081
2015,10,RJA,20923,10178,10745
2015,10,RPR,111578,55472,56106
2015,10,SHL,1398,719,679
2015,10,STV,11560,7382,4178
2015,10,SXR,226352,111578,114774
2015,10,TCR,8144,4025,4119
2015,10,TEZ,225,100,125
2015,10,TIR,32603,16360,16243
2015,10,TRV,136052,64441,71611
2015,10,TRZ,12274,5997,6277
2015,10,UDR,41701,20980,20721
2015,10,VGA,49464,11751,37713
2015,10,VNS,181337,97196,84141
2015,10,VTZ,159412,79451,79961
2015,11,AGR,1291,270,1021
2015,11,AGX,1587,860,727
2015,11,AJL,5890,2973,2917
2015,11,AMD,484511,243369,241142
2015,11,ATQ,81531,38860,42671
2015,11,BBI,156776,76587,80189
2015,11,BDQ,83610,42420,41190
2015,11,BHJ,13101,6386,6715
2015,11,BHO,59625,30492,29133
2015,11,BHU,3045,1391,1654
2015,11,BLR,1313752,657609,656143
2015,11,BOM,2567513,1300374,1267139
2015,11,CCJ,37209,18347,18862
2015,11,CCU,918352,438409,479943
2015,11,CJB,128537,64324,64213
2015,11,COK,273512,134400,139112
2015,11,DED,34422,17206,17216
2015,11,DEL,2994237,1505641,1488596
2015,11,DGH,516,362,154
2015,11,DHM,7188,3573,3615
2015,11,DIB,26619,13365,13254
2015,11,DIU,2617,1174,1443
2015,11,DMU,9629,4851,4778
2015,11,GAU,229735,113804,115931
2015,11,GAY,6515,3206,3309
2015,11,GOI,419644,209390,210254
2015,11,GOP,1283,486,797
2015,11,HBX,4295,2199,2096
2015,11,HJR,8717,5195,3522
2015,11,HYD,814040,409474,404566
2015,11,IDR,133026,67094,65932
2015,11,IMF,60005,30934,29071
2015,11,IXA,79233,42566,36667
2015,11,IXB,100185,50641,49544
2015,11,IXC,129706,64063,65643
2015,11,IXD,3823,1882,1941
2015,11,IXE,75092,37417,37675
2015,11,IXG,11884,5904,5980
2015,11,IXI,323,171,152
2015,11,IXJ,98818,46836,51982
2015,11,IXL,19310,13579,5731
2015,11,IXM,55495,27004,28491
2015,11,IXR,59872,29883,29989
2015,11,IXS,17089,8684,8405
2015,11,IXU,25018,12811,12207
2015,11,IXZ,75215,38045,37170
2015,11,JAI,223023,108525,114498
2015,11,JDH,25831,12563,13268
2015,11,JGA,7887,3886,4001
2015,11,JLR,20386,10000,10386
2015,11,JRH,4364,2178,2186
2015,11,KUU,1637,749,888
2015,11,LKO,229694,108495,121199
2015,11,MAA,860052,435944,424108
2015,11,MYQ,215,155,60
2015,11,NAG,132799,66023,66776
2015,11,PAT,141869,65041,76828
2015,11,PBD,1416,710,706
2015,11,PGH,908,429,479
2015,11,PNQ,432998,219954,213044
2015,11,RAJ,35529,16696,18833
2015,11,RJA,19253,9625,9628
2015,11,RPR,103349,51335,52014
2015,11,SHL,1274,670,604
2015,11,STV,10845,5376,5469
2015,11,SXR,148357,79430,68927
2015,11,TCR,7652,3744,3908
2015,11,TEZ,175,91,84
2015,11,TIR,32480,15961,16519
2015,11,TRV,99318,50596,48722
2015,11,TRZ,12091,5702,6389
2015,11,UDR,79632,38999,40633
2015,11,VGA,32433,16792,15641
2015,11,VNS,142019,66499,75520
2015,11,VTZ,138215,68868,69347
2015,12,AGR,1282,307,975
2015,12,AGX,1719,866,853
2015,12,AJL,12416,5722,6694
2015,12,AMD,517777,254300,263477
2015,12,ATQ,86113,41893,44220
2015,12,BBI,175496,85851,89645
2015,12,BDQ,90163,43847,46316
2015,12,BHJ,13932,7236,6696
2015,12,BHO,67235,34491,32744
2015,12,BHU,3440,1647,1793
2015,12,BLR,1423332,712098,711234
2015,12,BOM,2750851,1360719,1390132
2015,12,CCJ,33228,15564,17664
2015,12,CCU,983105,486033,497072
2015,12,CJB,130697,64783,65914
2015,12,COK,300772,142750,158022
2015,12,DED,33571,17064,16507
2015,12,DEL,3164230,1645920,1518310
2015,12,DGH,806,445,361
2015,12,DHM,6751,3351,3400
2015,12,DIB,28314,13663,14651
2015,12,DIU,3670,1748,1922
2015,12,DMU,12085,5634,6451
2015,12,GAU,256789,125184,131605
2015,12,GAY,7752,3680,4072
2015,12,GOI,467019,224963,242056
2015,12,GWL,270,155,115
2015,12,HBX,4786,2307,2479
2015,12,HJR,7225,4089,3136
2015,12,HYD,898655,440565,458090
2015,12,IDR,152429,77523,74906
2015,12,IMF,68910,33543,35367
2015,12,IXA,86061,43420,42641
2015,12,IXB,101678,50435,51243
2015,12,IXC,117401,59465,57936
2015,12,IXD,3727,1866,1861
2015,12,IXE,82588,39834,42754
2015,12,IXG,12858,6366,6492
2015,12,IXI,426,220,206
2015,12,IXJ,102526,49856,52670
2015,12,IXL,15700,9732,5968
2015,12,IXM,48201,23417,24784
2015,12,IXR,71125,35351,35774
2015,12,IXS,16133,7869,8264
2015,12,IXU,26933,13650,13283
2015,12,IXZ,74175,35869,38306
2015,12,JAI,241633,122673,118960
2015,12,JDH,27372,13788,13584
2015,12,JGA,8464,4240,4224
2015,12,JLR,3254,1628,1626
2015,12,JRH,4338,2110,2228
2015,12,KUU,1563,684,879
2015,12,LKO,230544,117876,112668
2015,12,MAA,707667,344657,363010
2015,12,NAG,147213,73239,73974
2015,12,PAT,129647,65546,64101
2015,12,PBD,1445,803,642
2015,12,PGH,566,272,294
2015,12,PNQ,455198,225479,229719
2015,12,RAJ,38357,18707,19650
2015,12,RJA,21707,10917,10790
2015,12,RPR,112096,57060,55036
2015,12,SHL,476,245,231
2015,12,STV,12328,5779,6549
2015,12,SXR,164438,87759,76679
2015,12,TCR,6593,3165,3428
2015,12,TEZ,354,167,187
2015,12,TIR,35709,17727,17982
2015,12,TRV,106300,52287,54013
2015,12,TRZ,9745,4570,5175
2015,12,UDR,88401,43863,44538
2015,12,VGA,34188,16909,17279
2015,12,VNS,137483,70635,66848
2015,12,VTZ,158313,76796,81517
2016,1,AGR,1508,392,1116
2016,1,AGX,1813,960,853
2016,1,AJL,12829,6900,5929
2016,1,AMD,529375,267924,261451
2016,1,ATQ,82521,38539,43982
2016,1,BBI,177623,90253,87370
2016,1,BDQ,87036,44619,42417
2016,1,BHJ,13185,6985,6200
2016,1,BHO,61424,32003,29421
2016,1,BHU,3575,1841,1734
2016,1,BLR,1366678,680594,686084
2016,1,BOM,2677418,1341805,1335613
2016,1,CCJ,33500,16836,16664
2016,1,CCU,969271,478226,491045
2016,1,CJB,137046,69372,67674
2016,1,COK,308256,155932,152324
2016,1,DED,34610,17435,17175
2016,1,DEL,3046851,1487453,1559398
2016,1,DGH,1182,672,510
2016,1,DHM,6173,3118,3055
2016,1,DIB,26508,13395,13113
2016,1,DIU,3040,1506,1534
2016,1,DMU,10457,5776,4681
2016,1,GAU,250828,124837,125991
2016,1,GAY,7413,3627,3786
2016,1,GOI,485431,250218,235213
2016,1,GOP,442,184,258
2016,1,GWL,1182,607,575
2016,1,HBX,4916,2586,2330
2016,1,HJR,8573,4829,3744
2016,1,HYD,873626,440472,433154
2016,1,IDR,147130,75914,71216
2016,1,IMF,63149,35651,27498
2016,1,IXA,80658,40198,40460
2016,1,IXB,92164,47194,44970
2016,1,IXC,102934,51283,51651
2016,1,IXD,3064,1501,1563
2016,1,IXE,84094,42451,41643
2016,1,IXG,8952,4502,4450
2016,1,IXI,129,62,67
2016,1,IXJ,94166,46628,47538
2016,1,IXL,16830,9376,7454
2016,1,IXM,62198,31166,31032
2016,1,IXR,67282,34211,33071
2016,1,IXS,16453,8254,8199
2016,1,IXU,26543,13874,12669
2016,1,IXZ,81074,41344,39730
2016,1,JAI,222006,110727,111279
2016,1,JDH,26753,13659,13094
2016,1,JGA,8148,4052,4096
2016,1,JLR,1140,569,571
2016,1,JRH,4568,2335,2233
2016,1,KUU,1355,684,671
2016,1,LKO,208137,103350,104787
2016,1,MAA,952070,469754,482316
2016,1,NAG,137218,70754,66464
2016,1,PAT,123405,61186,62219
2016,1,PBD,1755,939,816
2016,1,PGH,352,183,169
2016,1,PNQ,453398,230598,222800
2016,1,RAJ,37764,18723,19041
2016,1,RJA,18905,9676,9229
2016,1,RPR,107351,55144,52207
2016,1,SHL,263,142,121
2016,1,STV,11848,6055,5793
2016,1,SXR,158819,85188,73631
2016,1,TCR,8272,4097,4175
2016,1,TIR,34252,17095,17157
2016,1,TRV,116101,60699,55402
2016,1,TRZ,13104,6429,6675
2016,1,UDR,84837,43468,41369
2016,1,VGA,40352,21318,19034
2016,1,VNS,131304,65000,66304
2016,1,VTZ,167171,85550,81621
2016,2,AGR,1524,426,1098
2016,2,AGX,1665,870,795
2016,2,AJL,12323,6144,6179
2016,2,AMD,501848,256670,245178
2016,2,ATQ,91032,44281,46751
2016,2,BBI,164562,83600,80962
2016,2,BDQ,81478,42916,38562
2016,2,BHJ,12690,6488,6202
2016,2,BHO,55963,29209,26754
2016,2,BHU,3006,1474,1532
2016,2,BLR,1333310,666775,666535
2016,2,BOM,2567795,1277685,1290110
2016,2,CCJ,27792,13856,13936
2016,2,CCU,912186,449248,462938
2016,2,CJB,129191,65574,63617
2016,2,COK,278308,140110,138198
2016,2,DED,36567,17873,18694
2016,2,DEL,3079460,1533404,1546056
2016,2,DGH,1248,669,579
2016,2,DHM,6335,2997,3338
2016,2,DIB,25028,12481,12547
2016,2,DIU,3235,1581,1654
2016,2,DMU,8393,4361,4032
2016,2,GAU,249943,123392,126551
2016,2,GAY,8139,4065,4074
2016,2,GOI,449347,229165,220182
2016,2,GOP,2377,1012,1365
2016,2,GWL,1028,503,525
2016,2,HBX,4627,2312,2315
2016,2,HJR,9507,5478,4029
2016,2,HYD,828296,413387,414909
2016,2,IDR,140273,72253,68020
2016,2,IMF,61008,32030,28978
2016,2,IXA,75859,39029,36830
2016,2,IXB,98175,48616,49559
2016,2,IXC,131006,64711,66295
2016,2,IXD,3415,1677,1738
2016,2,IXE,75194,37789,37405
2016,2,IXG,8306,4082,4224
2016,2,IXI,550,260,290
2016,2,IXJ,100021,49101,50920
2016,2,IXL,20523,8974,11549
2016,2,IXM,57430,28638,28792
2016,2,IXR,61542,31147,30395
2016,2,IXS,16488,8252,8236
2016,2,IXU,25341,13165,12176
2016,2,IXZ,76916,38442,38474
2016,2,JAI,219000,110420,108580
2016,2,JDH,26599,13113,13486
2016,2,JGA,7168,3552,3616
2016,2,JLR,9832,4924,4908
2016,2,JRH,3990,1969,2021
2016,2,KUU,1363,618,745
2016,2,LKO,225328,109927,115401
2016,2,MAA,923600,464976,458624
2016,2,NAG,127661,64982,62679
2016,2,PAT,133087,64471,68616
2016,2,PBD,1418,789,629
2016,2,PGH,733,338,395
2016,2,PNQ,451433,227118,224315
2016,2,RAJ,36569,18615,17954
2016,2,RJA,17631,8998,8633
2016,2,RPR,99604,50793,48811
2016,2,SHL,675,326,349
2016,2,STV,11182,5548,5634
2016,2,SXR,167174,81470,85704
2016,2,TCR,7765,3769,3996
2016,2,TIR,33268,16515,16753
2016,2,TRV,105646,55425,50221
2016,2,TRZ,12822,6470,6352
2016,2,UDR,84968,42901,42067
2016,2,VGA,39801,20076,19725
2016,2,VNS,136974,67144,69830
2016,2,VTZ,161545,82124,79421
2016,3,AGR,1382,269,1113
2016,3,AGX,1814,928,886
2016,3,AJL,13090,6539,6551
2016,3,AMD,502893,258672,244221
2016,3,ATQ,94142,47485,46657
2016,3,BBI,175873,86949,88924
2016,3,BDQ,80586,42234,38352
2016,3,BHJ,12105,6243,5862
2016,3,BHO,51782,26540,25242
2016,3,BHU,2461,1210,1251
2016,3,BLR,1380333,693323,687010
2016,3,BOM,2613920,1295728,1318192
2016,3,CCJ,31478,15773,15705
2016,3,CCU,1004200,489368,514832
2016,3,CJB,135720,68631,67089
2016,3,COK,280739,136994,143745
2016,3,DED,61628,30972,30656
2016,3,DEL,3274512,1633597,1640915
2016,3,DGH,1411,748,663
2016,3,DHM,8360,3896,4464
2016,3,DIB,26674,13220,13454
2016,3,DIU,2717,1250,1467
2016,3,DMU,9530,4798,4732
2016,3,GAU,270479,131416,139063
2016,3,GAY,6901,3413,3488
2016,3,GOI,449877,235634,214243
2016,3,GOP,5105,2080,3025
2016,3,GWL,1204,591,613
2016,3,HBX,3255,1667,1588
2016,3,HJR,8780,5429,3351
2016,3,HYD,867021,432483,434538
2016,3,IDR,138973,71001,67972
2016,3,IMF,79673,43197,36476
2016,3,IXA,81573,42783,38790
2016,3,IXB,108934,54337,54597
2016,3,IXC,159138,82345,76793
2016,3,IXD,3516,1732,1784
2016,3,IXE,77597,38967,38630
2016,3,IXG,8913,4432,4481
2016,3,IXI,738,397,341
2016,3,IXJ,101945,49802,52143
2016,3,IXL,23431,8796,14635
2016,3,IXM,60225,29908,30317
2016,3,IXR,66925,34033,32892
2016,3,IXS,16301,8245,8056
2016,3,IXU,25141,13003,12138
2016,3,IXZ,84896,43801,41095
2016,3,JAI,244888,118904,125984
2016,3,JDH,24972,12270,12702
2016,3,JGA,6698,3248,3450
2016,3,JLR,10949,5463,5486
2016,3,JRH,4342,2111,2231
2016,3,KUU,1704,707,997
2016,3,LKO,238786,115834,122952
2016,3,MAA,978593,493018,485575
2016,3,NAG,134060,67934,66126
2016,3,PAT,153546,72483,81063
2016,3,PBD,1317,750,567
2016,3,PGH,1010,522,488
2016,3,PNQ,486621,251909,234712
2016,3,RAJ,30942,16169,14773
2016,3,RJA,19448,9985,9463
2016,3,RPR,101443,51278,50165
2016,3,SHL,1105,569,536
2016,3,STV,12467,6168,6299
2016,3,SXR,191332,92806,98526
2016,3,TCR,8264,3970,4294
2016,3,TEZ,172,74,98
2016,3,TIR,36778,18392,18386
2016,3,TRV,113244,59468,53776
2016,3,TRZ,11915,5963,5952
2016,3,UDR,85074,43282,41792
2016,3,VGA,39196,20169,19027
2016,3,VNS,150999,74012,76987
2016,3,VTZ,163048,83085,79963
2016,4,AGR,773,189,584
2016,4,AGX,1623,1623,0
2016,4,AJL,12879,5998,6881
2016,4,AMD,476938,243777,233161
2016,4,ATQ,87072,47529,39543
2016,4,BBI,156855,76922,79933
2016,4,BDQ,87484,45993,41491
2016,4,BHJ,14832,7670,7162
2016,4,BHO,59164,30359,28805
2016,4,BHU,520,257,263
2016,4,BLR,1482062,759580,722482
2016,4,BOM,2619649,1329519,1290130
2016,4,CCJ,35790,17949,17841
2016,4,CCU,946386,448031,498355
2016,4,CDP,1675,802,873
2016,4,CJB,143103,72683,70420
2016,4,COK,299392,147364,152028
2016,4,DED,68925,34023,34902
2016,4,DEL,3304222,1625883,1678339
2016,4,DGH,1552,768,784
2016,4,DHM,10310,4912,5398
2016,4,DIB,24136,12313,11823
2016,4,DIU,1618,838,780
2016,4,DMU,9405,4600,4805
2016,4,GAU,272161,130603,141558
2016,4,GAY,6319,2709,3610
2016,4,GOI,424299,217283,207016
2016,4,GOP,3119,1423,1696
2016,4,GWL,1400,644,756
2016,4,HBX,4610,2285,2325
2016,4,HJR,4999,3322,1677
2016,4,HYD,895727,453218,442509
2016,4,IDR,136846,68805,68041
2016,4,IMF,63507,33644,29863
2016,4,IXA,81956,42318,39638
2016,4,IXB,109820,54581,55239
2016,4,IXC,121273,59728,61545
2016,4,IXD,3337,1606,1731
2016,4,IXE,84507,40201,44306
2016,4,IXG,8602,4296,4306
2016,4,IXI,716,716,0
2016,4,IXJ,95756,46543,49213
2016,4,IXL,40973,18080,22893
2016,4,IXM,60703,30299,30404
2016,4,IXR,72469,36791,35678
2016,4,IXS,12718,5932,6786
2016,4,IXU,23729,12570,11159
2016,4,IXZ,84804,45850,38954
2016,4,JAI,247372,119825,127547
2016,4,JDH,23858,11513,12345
2016,4,JGA,8282,4022,4260
2016,4,JLR,11527,5747,5780
2016,4,JRH,4020,1976,2044
2016,4,KUU,2409,1016,1393
2016,4,LKO,236022,112262,123760
2016,4,MAA,984198,501463,482735
2016,4,NAG,133435,67935,65500
2016,4,PAT,161099,75696,85403
2016,4,PGH,964,430,534
2016,4,PNQ,491122,253475,237647
2016,4,RAJ,28565,13801,14764
2016,4,RJA,21874,10930,10944
2016,4,RPR,104778,52601,52177
2016,4,SHL,955,465,490
2016,4,STV,12862,6581,6281
2016,4,SXR,234513,115773,118740
2016,4,TCR,8565,4172,4393
2016,4,TEZ,489,489,0
2016,4,TIR,38214,18948,19266
2016,4,TRV,124002,62334,61668
2016,4,TRZ,12444,6303,6141
2016,4,UDR,79340,39660,39680
2016,4,VGA,45115,21643,23472
2016,4,VNS,142371,66135,76236
2016,4,VTZ,174770,88716,86054
2016,5,AGR,115,7,108
2016,5,AGX,1426,1426,0
2016,5,AJL,13693,6577,7116
2016,5,AMD,506561,260420,246141
2016,5,ATQ,79619,42558,37061
2016,5,BBI,169038,86508,82530
2016,5,BDQ,105564,55697,49867
2016,5,BHJ,15889,8535,7354
2016,5,BHO,69363,37126,32237
2016,5,BHU,1652,851,801
2016,5,BLR,1626651,777453,849198
2016,5,BOM,2844457,1414523,1429934
2016,5,CCJ,37716,17898,19818
2016,5,CCU,1028369,516925,511444
2016,5,CDP,2153,1077,1076
2016,5,CJB,162685,79063,83622
2016,5,COK,335295,156977,178318
2016,5,DED,73712,36894,36818
2016,5,DEL,3581194,1823729,1757465
2016,5,DGH,1344,706,638
2016,5,DHM,12865,5754,7111
2016,5,DIB,24771,11991,12780
2016,5,DIU,1634,841,793
2016,5,DMU,10799,5029,5770
2016,5,GAU,290355,140212,150143
2016,5,GAY,5297,2277,3020
2016,5,GOI,465027,238561,226466
2016,5,GOP,2732,1324,1408
2016,5,GWL,1215,609,606
2016,5,HBX,4038,2009,2029
2016,5,HJR,1327,798,529
2016,5,HYD,965381,476817,488564
2016,5,IDR,158841,82030,76811
2016,5,IMF,77468,38733,38735
2016,5,IXA,92317,46493,45824
2016,5,IXB,135227,66657,68570
2016,5,IXC,155848,78320,77528
2016,5,IXD,3132,1614,1518
2016,5,IXE,89152,44502,44650
2016,5,IXG,9063,4534,4529
2016,5,IXI,826,826,0
2016,5,IXJ,94734,45538,49196
2016,5,IXL,59629,29197,30432
2016,5,IXM,62820,30894,31926
2016,5,IXR,80500,41434,39066
2016,5,IXS,13887,6269,7618
2016,5,IXU,25230,13039,12191
2016,5,IXZ,94549,49688,44861
2016,5,JAI,267736,138829,128907
2016,5,JDH,23802,12453,11349
2016,5,JGA,8696,4394,4302
2016,5,JLR,12269,5716,6553
2016,5,JRH,4455,2064,2391
2016,5,KUU,2284,927,1357
2016,5,LKO,247624,126166,121458
2016,5,MAA,1093586,537986,555600
2016,5,NAG,143654,73444,70210
2016,5,PAT,156873,76602,80271
2016,5,PGH,811,350,461
2016,5,PNQ,558605,286452,272153
2016,5,RAJ,32221,15868,16353
2016,5,RJA,20416,10429,9987
2016,5,RPR,116862,59741,57121
2016,5,SHL,1270,558,712
2016,5,STV,14059,7075,6984
2016,5,SXR,281932,137771,144161
2016,5,TCR,8669,4249,4420
2016,5,TEZ,668,668,0
2016,5,TIR,46488,22514,23974
2016,5,TRV,139697,68748,70949
2016,5,TRZ,15517,7830,7687
2016,5,UDR,84411,43448,40963
2016,5,VGA,55716,27247,28469
2016,5,VNS,135750,69801,65949
2016,5,VTZ,177531,91111,86420
2016,6,AGX,1119,1119,0
2016,6,AJL,14168,7214,6954
2016,6,AMD,458225,220520,237705
2016,6,ATQ,79000,40963,38037
2016,6,BBI,155790,76092,79698
2016,6,BDQ,87564,43748,43816
2016,6,BHJ,12049,6160,5889
2016,6,BHO,59118,29980,29138
2016,6,BLR,1455804,731883,723921
2016,6,BOM,2521525,1231894,1289631
2016,6,CCJ,32163,14932,17231
2016,6,CCU,975073,476317,498756
2016,6,CDP,1501,774,727
2016,6,CJB,152656,77644,75012
2016,6,COK,292286,148050,144236
2016,6,DED,68323,35004,33319
2016,6,DEL,3397106,1769439,1627667
2016,6,DGH,729,323,406
2016,6,DHM,11561,5270,6291
2016,6,DIB,24394,12389,12005
2016,6,DIU,1286,678,608
2016,6,DMU,11500,6035,5465
2016,6,GAU,284645,143438,141207
2016,6,GAY,5030,1947,3083
2016,6,GOI,433565,223839,209726
2016,6,GOP,2755,1227,1528
2016,6,GWL,1196,587,609
2016,6,HBX,2735,1332,1403
2016,6,HJR,1223,793,430
2016,6,HYD,889755,425018,464737
2016,6,IDR,125862,62947,62915
2016,6,IMF,67045,35186,31859
2016,6,IXA,88126,43992,44134
2016,6,IXB,130470,66922,63548
2016,6,IXC,150903,77622,73281
2016,6,IXD,3091,1474,1617
2016,6,IXE,78711,37751,40960
2016,6,IXG,8642,4340,4302
2016,6,IXI,744,744,0
2016,6,IXJ,88085,42349,45736
2016,6,IXL,62201,32451,29750
2016,6,IXM,59239,29455,29784
2016,6,IXR,77962,38330,39632
2016,6,IXS,12840,5820,7020
2016,6,IXU,24809,12588,12221
2016,6,IXZ,80689,38706,41983
2016,6,JAI,240154,120957,119197
2016,6,JDH,23083,11185,11898
2016,6,JGA,7498,3659,3839
2016,6,JLR,13258,5372,7886
2016,6,JRH,4074,2127,1947
2016,6,KUU,2217,908,1309
2016,6,LKO,242583,119669,122914
2016,6,MAA,995704,494871,500833
2016,6,NAG,135241,66568,68673
2016,6,PAT,152884,73640,79244
2016,6,PGH,447,215,232
2016,6,PNQ,501048,244619,256429
2016,6,RAJ,28099,12690,15409
2016,6,RJA,18141,8981,9160
2016,6,RPR,111203,54897,56306
2016,6,SHL,1249,613,636
2016,6,STV,12324,5716,6608
2016,6,SXR,271012,136354,134658
2016,6,TCR,8382,4052,4330
2016,6,TEZ,711,711,0
2016,6,TIR,46395,22967,23428
2016,6,TRV,118111,61012,57099
2016,6,TRZ,15991,8055,7936
2016,6,UDR,76782,37309,39473
2016,6,VGA,50821,23658,27163
2016,6,VNS,126296,63223,63073
2016,6,VTZ,170611,84477,86134
2016,7,AGX,1052,1052,0
2016,7,AJL,14367,7647,6720
2016,7,AMD,492683,247411,245272
2016,7,ATQ,81748,39354,42394
2016,7,BBI,158955,80062,78893
2016,7,BDQ,91958,47272,44686
2016,7,BHJ,14031,7017,7014
2016,7,BHO,60494,31198,29296
2016,7,BLR,1614434,804431,810003
2016,7,BOM,2751752,1390912,1360840
2016,7,CCJ,35492,16221,19271
2016,7,CCU,1051286,522200,529086
2016,7,CDP,1155,593,562
2016,7,CJB,166919,82566,84353
2016,7,COK,329051,158516,170535
2016,7,DED,64207,31129,33078
2016,7,DEL,3523316,1766225,1757091
2016,7,DHM,9961,4570,5391
2016,7,DIB,26526,13579,12947
2016,7,DIU,1117,549,568
2016,7,DMU,12053,6441,5612
2016,7,GAU,316876,157189,159687
2016,7,GAY,6015,2771,3244
2016,7,GOI,460222,230825,229397
2016,7,GOP,2796,1372,1424
2016,7,GWL,1499,750,749
2016,7,HBX,2901,1490,1411
2016,7,HJR,2067,1258,809
2016,7,HYD,1003815,490435,513380
2016,7,IDR,132750,67716,65034
2016,7,IMF,65888,35849,30039
2016,7,IXA,91158,46921,44237
2016,7,IXB,108503,56195,52308
2016,7,IXC,145815,71507,74308
2016,7,IXD,3505,1658,1847
2016,7,IXE,89088,41890,47198
2016,7,IXG,8797,4411,4386
2016,7,IXI,842,842,0
2016,7,IXJ,90024,42363,47661
2016,7,IXL,58250,29941,28309
2016,7,IXM,59154,29138,30016
2016,7,IXR,87738,44711,43027
2016,7,IXS,13714,6020,7694
2016,7,IXU,27259,13940,13319
2016,7,IXZ,65441,31203,34238
2016,7,JAI,279585,138548,141037
2016,7,JDH,25249,12431,12818
2016,7,JGA,8329,4088,4241
2016,7,JLR,13290,5542,7748
2016,7,JRH,4167,2049,2118
2016,7,KUU,1988,800,1188
2016,7,LKO,263002,129831,133171
2016,7,MAA,1117663,552849,564814
2016,7,NAG,139844,71441,68403
2016,7,PAT,164683,82970,81713
2016,7,PGH,757,357,400
2016,7,PNQ,540612,273405,267207
2016,7,RAJ,32929,15236,17693
2016,7,RJA,16000,8048,7952
2016,7,RPR,110457,56092,54365
2016,7,SHL,897,475,422
2016,7,STV,13092,6523,6569
2016,7,SXR,214016,119777,94239
2016,7,TCR,8374,4062,4312
2016,7,TEZ,788,788,0
2016,7,TIR,46913,23077,23836
2016,7,TRV,133711,66193,67518
2016,7,TRZ,16379,8270,8109
2016,7,UDR,79750,38895,40855
2016,7,VGA,53585,25813,27772
2016,7,VNS,137454,67892,69562
2016,7,VTZ,180706,90655,90051
2016,8,AGX,876,411,465
2016,8,AJL,14041,7443,6598
2016,8,AMD,502686,252103,250583
2016,8,ATQ,83391,39166,44225
2016,8,BBI,151373,76990,74383
2016,8,BDQ,92701,47799,44902
2016,8,BHJ,14711,7617,7094
2016,8,BHO,59140,30826,28314
2016,8,BHU,1533,767,766
2016,8,BLR,1581963,791156,790807
2016,8,BOM,2750950,1355111,1395839
2016,8,CCJ,36571,18830,17741
2016,8,CCU,1015888,498428,517460
2016,8,CDP,447,220,227
2016,8,CJB,170554,87316,83238
2016,8,COK,343633,173798,169835
2016,8,DED,63755,32142,31613
2016,8,DEL,3406231,1691517,1714714
2016,8,DHM,9248,4262,4986
2016,8,DIB,23345,11590,11755
2016,8,DIU,1150,612,538
2016,8,DMU,10225,5270,4955
2016,8,GAU,283598,140755,142843
2016,8,GAY,5398,2539,2859
2016,8,GOI,462606,232914,229692
2016,8,GOP,2913,1406,1507
2016,8,GWL,1141,557,584
2016,8,HBX,1018,532,486
2016,8,HJR,2968,1587,1381
2016,8,HYD,1037957,518260,519697
2016,8,IDR,134102,69094,65008
2016,8,IMF,62342,33694,28648
2016,8,IXA,90212,47085,43127
2016,8,IXB,100237,51624,48613
2016,8,IXC,139817,68974,70843
2016,8,IXD,3996,2014,1982
2016,8,IXE,82952,41417,41535
2016,8,IXG,9102,4563,4539
2016,8,IXI,377,215,162
2016,8,IXJ,93915,44766,49149
2016,8,IXL,56237,29798,26439
2016,8,IXM,57030,28519,28511
2016,8,IXR,82596,41991,40605
2016,8,IXS,12325,6223,6102
2016,8,IXU,27106,14075,13031
2016,8,IXZ,71928,35776,36152
2016,8,JAI,276199,137459,138740
2016,8,JDH,23372,11557,11815
2016,8,JGA,8184,3990,4194
2016,8,JLR,14272,7320,6952
2016,8,JRH,3749,1859,1890
2016,8,KUU,1715,772,943
2016,8,LKO,263134,129372,133762
2016,8,MAA,1107137,560537,546600
2016,8,NAG,139220,70912,68308
2016,8,PAT,157363,78263,79100
2016,8,PGH,1079,541,538
2016,8,PNQ,533102,269750,263352
2016,8,RAJ,35019,16976,18043
2016,8,RJA,19560,9959,9601
2016,8,RPR,106479,54147,52332
2016,8,SHL,811,374,437
2016,8,STV,12606,6176,6430
2016,8,SXR,156748,92200,64548
2016,8,TCR,8843,4358,4485
2016,8,TEZ,365,181,184
2016,8,TIR,46453,22873,23580
2016,8,TRV,134146,69381,64765
2016,8,TRZ,15991,8351,7640
2016,8,UDR,78789,39419,39370
2016,8,VGA,62273,32043,30230
2016,8,VNS,135656,67928,67728
2016,8,VTZ,200486,101068,99418
2016,9,AGX,1134,448,686
2016,9,AJL,13381,6934,6447
2016,9,AMD,478121,239209,238912
2016,9,ATQ,86301,41141,45160
2016,9,BBI,155323,77374,77949
2016,9,BDQ,85780,44575,41205
2016,9,BHJ,14828,7475,7353
2016,9,BHO,57391,29407,27984
2016,9,BHU,1420,715,705
2016,9,BLR,1514137,775899,738238
2016,9,BOM,2680539,1325417,1355122
2016,9,CCJ,37088,19372,17716
2016,9,CCU,1051180,503234,547946
2016,9,CDP,344,171,173
2016,9,CJB,163668,83336,80332
2016,9,COK,339641,173025,166616
2016,9,DED,66514,32472,34042
2016,9,DEL,3402535,1693155,1709380
2016,9,DHM,9913,4630,5283
2016,9,DIB,20675,9939,10736
2016,9,DIU,1151,534,617
2016,9,DMU,9686,4829,4857
2016,9,GAU,312249,150301,161948
2016,9,GAY,6463,2977,3486
2016,9,GOI,471307,235682,235625
2016,9,GOP,2791,1313,1478
2016,9,GWL,1053,524,529
2016,9,HBX,1154,589,565
2016,9,HJR,2349,1299,1050
2016,9,HYD,961992,487399,474593
2016,9,IDR,122430,62225,60205
2016,9,IMF,63391,33298,30093
2016,9,IXA,93139,46274,46865
2016,9,IXB,107879,53278,54601
2016,9,IXC,136336,67476,68860
2016,9,IXD,3797,1844,1953
2016,9,IXE,76131,38859,37272
2016,9,IXG,8933,4463,4470
2016,9,IXI,379,191,188
2016,9,IXJ,100153,49325,50828
2016,9,IXL,52227,28631,23596
2016,9,IXM,56326,28187,28139
2016,9,IXR,81915,40764,41151
2016,9,IXS,12136,5952,6184
2016,9,IXU,26199,13755,12444
2016,9,IXZ,73247,36828,36419
2016,9,JAI,260907,128679,132228
2016,9,JDH,23972,11821,12151
2016,9,JGA,7155,3639,3516
2016,9,JLR,14119,7087,7032
2016,9,JRH,3717,1807,1910
2016,9,KUU,2137,885,1252
2016,9,LKO,262148,126154,135994
2016,9,MAA,1090631,561515,529116
2016,9,NAG,131537,67322,64215
2016,9,PAT,155716,74627,81089
2016,9,PGH,1129,549,580
2016,9,PNQ,514601,260697,253904
2016,9,RAJ,33927,16298,17629
2016,9,RJA,17047,8803,8244
2016,9,RPR,101555,51560,49995
2016,9,SHL,1219,567,652
2016,9,STV,12208,6050,6158
2016,9,SXR,144695,75014,69681
2016,9,TCR,8792,4347,4445
2016,9,TEZ,262,120,142
2016,9,TIR,43421,21427,21994
2016,9,TRV,136004,70773,65231
2016,9,TRZ,15931,8618,7313
2016,9,UDR,82936,41561,41375
2016,9,VGA,55824,28995,26829
2016,9,VNS,131586,63900,67686
2016,9,VTZ,179388,91105,88283
2016,10,AGR,1243,254,989
2016,10,AGX,1473,1473,0
2016,10,AJL,18656,10009,8647
2016,10,AMD,492605,255682,236923
2016,10,ATQ,92274,40099,52175
2016,10,BBI,194217,92640,101577
2016,10,BDQ,86434,46202,40232
2016,10,BHJ,14643,7290,7353
2016,10,BHO,54563,27390,27173
2016,10,BHU,1455,702,753
2016,10,BLR,1697087,883258,813829
2016,10,BOM,2611929,1369492,1242437
2016,10,CCJ,32887,16528,16359
2016,10,CCU,1224284,582281,642003
2016,10,CDP,241,141,100
2016,10,CJB,159368,78575,80793
2016,10,COK,346066,168602,177464
2016,10,DED,79253,39023,40230
2016,10,DEL,3519356,1740835,1778521
2016,10,DHM,8084,3856,4228
2016,10,DIB,24938,12211,12727
2016,10,DIU,1297,618,679
2016,10,DMU,11834,5881,5953
2016,10,GAU,343636,168992,174644
2016,10,GAY,7385,3306,4079
2016,10,GOI,481754,242162,239592
2016,10,GOP,10576,5001,5575
2016,10,GWL,1377,631,746
2016,10,HBX,1304,672,632
2016,10,HJR,6701,4143,2558
2016,10,HYD,1058678,525518,533160
2016,10,IDR,127538,62176,65362
2016,10,IMF,73340,35773,37567
2016,10,IXA,97641,50745,46896
2016,10,IXB,128791,62126,66665
2016,10,IXC,151347,70331,81016
2016,10,IXD,4426,1967,2459
2016,10,IXE,76535,36856,39679
2016,10,IXG,8745,4133,4612
2016,10,IXI,904,904,0
2016,10,IXJ,103581,46903,56678
2016,10,IXL,34472,22274,12198
2016,10,IXM,56364,27108,29256
2016,10,IXR,98356,46483,51873
2016,10,IXS,19466,9057,10409
2016,10,IXU,25059,12748,12311
2016,10,IXZ,108459,52922,55537
2016,10,JAI,275596,130597,144999
2016,10,JDH,22830,10904,11926
2016,10,JGA,6409,3231,3178
2016,10,JLR,14960,5969,8991
2016,10,JRH,3920,1967,1953
2016,10,KUU,2319,1047,1272
2016,10,LKO,279716,124406,155310
2016,10,MAA,1096971,544616,552355
2016,10,NAG,146431,71731,74700
2016,10,PAT,180659,79579,101080
2016,10,PGH,1153,556,597
2016,10,PNQ,518426,276828,241598
2016,10,RAJ,33546,16034,17512
2016,10,RJA,23381,11563,11818
2016,10,RPR,111654,53137,58517
2016,10,SHL,1377,691,686
2016,10,STV,13201,6781,6420
2016,10,SXR,139929,78873,61056
2016,10,TCR,8816,4376,4440
2016,10,TEZ,657,657,0
2016,10,TIR,40545,20004,20541
2016,10,TRV,132074,67297,64777
2016,10,TRZ,14604,7634,6970
2016,10,UDR,90577,44362,46215
2016,10,VGA,61007,28706,32301
2016,10,VNS,155115,71423,83692
2016,10,VTZ,199801,99206,100595
2016,11,AGR,1361,313,1048
2016,11,AGX,1605,777,828
2016,11,AJL,21578,10989,10589
2016,11,AMD,572044,275609,296435
2016,11,ATQ,89761,44972,44789
2016,11,BBI,196111,98948,97163
2016,11,BDQ,87623,43086,44537
2016,11,BHJ,15575,7856,7719
2016,11,BHO,49377,25892,23485
2016,11,BHU,1897,959,938
2016,11,BLR,1723443,839218,884225
2016,11,BOM,2660789,1287373,1373416
2016,11,CCJ,31646,16323,15323
2016,11,CCU,1205714,599013,606701
2016,11,CDP,275,143,132
2016,11,CJB,162818,83837,78981
2016,11,COK,368351,185159,183192
2016,11,DED,79731,41225,38506
2016,11,DEL,3673888,1877295,1796593
2016,11,DHM,7676,3779,3897
2016,11,DIB,26060,13047,13013
2016,11,DIU,942,479,463
2016,11,DMU,12574,6145,6429
2016,11,GAU,343128,169348,173780
2016,11,GAY,1904,893,1011
2016,11,GOI,526505,262524,263981
2016,11,GOP,9289,4596,4693
2016,11,GWL,1497,746,751
2016,11,HBX,1473,757,716
2016,11,HJR,8345,5040,3305
2016,11,HYD,1095496,542349,553147
2016,11,IDR,145590,75521,70069
2016,11,IMF,68976,37315,31661
2016,11,IXA,97534,51052,46482
2016,11,IXB,132308,69488,62820
2016,11,IXC,162775,83405,79370
2016,11,IXD,5117,2525,2592
2016,11,IXE,72445,36921,35524
2016,11,IXG,7173,3551,3622
2016,11,IXI,649,419,230
2016,11,IXJ,103980,49320,54660
2016,11,IXL,19586,12538,7048
2016,11,IXM,57216,28655,28561
2016,11,IXR,107002,55654,51348
2016,11,IXS,20713,10490,10223
2016,11,IXU,23714,12417,11297
2016,11,IXZ,116866,58140,58726
2016,11,JAI,299874,150755,149119
2016,11,JDH,32147,16439,15708
2016,11,JGA,4637,2143,2494
2016,11,JLR,14309,6782,7527
2016,11,JRH,5142,2503,2639
2016,11,KUU,1926,912,1014
2016,11,LKO,310630,155993,154637
2016,11,MAA,1109230,565614,543616
2016,11,NAG,172792,90240,82552
2016,11,PAT,214257,107620,106637
2016,11,PGH,1474,756,718
2016,11,PNQ,562651,276010,286641
2016,11,RAJ,31288,14833,16455
2016,11,RJA,22497,11479,11018
2016,11,RPR,119245,61279,57966
2016,11,SHL,1165,555,610
2016,11,STV,13314,6337,6977
2016,11,SXR,97536,52286,45250
2016,11,TCR,8560,4263,4297
2016,11,TEZ,268,259,9
2016,11,TIR,45721,22706,23015
2016,11,TRV,138882,73121,65761
2016,11,TRZ,13867,7647,6220
2016,11,UDR,98456,49372,49084
2016,11,VGA,62102,31637,30465
2016,11,VNS,181333,91057,90276
2016,11,VTZ,199569,102797,96772
2016,12,AGR,1205,275,930
2016,12,AGX,2148,1020,1128
2016,12,AJL,23519,11048,12471
2016,12,AMD,592658,292647,300011
2016,12,ATQ,86816,42420,44396
2016,12,BBI,251279,124625,126654
2016,12,BDQ,95425,47462,47963
2016,12,BHJ,18115,8855,9260
2016,12,BHO,51658,26223,25435
2016,12,BHU,1717,872,845
2016,12,BLR,1816957,905756,911201
2016,12,BOM,2945909,1460922,1484987
2016,12,BUP,611,290,321
2016,12,CCJ,37165,17594,19571
2016,12,CCU,1363179,666745,696434
2016,12,CDP,75,52,23
2016,12,CJB,175463,85944,89519
2016,12,COK,400012,193932,206080
2016,12,DED,73033,38274,34759
2016,12,DEL,3788440,1967074,1821366
2016,12,DHM,7808,3891,3917
2016,12,DIB,28237,13985,14252
2016,12,DIU,1957,947,1010
2016,12,DMU,16041,7684,8357
2016,12,GAU,399192,194242,204950
2016,12,GAY,7631,3870,3761
2016,12,GOI,573864,278007,295857
2016,12,GWL,1094,563,531
2016,12,HBX,1821,941,880
2016,12,HJR,5980,3194,2786
2016,12,HYD,1167497,570224,597273
2016,12,IDR,178959,90425,88534
2016,12,IMF,76073,36433,39640
2016,12,IXA,113176,57924,55252
2016,12,IXB,150088,74754,75334
2016,12,IXC,137275,69735,67540
2016,12,IXD,3213,1614,1599
2016,12,IXE,84550,41304,43246
2016,12,IXG,8895,4405,4490
2016,12,IXI,531,283,248
2016,12,IXJ,103549,49113,54436
2016,12,IXL,20846,14117,6729
2016,12,IXM,59726,28694,31032
2016,12,IXR,116143,58401,57742
2016,12,IXS,22857,11637,11220
2016,12,IXU,28699,14549,14150
2016,12,IXZ,122614,59506,63108
2016,12,JAI,302882,152923,149959
2016,12,JDH,35404,17551,17853
2016,12,JGA,6200,3018,3182
2016,12,JLR,16153,8077,8076
2016,12,JRH,6389,3123,3266
2016,12,KNU,1197,583,614
2016,12,KUU,538,211,327
2016,12,LKO,301641,152962,148679
2016,12,MAA,1146031,569956,576075
2016,12,NAG,183413,92258,91155
2016,12,PAT,189125,94652,94473
2016,12,PGH,784,361,423
2016,12,PNQ,577346,287398,289948
2016,12,RAJ,37009,18296,18713
2016,12,RJA,20474,10094,10380
2016,12,RPR,136101,68373,67728
2016,12,SHL,1297,607,690
2016,12,STV,17954,8487,9467
2016,12,SXR,122380,63530,58850
2016,12,TCR,8318,4070,4248
2016,12,TEZ,85,52,33
2016,12,TIR,43638,21405,22233
2016,12,TRV,155313,77381,77932
2016,12,TRZ,13815,7417,6398
2016,12,UDR,112696,56412,56284
2016,12,VGA,58906,29042,29864
2016,12,VNS,156657,79456,77201
2016,12,VTZ,217040,106076,110964
2017,1,AGR,1547,444,1103
2017,1,AGX,2222,1138,1084
2017,1,AJL,21741,12574,9167
2017,1,AMD,590308,296087,294221
2017,1,ATQ,91677,43608,48069
2017,1,BBI,253848,127598,126250
2017,1,BDQ,98174,50203,47971
2017,1,BHJ,18342,9430,8912
2017,1,BHO,50265,25476,24789
2017,1,BHU,1804,893,911
2017,1,BLR,1803900,896792,907108
2017,1,BOM,2942370,1474546,1467824
2017,1,BUP,934,406,528
2017,1,CCJ,38393,19724,18669
2017,1,CCU,1361048,673074,687974
2017,1,CJB,191629,97278,94351
2017,1,COK,401782,204635,197147
2017,1,DED,70097,34787,35310
2017,1,DEL,3784859,1866845,1918014
2017,1,DHM,7017,3430,3587
2017,1,DIB,27865,14014,13851
2017,1,DIU,1832,901,931
2017,1,DMU,14791,8146,6645
2017,1,GAU,398055,196855,201200
2017,1,GAY,7973,4131,3842
2017,1,GOI,610992,314984,296008
2017,1,GWL,1328,642,686
2017,1,HBX,1967,1015,952
2017,1,HJR,8114,4456,3658
2017,1,HYD,1174546,588056,586490
2017,1,IDR,173693,89098,84595
2017,1,IMF,76108,41386,34722
2017,1,IXA,108003,52503,55500
2017,1,IXB,145667,75397,70270
2017,1,IXC,132225,65255,66970
2017,1,IXD,3573,1736,1837
2017,1,IXE,91880,46098,45782
2017,1,IXG,8988,4520,4468
2017,1,IXI,484,282,202
2017,1,IXJ,92926,44100,48826
2017,1,IXL,20737,12386,8351
2017,1,IXM,61784,31249,30535
2017,1,IXR,107919,55279,52640
2017,1,IXS,22649,11046,11603
2017,1,IXU,28340,14682,13658
2017,1,IXZ,132655,67955,64700
2017,1,JAI,304737,152279,152458
2017,1,JDH,39263,20066,19197
2017,1,JGA,5829,2829,3000
2017,1,JLR,18782,9573,9209
2017,1,JRH,6353,3130,3223
2017,1,KNU,1041,474,567
2017,1,KUU,978,457,521
2017,1,LKO,304945,151344,153601
2017,1,MAA,1207158,596908,610250
2017,1,NAG,171743,88193,83550
2017,1,PAT,188139,92917,95222
2017,1,PGH,542,251,291
2017,1,PNQ,593018,301094,291924
2017,1,RAJ,37825,18604,19221
2017,1,RJA,23077,11675,11402
2017,1,RPR,129326,65337,63989
2017,1,SHL,1140,557,583
2017,1,STV,19320,9892,9428
2017,1,SXR,102620,53979,48641
2017,1,TCR,9109,4520,4589
2017,1,TEZ,41,25,16
2017,1,TIR,41674,20663,21011
2017,1,TRV,144062,76288,67774
2017,1,TRZ,13941,7252,6689
2017,1,UDR,109853,55534,54319
2017,1,VGA,53797,27564,26233
2017,1,VNS,168728,83537,85191
2017,1,VTZ,213132,108530,104602
2017,2,AGR,1565,481,1084
2017,2,AGX,1868,954,914
2017,2,AJL,19642,10170,9472
2017,2,AMD,538704,278235,260469
2017,2,ATQ,86188,42357,43831
2017,2,BBI,213144,106331,106813
2017,2,BDQ,86183,45297,40886
2017,2,BHJ,17119,8596,8523
2017,2,BHO,45434,23316,22118
2017,2,BHU,1582,811,771
2017,2,BLR,1496880,749833,747047
2017,2,BOM,2581027,1285631,1295396
2017,2,BUP,793,391,402
2017,2,CCJ,31632,15944,15688
2017,2,CCU,1183753,585613,598140
2017,2,CJB,165539,83965,81574
2017,2,COK,345854,174459,171395
2017,2,DED,72415,35208,37207
2017,2,DEL,3511039,1744378,1766661
2017,2,DHM,6962,3356,3606
2017,2,DIB,25095,12595,12500
2017,2,DIU,1732,882,850
2017,2,DMU,9776,4997,4779
2017,2,GAU,341807,166381,175426
2017,2,GAY,7190,3686,3504
2017,2,GOI,545549,276726,268823
2017,2,GOP,7253,3512,3741
2017,2,GWL,1394,681,713
2017,2,HBX,1792,922,870
2017,2,HJR,9047,4932,4115
2017,2,HYD,1110053,553518,556535
2017,2,IDR,157437,80817,76620
2017,2,IMF,66246,34472,31774
2017,2,IXA,90178,47001,43177
2017,2,IXB,141344,70259,71085
2017,2,IXC,161452,79349,82103
2017,2,IXD,3301,1627,1674
2017,2,IXE,77803,39321,38482
2017,2,IXG,8289,4156,4133
2017,2,IXI,644,468,176
2017,2,IXJ,100769,48275,52494
2017,2,IXL,28563,12159,16404
2017,2,IXM,58819,29427,29392
2017,2,IXR,98778,50284,48494
2017,2,IXS,20261,10248,10013
2017,2,IXU,26613,13657,12956
2017,2,IXZ,114800,57569,57231
2017,2,JAI,279633,139874,139759
2017,2,JDH,37853,18983,18870
2017,2,JGA,4720,2304,2416
2017,2,JLR,17703,8414,9289
2017,2,JRH,5700,2756,2944
2017,2,KNU,946,414,532
2017,2,KUU,1461,635,826
2017,2,LKO,287128,140205,146923
2017,2,MAA,1079420,544449,534971
2017,2,NAG,145941,74005,71936
2017,2,PAT,191468,92897,98571
2017,2,PGH,1235,582,653
2017,2,PNQ,538257,271138,267119
2017,2,RAJ,35209,17793,17416
2017,2,RJA,20484,10381,10103
2017,2,RPR,119002,59757,59245
2017,2,SHL,905,449,456
2017,2,STV,17471,8894,8577
2017,2,SXR,138800,71331,67469
2017,2,TCR,8732,4329,4403
2017,2,TEZ,330,304,26
2017,2,TIR,40808,20216,20592
2017,2,TRV,125193,65951,59242
2017,2,TRZ,11924,6437,5487
2017,2,UDR,91540,45811,45729
2017,2,VGA,51894,26651,25243
2017,2,VNS,168863,82818,86045
2017,2,VTZ,185502,94690,90812
2017,3,AGR,425,93,332
2017,3,AGX,1843,898,945
2017,3,AJL,21552,11128,10424
2017,3,AMD,552748,280938,271810
2017,3,ATQ,117262,59473,57789
2017,3,BBI,221019,109666,111353
2017,3,BDQ,82598,43495,39103
2017,3,BHJ,14635,7520,7115
2017,3,BHO,50430,25776,24654
2017,3,BHU,1485,762,723
2017,3,BLR,1445842,727258,718584
2017,3,BOM,2629794,1292901,1336893
2017,3,BUP,891,438,453
2017,3,CCJ,37743,19327,18416
2017,3,CCU,1268903,623059,645844
2017,3,CJB,163996,83609,80387
2017,3,COK,329880,166812,163068
2017,3,DED,92753,46888,45865
2017,3,DEL,3770108,1893622,1876486
2017,3,DGH,904,738,166
2017,3,DHM,8840,4224,4616
2017,3,DIB,26554,13179,13375
2017,3,DIU,1430,670,760
2017,3,DMU,12502,6349,6153
2017,3,GAU,374027,182966,191061
2017,3,GAY,4626,2547,2079
2017,3,GOI,568532,293581,274951
2017,3,GOP,11510,5689,5821
2017,3,GWL,1642,791,851
2017,3,HBX,1620,830,790
2017,3,HJR,6981,4304,2677
2017,3,HYD,1147980,569484,578496
2017,3,IDR,162046,83101,78945
2017,3,IMF,74257,38282,35975
2017,3,IXA,96079,49154,46925
2017,3,IXB,184942,92862,92080
2017,3,IXC,194416,97083,97333
2017,3,IXD,3701,1864,1837
2017,3,IXE,75791,38052,37739
2017,3,IXG,8594,4332,4262
2017,3,IXI,428,223,205
2017,3,IXJ,117854,57855,59999
2017,3,IXL,30904,10535,20369
2017,3,IXM,73142,36394,36748
2017,3,IXR,110166,55099,55067
2017,3,IXS,23275,11802,11473
2017,3,IXU,26832,13889,12943
2017,3,IXZ,119507,61946,57561
2017,3,JAI,288865,145042,143823
2017,3,JDH,35365,18025,17340
2017,3,JGA,4921,2351,2570
2017,3,JLR,19224,9605,9619
2017,3,JRH,5601,2691,2910
2017,3,KNU,870,414,456
2017,3,KUU,1922,718,1204
2017,3,LKO,294381,144793,149588
2017,3,MAA,1130004,567809,562195
2017,3,NAG,147561,74220,73341
2017,3,PAT,212206,104665,107541
2017,3,PGH,1436,746,690
2017,3,PNQ,563050,283357,279693
2017,3,RAJ,32559,16605,15954
2017,3,RJA,18321,9099,9222
2017,3,RPR,121745,61518,60227
2017,3,SHL,1133,493,640
2017,3,STV,21557,10725,10832
2017,3,SXR,182524,88032,94492
2017,3,TCR,11160,5433,5727
2017,3,TEZ,63,41,22
2017,3,TIR,40165,19980,20185
2017,3,TRV,119229,62682,56547
2017,3,TRZ,11879,6029,5850
2017,3,UDR,88610,46083,42527
2017,3,VGA,53217,27343,25874
2017,3,VNS,151005,74498,76507
2017,3,VTZ,183830,93211,90619
2017,4,AGX,2170,961,1209
2017,4,AJL,19327,9528,9799
2017,4,AMD,584287,292466,291821
2017,4,ATQ,117143,61238,55905
2017,4,BBI,229972,110937,119035
2017,4,BDQ,76833,40569,36264
2017,4,BHJ,10190,5115,5075
2017,4,BHO,49098,24855,24243
2017,4,BHU,1728,872,856
2017,4,BLR,1490488,769802,720686
2017,4,BOM,2618551,1340745,1277806
2017,4,BUP,828,397,431
2017,4,CCJ,45716,22926,22790
2017,4,CCU,1285926,613546,672380
2017,4,CDP,378,220,158
2017,4,CJB,171290,87109,84181
2017,4,COK,363667,178259,185408
2017,4,DED,88472,43924,44548
2017,4,DEL,3724088,1831571,1892517
2017,4,DGH,1490,774,716
2017,4,DHM,11458,5282,6176
2017,4,DIB,27508,13759,13749
2017,4,DIU,1462,718,744
2017,4,DMU,13926,6868,7058
2017,4,GAU,390675,189312,201363
2017,4,GAY,3686,2035,1651
2017,4,GOI,529162,270120,259042
2017,4,GOP,12159,5804,6355
2017,4,GWL,1480,692,788
2017,4,HBX,1372,722,650
2017,4,HJR,3180,2500,680
2017,4,HYD,1180275,597015,583260
2017,4,IDR,169587,86493,83094
2017,4,IMF,70669,36890,33779
2017,4,IXA,97825,51674,46151
2017,4,IXB,187020,91776,95244
2017,4,IXC,201316,98345,102971
2017,4,IXD,3514,1664,1850
2017,4,IXE,84764,41845,42919
2017,4,IXG,8390,4124,4266
2017,4,IXI,774,526,248
2017,4,IXJ,110294,54459,55835
2017,4,IXL,35739,15065,20674
2017,4,IXM,96453,47684,48769
2017,4,IXR,115205,57153,58052
2017,4,IXS,24077,12364,11713
2017,4,IXU,25791,13903,11888
2017,4,IXZ,116061,61615,54446
2017,4,JAI,302818,147812,155006
2017,4,JDH,32138,15517,16621
2017,4,JGA,5153,2468,2685
2017,4,JLR,18451,8845,9606
2017,4,JRH,6234,3024,3210
2017,4,KNU,720,350,370
2017,4,KUU,2090,778,1312
2017,4,LKO,289866,133933,155933
2017,4,MAA,1156118,590999,565119
2017,4,NAG,144205,73049,71156
2017,4,NDC,270,149,121
2017,4,PAT,219718,100977,118741
2017,4,PGH,1622,833,789
2017,4,PNQ,569514,294938,274576
2017,4,RAJ,27392,13401,13991
2017,4,RJA,18754,9451,9303
2017,4,RPR,100917,51004,49913
2017,4,SHL,1286,554,732
2017,4,SLV,153,49,104
2017,4,STV,35809,18207,17602
2017,4,SXR,209840,102762,107078
2017,4,TCR,8475,4004,4471
2017,4,TEZ,383,364,19
2017,4,TIR,41852,21094,20758
2017,4,TRV,142851,72084,70767
2017,4,TRZ,9351,4699,4652
2017,4,UDR,75570,36110,39460
2017,4,VGA,57048,28831,28217
2017,4,VNS,126419,61639,64780
2017,4,VTZ,190893,96541,94352
2017,5,AGX,2462,1050,1412
2017,5,AJL,22818,11176,11642
2017,5,AMD,664579,347748,316831
2017,5,ATQ,112123,59336,52787
2017,5,BBI,235623,119138,116485
2017,5,BDQ,92355,48880,43475
2017,5,BHJ,10092,5380,4712
2017,5,BHO,58878,29287,29591
2017,5,BHU,1887,960,927
2017,5,BLR,1829421,875834,953587
2017,5,BOM,2977747,1480434,1497313
2017,5,BUP,1232,608,624
2017,5,CCJ,46210,22354,23856
2017,5,CCU,1425727,710396,715331
2017,5,CDP,2854,1408,1446
2017,5,CJB,191304,94572,96732
2017,5,COK,407488,196104,211384
2017,5,DED,90751,45583,45168
2017,5,DEL,4118513,2115514,2002999
2017,5,DGH,1641,780,861
2017,5,DHM,13288,5946,7342
2017,5,DIB,27859,13316,14543
2017,5,DIU,1626,795,831
2017,5,DMU,15410,7178,8232
2017,5,GAU,403456,196259,207197
2017,5,GAY,3482,1680,1802
2017,5,GOI,561136,282151,278985
2017,5,GOP,13162,6434,6728
2017,5,GWL,1591,767,824
2017,5,HBX,2120,1096,1024
2017,5,HJR,1193,834,359
2017,5,HYD,1241565,610359,631206
2017,5,IDR,188836,99343,89493
2017,5,IMF,75526,36788,38738
2017,5,IXA,115011,57393,57618
2017,5,IXB,215165,106036,109129
2017,5,IXC,220564,111496,109068
2017,5,IXD,3906,1881,2025
2017,5,IXE,122651,61853,60798
2017,5,IXG,8584,4230,4354
2017,5,IXI,523,273,250
2017,5,IXJ,111737,54986,56751
2017,5,IXL,71491,34750,36741
2017,5,IXM,92253,45300,46953
2017,5,IXR,143959,74282,69677
2017,5,IXS,25204,12515,12689
2017,5,IXU,25829,13454,12375
2017,5,IXZ,129499,67892,61607
2017,5,JAI,302481,157817,144664
2017,5,JDH,33031,17228,15803
2017,5,JGA,6292,3056,3236
2017,5,JLR,18698,9223,9475
2017,5,JRH,5954,2823,3131
2017,5,KNU,1065,477,588
2017,5,KUU,2525,943,1582
2017,5,LKO,306240,149954,156286
2017,5,MAA,1250249,612013,638236
2017,5,NAG,173571,88422,85149
2017,5,NDC,2244,1201,1043
2017,5,PAT,247995,118555,129440
2017,5,PGH,1588,817,771
2017,5,PNQ,640568,323678,316890
2017,5,RAJ,27967,14085,13882
2017,5,RJA,21174,10973,10201
2017,5,RPR,114012,57345,56667
2017,5,SHL,1402,662,740
2017,5,SLV,990,299,691
2017,5,STV,39113,19015,20098
2017,5,SXR,241335,117719,123616
2017,5,TCR,8397,3977,4420
2017,5,TEZ,97,59,38
2017,5,TIR,41298,20287,21011
2017,5,TRV,165279,81764,83515
2017,5,TRZ,9546,4388,5158
2017,5,UDR,76031,39050,36981
2017,5,VGA,56452,28597,27855
2017,5,VNS,127438,63275,64163
2017,5,VTZ,226783,116542,110241
2017,6,AGR,274,41,233
2017,6,AGX,1302,478,824
2017,6,AJL,22933,12212,10721
2017,6,AMD,594982,288067,306915
2017,6,ATQ,112624,59401,53223
2017,6,BBI,225917,109023,116894
2017,6,BDQ,79526,38512,41014
2017,6,BHJ,12505,6233,6272
2017,6,BHO,55356,27267,28089
2017,6,BHU,1856,922,934
2017,6,BLR,1743383,876027,867356
2017,6,BOM,2727178,1345405,1381773
2017,6,BUP,1243,662,581
2017,6,CCJ,37010,17447,19563
2017,6,CCU,1316218,645605,670613
2017,6,CDP,2480,1204,1276
2017,6,CJB,173087,88087,85000
2017,6,COK,375742,189856,185886
2017,6,DED,90470,46439,44031
2017,6,DEL,3925713,2025507,1900206
2017,6,DGH,1417,670,747
2017,6,DHM,12510,5660,6850
2017,6,DIB,28055,14093,13962
2017,6,DIU,1309,617,692
2017,6,DMU,15598,8155,7443
2017,6,GAU,392863,197134,195729
2017,6,GAY,4207,2061,2146
2017,6,GOI,540073,275737,264336
2017,6,GOP,12449,6252,6197
2017,6,GWL,2361,1858,503
2017,6,HBX,2272,1153,1119
2017,6,HJR,1084,611,473
2017,6,HYD,1168248,560673,607575
2017,6,IDR,182217,90813,91404
2017,6,IMF,77067,40138,36929
2017,6,IXA,102355,51287,51068
2017,6,IXB,200597,105542,95055
2017,6,IXC,206386,105583,100803
2017,6,IXD,3458,1683,1775
2017,6,IXE,105585,52454,53131
2017,6,IXG,8206,4068,4138
2017,6,IXI,423,224,199
2017,6,IXJ,114908,57136,57772
2017,6,IXL,83936,43955,39981
2017,6,IXM,83794,41910,41884
2017,6,IXR,143310,70875,72435
2017,6,IXS,24086,12373,11713
2017,6,IXU,25145,12972,12173
2017,6,IXZ,108405,50539,57866
2017,6,JAI,292796,146143,146653
2017,6,JDH,32327,15617,16710
2017,6,JGA,5506,2587,2919
2017,6,JLR,18183,9187,8996
2017,6,JRH,5654,2915,2739
2017,6,KUU,2336,860,1476
2017,6,LKO,302312,149392,152920
2017,6,MAA,1126775,558658,568117
2017,6,NAG,165872,81944,83928
2017,6,NDC,1908,999,909
2017,6,PAT,233012,115660,117352
2017,6,PGH,1580,819,761
2017,6,PNQ,618710,304246,314464
2017,6,RAJ,26110,12270,13840
2017,6,RJA,19241,9644,9597
2017,6,RPR,106157,52347,53810
2017,6,SHL,1103,530,573
2017,6,SLV,801,250,551
2017,6,STV,50104,23828,26276
2017,6,SXR,218621,104273,114348
2017,6,TCR,8448,4057,4391
2017,6,TEZ,73,57,16
2017,6,TIR,41448,20706,20742
2017,6,TRV,153119,80571,72548
2017,6,TRZ,9860,4611,5249
2017,6,UDR,76799,36597,40202
2017,6,VGA,56790,28325,28465
2017,6,VNS,141734,73114,68620
2017,6,VTZ,204464,102155,102309
2017,7,AGR,580,78,502
2017,7,AGX,1194,590,604
2017,7,AJL,24029,13139,10890
2017,7,AMD,566991,283616,283375
2017,7,ATQ,117932,56662,61270
2017,7,BBI,204403,107151,97252
2017,7,BDQ,73319,38245,35074
2017,7,BHJ,13607,6840,6767
2017,7,BHO,54706,28452,26254
2017,7,BHU,2039,1021,1018
2017,7,BLR,1784448,881693,902755
2017,7,BOM,2763648,1383810,1379838
2017,7,BUP,1082,542,540
2017,7,CCJ,44338,20385,23953
2017,7,CCU,1267829,634075,633754
2017,7,CDP,2811,1410,1401
2017,7,CJB,166835,83528,83307
2017,7,COK,387765,190242,197523
2017,7,DED,89409,43960,45449
2017,7,DEL,3819337,1911479,1907858
2017,7,DGH,465,257,208
2017,7,DHM,12992,6062,6930
2017,7,DIB,28940,14775,14165
2017,7,DIU,1145,527,618
2017,7,DMU,16266,8434,7832
2017,7,GAU,407026,203742,203284
2017,7,GAY,4072,2088,1984
2017,7,GOI,532309,271453,260856
2017,7,GOP,12618,6419,6199
2017,7,GWL,2533,2040,493
2017,7,HBX,2532,1299,1233
2017,7,HJR,1973,1261,712
2017,7,HYD,1231235,595868,635367
2017,7,IDR,177460,91343,86117
2017,7,IMF,79355,43670,35685
2017,7,IXA,103816,54279,49537
2017,7,IXB,154202,81299,72903
2017,7,IXC,196251,96037,100214
2017,7,IXD,3946,1955,1991
2017,7,IXE,116226,55164,61062
2017,7,IXG,8851,4411,4440
2017,7,IXI,481,264,217
2017,7,IXJ,110738,53423,57315
2017,7,IXL,76690,40980,35710
2017,7,IXM,82756,41522,41234
2017,7,IXR,139554,72157,67397
2017,7,IXS,30114,15001,15113
2017,7,IXU,28230,14987,13243
2017,7,IXY,3102,1553,1549
2017,7,IXZ,75876,35011,40865
2017,7,JAI,320327,160234,160093
2017,7,JDH,34086,17112,16974
2017,7,JGA,5172,2438,2734
2017,7,JLR,19539,10243,9296
2017,7,JRH,5861,2824,3037
2017,7,KUU,2147,769,1378
2017,7,LKO,285200,143269,141931
2017,7,MAA,1164123,569915,594208
2017,7,NAG,152677,78233,74444
2017,7,NDC,1890,1020,870
2017,7,PAT,246557,129768,116789
2017,7,PBD,3046,1422,1624
2017,7,PGH,1318,670,648
2017,7,PNQ,630654,317990,312664
2017,7,RAJ,30549,14945,15604
2017,7,RJA,18690,9365,9325
2017,7,RPR,125706,64866,60840
2017,7,SHL,985,514,471
2017,7,SLV,679,197,482
2017,7,STV,63028,31303,31725
2017,7,SXR,236787,124650,112137
2017,7,TCR,9375,4603,4772
2017,7,TEZ,189,54,135
2017,7,TIR,52016,25841,26175
2017,7,TRV,151325,76073,75252
2017,7,TRZ,9555,4605,4950
2017,7,UDR,77736,39719,38017
2017,7,VGA,66135,33331,32804
2017,7,VNS,140994,71897,69097
2017,7,VTZ,182050,91157,90893
2017,8,AGR,472,93,379
2017,8,AGX,1229,577,652
2017,8,AJL,25410,13404,12006
2017,8,AMD,605031,302573,302458
2017,8,ATQ,123762,61010,62752
2017,8,BBI,212717,106459,106258
2017,8,BDQ,75922,40203,35719
2017,8,BHJ,14042,7340,6702
2017,8,BHO,58402,30122,28280
2017,8,BHU,2112,1062,1050
2017,8,BLR,1820866,914557,906309
2017,8,BOM,2823261,1410481,1412780
2017,8,BUP,1238,616,622
2017,8,CCJ,46168,23032,23136
2017,8,CCU,1345361,656595,688766
2017,8,CDP,3217,1617,1600
2017,8,CJB,159295,80027,79268
2017,8,COK,410360,204825,205535
2017,8,DED,86942,43328,43614
2017,8,DEL,3844397,1928832,1915565
2017,8,DHM,12600,5747,6853
2017,8,DIB,26838,13658,13180
2017,8,DIU,1442,731,711
2017,8,DMU,16002,7996,8006
2017,8,GAU,398233,194300,203933
2017,8,GAY,4134,1841,2293
2017,8,GOI,532013,265574,266439
2017,8,GOP,12242,6194,6048
2017,8,GWL,1527,917,610
2017,8,HBX,3657,1894,1763
2017,8,HJR,2562,1423,1139
2017,8,HYD,1210221,603689,606532
2017,8,IDR,180124,92034,88090
2017,8,IMF,74499,40092,34407
2017,8,IXA,108966,55874,53092
2017,8,IXB,166863,84079,82784
2017,8,IXC,189061,93173,95888
2017,8,IXD,3882,1904,1978
2017,8,IXE,118035,58847,59188
2017,8,IXG,9007,4453,4554
2017,8,IXI,403,210,193
2017,8,IXJ,109377,53158,56219
2017,8,IXL,70038,37970,32068
2017,8,IXM,81163,40273,40890
2017,8,IXR,147057,74209,72848
2017,8,IXS,31387,15358,16029
2017,8,IXU,27894,14799,13095
2017,8,IXY,4131,2060,2071
2017,8,IXZ,83020,41346,41674
2017,8,JAI,340721,169286,171435
2017,8,JDH,34622,17195,17427
2017,8,JGA,5195,2601,2594
2017,8,JLR,18573,9317,9256
2017,8,JRH,6241,2949,3292
2017,8,KUU,1899,651,1248
2017,8,LKO,301884,146301,155583
2017,8,MAA,1137537,573216,564321
2017,8,NAG,159114,79411,79703
2017,8,NDC,2498,1238,1260
2017,8,PAT,249795,120421,129374
2017,8,PBD,4213,2060,2153
2017,8,PGH,1251,595,656
2017,8,PNQ,649693,328410,321283
2017,8,PNY,2214,1069,1145
2017,8,RAJ,29338,14919,14419
2017,8,RJA,19051,9845,9206
2017,8,RPR,128181,64539,63642
2017,8,SHL,1030,487,543
2017,8,SLV,549,163,386
2017,8,STV,66893,33459,33434
2017,8,SXR,187875,97242,90633
2017,8,TCR,8275,3948,4327
2017,8,TEZ,64,30,34
2017,8,TIR,51183,25477,25706
2017,8,TRV,153441,75355,78086
2017,8,TRZ,9544,4637,4907
2017,8,UDR,84319,42706,41613
2017,8,VGA,67108,34735,32373
2017,8,VNS,142968,71376,71592
2017,8,VTZ,174909,89186,85723
2017,9,AGR,561,94,467
2017,9,AGX,1819,863,956
2017,9,AJL,23455,12027,11428
2017,9,AMD,606316,298261,308055
2017,9,ATQ,122386,56057,66329
2017,9,BBI,231572,115564,116008
2017,9,BDQ,69291,36085,33206
2017,9,BHJ,13739,6779,6960
2017,9,BHO,53489,27483,26006
2017,9,BHU,2010,989,1021
2017,9,BKB,579,268,311
2017,9,BLR,1786226,927881,858345
2017,9,BOM,2707447,1328594,1378853
2017,9,BUP,1277,578,699
2017,9,CCJ,42705,23408,19297
2017,9,CCU,1398968,688313,710655
2017,9,CDP,2575,1255,1320
2017,9,CJB,165664,85222,80442
2017,9,COK,404870,206912,197958
2017,9,DED,86647,41833,44814
2017,9,DEL,3794221,1882691,1911530
2017,9,DHM,12997,6071,6926
2017,9,DIB,24994,12113,12881
2017,9,DIU,1250,545,705
2017,9,DMU,15684,7636,8048
2017,9,GAU,403730,197268,206462
2017,9,GAY,5232,2613,2619
2017,9,GOI,505656,252495,253161
2017,9,GOP,12454,6224,6230
2017,9,GWL,2489,986,1503
2017,9,HBX,3571,1778,1793
2017,9,HJR,2371,1337,1034
2017,9,HYD,1199528,609762,589766
2017,9,IDR,168139,85851,82288
2017,9,IMF,72699,37221,35478
2017,9,IXA,110756,52599,58157
2017,9,IXB,174171,85892,88279
2017,9,IXC,181651,85482,96169
2017,9,IXD,3814,1923,1891
2017,9,IXE,112511,59963,52548
2017,9,IXG,8444,4221,4223
2017,9,IXI,510,266,244
2017,9,IXJ,114236,53723,60513
2017,9,IXL,71497,39267,32230
2017,9,IXM,81488,41178,40310
2017,9,IXR,141410,70424,70986
2017,9,IXS,31051,15104,15947
2017,9,IXU,25301,13484,11817
2017,9,IXY,4423,2169,2254
2017,9,IXZ,105778,50488,55290
2017,9,JAI,337398,163126,174272
2017,9,JDH,33317,16363,16954
2017,9,JGA,4911,2374,2537
2017,9,JLR,18799,9353,9446
2017,9,JRH,5459,2634,2825
2017,9,KUU,2070,760,1310
2017,9,LKO,293559,140313,153246
2017,9,LUH,1903,1003,900
2017,9,MAA,1159988,601421,558567
2017,9,MYQ,1188,591,597
2017,9,NAG,145149,73122,72027
2017,9,NDC,2279,1103,1176
2017,9,PAT,247670,119473,128197
2017,9,PBD,3986,1936,2050
2017,9,PGH,1424,730,694
2017,9,PNQ,623243,316722,306521
2017,9,PNY,4110,2030,2080
2017,9,RAJ,26446,12857,13589
2017,9,RJA,16547,8138,8409
2017,9,RPR,123094,62168,60926
2017,9,SHL,1190,547,643
2017,9,SLV,911,280,631
2017,9,STV,60455,30246,30209
2017,9,SXR,187996,99930,88066
2017,9,TCR,8362,4008,4354
2017,9,TEZ,80,51,29
2017,9,TIR,43025,21567,21458
2017,9,TRV,161272,82634,78638
2017,9,TRZ,11603,5777,5826
2017,9,UDR,79631,39170,40461
2017,9,VGA,68406,35151,33255
2017,9,VNS,136335,66223,70112
2017,9,VTZ,173416,88396,85020
2017,10,AGR,1255,273,982
2017,10,AGX,2202,1035,1167
2017,10,AJL,21382,11262,10120
2017,10,AMD,701274,360192,341082
2017,10,ATQ,156547,75329,81218
2017,10,BBI,277683,136231,141452
2017,10,BDQ,85018,45225,39793
2017,10,BHJ,14591,6981,7610
2017,10,BHO,58866,29925,28941
2017,10,BHU,2116,1019,1097
2017,10,BKB,3269,1690,1579
2017,10,BLR,1948462,969258,979204
2017,10,BOM,2890400,1482355,1408045
2017,10,BUP,1392,680,712
2017,10,CCJ,39137,19298,19839
2017,10,CCU,1521625,735021,786604
2017,10,CDP,2356,1194,1162
2017,10,CJB,174133,86379,87754
2017,10,COK,424926,212933,211993
2017,10,DED,93052,46295,46757
2017,10,DEL,4189156,2096238,2092918
2017,10,DHM,12569,5940,6629
2017,10,DIB,28504,14122,14382
2017,10,DIU,1846,896,950
2017,10,DMU,15204,7661,7543
2017,10,GAU,418550,206359,212191
2017,10,GAY,5603,2778,2825
2017,10,GOI,567132,286010,281122
2017,10,GOP,8753,4266,4487
2017,10,GWL,2512,1039,1473
2017,10,HBX,3572,1883,1689
2017,10,HJR,6285,3767,2518
2017,10,HYD,1344955,665904,679051
2017,10,IDR,183737,91906,91831
2017,10,IMF,77193,39318,37875
2017,10,IXA,112865,61338,51527
2017,10,IXB,185995,92904,93091
2017,10,IXC,151252,73405,77847
2017,10,IXD,3866,1866,2000
2017,10,IXE,129163,64357,64806
2017,10,IXG,15125,7605,7520
2017,10,IXI,548,305,243
2017,10,IXJ,130876,61713,69163
2017,10,IXL,46322,28548,17774
2017,10,IXM,87726,43183,44543
2017,10,IXR,174541,87077,87464
2017,10,IXS,30614,15772,14842
2017,10,IXU,26152,13723,12429
2017,10,IXY,4620,2304,2316
2017,10,IXZ,129134,64944,64190
2017,10,JAI,376945,183715,193230
2017,10,JDH,36553,17775,18778
2017,10,JGA,5748,2821,2927
2017,10,JLR,20618,10200,10418
2017,10,JRH,5512,2720,2792
2017,10,JSA,637,299,338
2017,10,KUU,2695,1245,1450
2017,10,LKO,332865,159421,173444
2017,10,LUH,1784,917,867
2017,10,MAA,1201645,595073,606572
2017,10,MYQ,2672,1382,1290
2017,10,NAG,162855,81999,80856
2017,10,NDC,2094,1072,1022
2017,10,PAT,299274,139091,160183
2017,10,PBD,4448,2154,2294
2017,10,PGH,1205,615,590
2017,10,PNQ,680225,352096,328129
2017,10,PNY,3808,1815,1993
2017,10,RAJ,28240,13947,14293
2017,10,RJA,15281,7719,7562
2017,10,RPR,137522,67974,69548
2017,10,SAG,4490,2328,2162
2017,10,SHL,1157,565,592
2017,10,SLV,263,76,187
2017,10,STV,61844,32170,29674
2017,10,SXR,190155,99292,90863
2017,10,TCR,8410,4038,4372
2017,10,TEZ,109,79,30
2017,10,TIR,43433,21564,21869
2017,10,TRV,164227,83599,80628
2017,10,TRZ,11755,5723,6032
2017,10,UDR,87491,43800,43691
2017,10,VDY,2268,1329,939
2017,10,VGA,66599,34080,32519
2017,10,VNS,164136,78851,85285
2017,10,VTZ,193853,97186,96667
2017,11,AGR,1078,236,842
2017,11,AGX,2198,985,1213
2017,11,AJL,21662,10944,10718
2017,11,AMD,702973,343749,359224
2017,11,ATQ,155765,76284,79481
2017,11,BBI,285624,141088,144536
2017,11,BDQ,86239,42448,43791
2017,11,BHJ,16379,7813,8566
2017,11,BHO,58343,29944,28399
2017,11,BHU,1972,976,996
2017,11,BKB,2972,1477,1495
2017,11,BLR,1939523,971034,968489
2017,11,BOM,2992783,1489756,1503027
2017,11,BUP,978,438,540
2017,11,CCJ,39627,20543,19084
2017,11,CCU,1480714,729838,750876
2017,11,CDP,3668,1878,1790
2017,11,CJB,184826,93766,91060
2017,11,COK,435497,217882,217615
2017,11,DED,84661,42494,42167
2017,11,DEL,4081027,2056805,2024222
2017,11,DHM,8703,4056,4647
2017,11,DIB,28492,14366,14126
2017,11,DIU,1783,854,929
2017,11,DMU,14857,7375,7482
2017,11,GAU,406501,202774,203727
2017,11,GAY,4744,2348,2396
2017,11,GOI,563012,280609,282403
2017,11,GOP,6000,2961,3039
2017,11,GWL,2344,968,1376
2017,11,HBX,3539,1813,1726
2017,11,HJR,7844,4721,3123
2017,11,HYD,1372558,683352,689206
2017,11,IDR,191352,95325,96027
2017,11,IMF,74419,38461,35958
2017,11,IXA,110144,56873,53271
2017,11,IXB,182397,94031,88366
2017,11,IXC,152104,74626,77478
2017,11,IXD,3577,1780,1797
2017,11,IXE,131094,65633,65461
2017,11,IXG,15647,7660,7987
2017,11,IXI,486,260,226
2017,11,IXJ,125025,57943,67082
2017,11,IXL,31631,18828,12803
2017,11,IXM,92432,46172,46260
2017,11,IXR,198361,99933,98428
2017,11,IXS,30102,15256,14846
2017,11,IXU,29345,15179,14166
2017,11,IXY,4490,2218,2272
2017,11,IXZ,131418,65162,66256
2017,11,JAI,379387,188114,191273
2017,11,JDH,36874,18165,18709
2017,11,JGA,6280,3021,3259
2017,11,JLR,19124,9589,9535
2017,11,JRH,6651,3233,3418
2017,11,JSA,6752,3290,3462
2017,11,KUU,2578,1073,1505
2017,11,LKO,344721,169962,174759
2017,11,LUH,625,308,317
2017,11,MAA,1229550,621489,608061
2017,11,MYQ,1977,993,984
2017,11,NAG,171945,86804,85141
2017,11,NDC,2693,1436,1257
2017,11,PAT,290216,146556,143660
2017,11,PBD,4488,2189,2299
2017,11,PGH,1019,517,502
2017,11,PNQ,685928,344861,341067
2017,11,PNY,3211,1568,1643
2017,11,RAJ,29129,13501,15628
2017,11,RJA,14329,7273,7056
2017,11,RPR,153548,77341,76207
2017,11,SAG,6349,3231,3118
2017,11,SHL,984,493,491
2017,11,SLV,905,268,637
2017,11,STV,62114,30067,32047
2017,11,SXR,168967,91206,77761
2017,11,TCR,7756,3784,3972
2017,11,TEZ,136,92,44
2017,11,TIR,41434,20510,20924
2017,11,TRV,178065,88742,89323
2017,11,TRZ,10979,5224,5755
2017,11,UDR,106355,53038,53317
2017,11,VDY,1587,836,751
2017,11,VGA,63014,31608,31406
2017,11,VNS,172938,85536,87402
2017,11,VTZ,191304,95578,95726
2017,12,AGR,1848,744,1104
2017,12,AGX,1982,910,1072
2017,12,AJL,21089,9656,11433
2017,12,AMD,760230,376950,383280
2017,12,ATQ,165253,80534,84719
2017,12,BBI,308782,154666,154116
2017,12,BDQ,89480,43866,45614
2017,12,BHJ,17497,8615,8882
2017,12,BHO,61118,31225,29893
2017,12,BHU,1791,888,903
2017,12,BKB,3651,1834,1817
2017,12,BLR,2126675,1063063,1063612
2017,12,BOM,3102075,1544245,1557830
2017,12,BUP,1510,762,748
2017,12,CCJ,44421,22041,22380
2017,12,CCU,1609821,795190,814631
2017,12,CDP,5664,2852,2812
2017,12,CJB,206413,101992,104421
2017,12,COK,499674,239875,259799
2017,12,DED,91197,46618,44579
2017,12,DEL,4343824,2231153,2112671
2017,12,DHM,11248,5298,5950
2017,12,DIB,28651,14164,14487
2017,12,DIU,1914,942,972
2017,12,DMU,17033,8272,8761
2017,12,GAU,429092,209716,219376
2017,12,GAY,6615,3288,3327
2017,12,GOI,610626,296975,313651
2017,12,GWL,2076,1025,1051
2017,12,HBX,5477,2696,2781
2017,12,HJR,5503,3112,2391
2017,12,HYD,1486758,734318,752440
2017,12,IDR,209859,105950,103909
2017,12,IMF,81514,37988,43526
2017,12,ISK,174,87,87
2017,12,IXA,123583,62150,61433
2017,12,IXB,206780,102477,104303
2017,12,IXC,139170,69664,69506
2017,12,IXD,3890,1928,1962
2017,12,IXE,140643,68672,71971
2017,12,IXG,17615,8771,8844
2017,12,IXI,506,264,242
2017,12,IXJ,130702,61526,69176
2017,12,IXL,34082,20352,13730
2017,12,IXM,102650,50222,52428
2017,12,IXR,212262,106383,105879
2017,12,IXS,34735,17293,17442
2017,12,IXU,30775,15771,15004
2017,12,IXY,4741,2343,2398
2017,12,IXZ,156756,76281,80475
2017,12,JAI,405825,204448,201377
2017,12,JDH,47124,23299,23825
2017,12,JGA,6524,3250,3274
2017,12,JLG,78,42,36
2017,12,JLR,22289,11131,11158
2017,12,JRH,6663,3177,3486
2017,12,JSA,8403,4190,4213
2017,12,KUU,1953,724,1229
2017,12,LKO,386150,194383,191767
2017,12,LUH,1226,604,622
2017,12,MAA,1334414,668526,665888
2017,12,MYQ,3197,1556,1641
2017,12,NAG,208811,105253,103558
2017,12,NDC,7235,3670,3565
2017,12,PAT,242216,122424,119792
2017,12,PBD,4709,2320,2389
2017,12,PGH,732,394,338
2017,12,PNQ,718425,357167,361258
2017,12,PNY,4189,2122,2067
2017,12,RAJ,32937,15940,16997
2017,12,RJA,14314,7089,7225
2017,12,RPR,166007,83115,82892
2017,12,SAG,6700,3429,3271
2017,12,SHL,1379,634,745
2017,12,SLV,957,278,679
2017,12,STV,57450,28242,29208
2017,12,SXR,197038,103769,93269
2017,12,TCR,8488,4029,4459
2017,12,TEZ,128,82,46
2017,12,TIR,40876,20259,20617
2017,12,TRV,197716,96687,101029
2017,12,TRZ,12785,5997,6788
2017,12,UDR,121508,61108,60400
2017,12,VDY,2661,1378,1283
2017,12,VGA,62633,31214,31419
2017,12,VNS,169377,85646,83731
2017,12,VTZ,209608,102892,106716
2018,1,AGR,2016,730,1286
2018,1,AGX,2809,1294,1515
2018,1,AJL,22850,12438,10412
2018,1,AMD,778819,393412,385407
2018,1,ATQ,160857,78252,82605
2018,1,BBI,335821,168497,167324
2018,1,BDQ,92370,47234,45136
2018,1,BHJ,18073,9355,8718
2018,1,BHO,63632,32793,30839
2018,1,BHU,2419,1195,1224
2018,1,BKB,3293,1703,1590
2018,1,BLR,2196854,1090375,1106479
2018,1,BOM,3126749,1567087,1559662
2018,1,BUP,957,472,485
2018,1,CCJ,43699,22687,21012
2018,1,CCU,1627317,796823,830494
2018,1,CDP,6122,3291,2831
2018,1,CJB,218711,111094,107617
2018,1,COK,546184,277827,268357
2018,1,DED,98362,48674,49688
2018,1,DEL,4327674,2150283,2177391
2018,1,DHM,9348,4582,4766
2018,1,DIB,29444,15014,14430
2018,1,DIU,1868,911,957
2018,1,DMU,16712,8685,8027
2018,1,GAU,446053,219503,226550
2018,1,GAY,7493,3940,3553
2018,1,GOI,637618,324920,312698
2018,1,GWL,1859,858,1001
2018,1,HBX,7393,3853,3540
2018,1,HJR,7635,4164,3471
2018,1,HYD,1556647,777893,778754
2018,1,IDR,199689,102307,97382
2018,1,IMF,83719,45131,38588
2018,1,ISK,859,436,423
2018,1,IXA,128670,63389,65281
2018,1,IXB,201976,103677,98299
2018,1,IXC,132234,65336,66898
2018,1,IXD,3768,1864,1904
2018,1,IXE,143575,72382,71193
2018,1,IXG,17274,8778,8496
2018,1,IXI,481,275,206
2018,1,IXJ,136050,65600,70450
2018,1,IXL,34777,19257,15520
2018,1,IXM,115153,57939,57214
2018,1,IXR,204562,104662,99900
2018,1,IXS,37077,18048,19029
2018,1,IXU,30465,15857,14608
2018,1,IXY,4820,2411,2409
2018,1,IXZ,171829,87511,84318
2018,1,JAI,414869,206701,208168
2018,1,JDH,46107,22906,23201
2018,1,JGA,6727,3296,3431
2018,1,JLG,212,108,104
2018,1,JLR,21006,10604,10402
2018,1,JRH,6888,3468,3420
2018,1,JSA,8717,4378,4339
2018,1,KUU,1062,417,645
2018,1,LKO,421614,207649,213965
2018,1,LUH,966,483,483
2018,1,MAA,1390819,692577,698242
2018,1,MYQ,3337,1687,1650
2018,1,NAG,204890,103616,101274
2018,1,NDC,8908,4580,4328
2018,1,PAT,239088,118058,121030
2018,1,PBD,4795,2383,2412
2018,1,PGH,349,166,183
2018,1,PNQ,708467,355054,353413
2018,1,PNY,4524,2323,2201
2018,1,RAJ,34320,16827,17493
2018,1,RJA,24615,12640,11975
2018,1,RPR,160810,81055,79755
2018,1,SAG,6820,3513,3307
2018,1,SHL,1028,478,550
2018,1,SLV,963,291,672
2018,1,STV,59606,30388,29218
2018,1,SXR,207421,109615,97806
2018,1,TCR,8429,4228,4201
2018,1,TEZ,110,61,49
2018,1,TIR,53431,26438,26993
2018,1,TRV,195929,101209,94720
2018,1,TRZ,14053,6893,7160
2018,1,UDR,119877,60862,59015
2018,1,VDY,2892,1491,1401
2018,1,VGA,68482,35119,33363
2018,1,VNS,184686,91120,93566
2018,1,VTZ,214771,110731,104040
2018,2,AGR,2100,852,1248
2018,2,AGX,2139,966,1173
2018,2,AJL,20172,10737,9435
2018,2,AMD,717039,362691,354348
2018,2,ATQ,160882,79641,81241
2018,2,BBI,316957,155480,161477
2018,2,BDQ,85383,43872,41511
2018,2,BHJ,16925,8576,8349
2018,2,BHO,57472,29419,28053
2018,2,BHU,3399,1730,1669
2018,2,BKB,3158,1551,1607
2018,2,BLR,2086371,1051759,1034612
2018,2,BOM,2909170,1466263,1442907
2018,2,BUP,1388,690,698
2018,2,CCJ,39836,20307,19529
2018,2,CCU,1505603,739383,766220
2018,2,CDP,5886,2988,2898
2018,2,CJB,204901,103688,101213
2018,2,COK,462982,235953,227029
2018,2,DED,104354,51956,52398
2018,2,DEL,4116839,2057063,2059776
2018,2,DHM,11780,5565,6215
2018,2,DIB,26628,13369,13259
2018,2,DIU,1658,717,941
2018,2,DMU,14010,7059,6951
2018,2,GAU,403197,197948,205249
2018,2,GAY,6008,3064,2944
2018,2,GOI,570981,288275,282706
2018,2,GOP,6218,3037,3181
2018,2,GWL,2125,796,1329
2018,2,HBX,6798,3428,3370
2018,2,HJR,8544,4421,4123
2018,2,HYD,1428857,713250,715607
2018,2,IDR,193083,97300,95783
2018,2,IMF,73911,39434,34477
2018,2,ISK,716,363,353
2018,2,IXA,112926,58415,54511
2018,2,IXB,189960,94570,95390
2018,2,IXC,63514,30457,33057
2018,2,IXD,3581,1755,1826
2018,2,IXE,131137,66021,65116
2018,2,IXG,15692,7841,7851
2018,2,IXI,444,230,214
2018,2,IXJ,127211,61201,66010
2018,2,IXL,33837,15885,17952
2018,2,IXM,104666,52807,51859
2018,2,IXR,202400,99905,102495
2018,2,IXS,33269,16415,16854
2018,2,IXU,28290,14505,13785
2018,2,IXY,4335,2166,2169
2018,2,IXZ,140182,71107,69075
2018,2,JAI,404395,198074,206321
2018,2,JDH,46410,22787,23623
2018,2,JGA,6384,3126,3258
2018,2,JLG,211,107,104
2018,2,JLR,19465,9758,9707
2018,2,JRH,6492,3232,3260
2018,2,JSA,8311,4065,4246
2018,2,KUU,1247,398,849
2018,2,LKO,411165,196588,214577
2018,2,LUH,1660,811,849
2018,2,MAA,1308339,660036,648303
2018,2,MDA,30,13,17
2018,2,MYQ,2784,1373,1411
2018,2,NAG,183163,91818,91345
2018,2,NDC,8400,4222,4178
2018,2,PAT,278041,131664,146377
2018,2,PBD,4262,2104,2158
2018,2,PGH,1084,529,555
2018,2,PNQ,668567,336803,331764
2018,2,PNY,5985,3024,2961
2018,2,RAJ,31826,15682,16144
2018,2,RJA,27535,13970,13565
2018,2,RPR,160762,81570,79192
2018,2,SAG,5792,2919,2873
2018,2,SHL,933,462,471
2018,2,SLV,1131,331,800
2018,2,STV,62938,31878,31060
2018,2,SXR,189812,94684,95128
2018,2,TCR,8511,4209,4302
2018,2,TEZ,121,75,46
2018,2,TIR,54737,27075,27662
2018,2,TRV,169238,85792,83446
2018,2,TRZ,12399,6101,6298
2018,2,UDR,116207,58333,57874
2018,2,VDY,2861,1471,1390
2018,2,VGA,67249,34121,33128
2018,2,VNS,193006,94258,98748
2018,2,VTZ,200047,99873,100174
2018,3,AGR,1287,332,955
2018,3,AGX,2309,1104,1205
2018,3,AJL,22859,11354,11505
2018,3,AMD,646820,326498,320322
2018,3,ATQ,167874,84728,83146
2018,3,BBI,340868,169079,171789
2018,3,BDQ,90123,47480,42643
2018,3,BHJ,16437,8170,8267
2018,3,BHO,62959,32177,30782
2018,3,BHU,3189,1607,1582
2018,3,BKB,3564,1787,1777
2018,3,BLR,2226560,1114766,1111794
2018,3,BOM,3100021,1544601,1555420
2018,3,BUP,4422,2365,2057
2018,3,CCJ,43815,22569,21246
2018,3,CCU,1617257,797053,820204
2018,3,CDP,9315,4694,4621
2018,3,CJB,219875,111088,108787
2018,3,COK,450412,225918,224494
2018,3,DED,108450,54854,53596
2018,3,DEL,4493642,2273427,2220215
2018,3,DHM,12187,5720,6467
2018,3,DIB,28641,14398,14243
2018,3,DIU,1648,775,873
2018,3,DMU,16279,8274,8005
2018,3,GAU,467371,227453,239918
2018,3,GAY,7082,3755,3327
2018,3,GOI,611635,306739,304896
2018,3,GOP,9832,4849,4983
2018,3,GWL,2121,768,1353
2018,3,HBX,7143,3664,3479
2018,3,HJR,7302,4333,2969
2018,3,HYD,1543643,764924,778719
2018,3,IDR,219338,109613,109725
2018,3,IMF,85488,43882,41606
2018,3,ISK,257,133,124
2018,3,IXA,128855,66557,62298
2018,3,IXB,218199,109030,109169
2018,3,IXC,159340,78424,80916
2018,3,IXD,3554,1785,1769
2018,3,IXE,141626,70573,71053
2018,3,IXG,17748,8822,8926
2018,3,IXI,555,319,236
2018,3,IXJ,127709,61720,65989
2018,3,IXL,35699,12849,22850
2018,3,IXM,114846,56821,58025
2018,3,IXR,216256,109540,106716
2018,3,IXS,34025,17152,16873
2018,3,IXU,29590,15297,14293
2018,3,IXY,4778,2370,2408
2018,3,IXZ,149970,75878,74092
2018,3,JAI,355978,177201,178777
2018,3,JDH,42113,20848,21265
2018,3,JGA,6765,3334,3431
2018,3,JLG,45,29,16
2018,3,JLR,21222,10692,10530
2018,3,JRH,6746,3338,3408
2018,3,JSA,8152,4096,4056
2018,3,KUU,3304,1192,2112
2018,3,LKO,449144,225213,223931
2018,3,LUH,1773,768,1005
2018,3,MAA,1438910,720411,718499
2018,3,MDA,75,33,42
2018,3,MYQ,2665,1278,1387
2018,3,NAG,203312,101273,102039
2018,3,NDC,8730,4353,4377
2018,3,PAT,324705,162013,162692
2018,3,PBD,4565,2271,2294
2018,3,PGH,1146,558,588
2018,3,PNQ,703333,349193,354140
2018,3,PNY,8257,4206,4051
2018,3,RAJ,32339,16369,15970
2018,3,RJA,34524,17422,17102
2018,3,RPR,173615,87283,86332
2018,3,SAG,5928,2989,2939
2018,3,SHL,1455,675,780
2018,3,SLV,910,265,645
2018,3,STV,65538,33023,32515
2018,3,SXR,207853,99552,108301
2018,3,SXV,844,443,401
2018,3,TCR,9099,4460,4639
2018,3,TEZ,155,113,42
2018,3,TIR,74120,36713,37407
2018,3,TRV,174027,87993,86034
2018,3,TRZ,14373,6870,7503
2018,3,UDR,113576,57445,56131
2018,3,VDY,5426,2843,2583
2018,3,VGA,99810,50407,49403
2018,3,VNS,218713,109485,109228
2018,3,VTZ,231646,116115,115531
2018,4,AGR,880,246,634
2018,4,AGX,2721,1270,1451
2018,4,AJL,18910,9307,9603
2018,4,AMD,697532,352326,345206
2018,4,ATQ,139562,70684,68878
2018,4,BBI,327096,159758,167338
2018,4,BDQ,88800,46540,42260
2018,4,BHJ,15711,8074,7637
2018,4,BHO,66354,33973,32381
2018,4,BHU,3334,1617,1717
2018,4,BKB,5324,2725,2599
2018,4,BLR,2278822,1167405,1111417
2018,4,BOM,3007905,1535783,1472122
2018,4,BUP,4026,2125,1901
2018,4,CCJ,55949,28287,27662
2018,4,CCU,1565095,749371,815724
2018,4,CDP,10157,5208,4949
2018,4,CJB,226198,114746,111452
2018,4,COK,472902,238026,234876
2018,4,DED,101942,50075,51867
2018,4,DEL,4431429,2184599,2246830
2018,4,DGH,2263,1141,1122
2018,4,DHM,13190,6034,7156
2018,4,DIB,28450,14197,14253
2018,4,DIU,1546,729,817
2018,4,DMU,16907,8550,8357
2018,4,GAU,474431,229474,244957
2018,4,GAY,5755,2809,2946
2018,4,GOI,602429,306304,296125
2018,4,GOP,14654,7234,7420
2018,4,GWL,2303,954,1349
2018,4,HBX,6110,3094,3016
2018,4,HJR,4150,2704,1446
2018,4,HYD,1556578,790850,765728
2018,4,IDR,234902,116904,117998
2018,4,IMF,87599,44986,42613
2018,4,ISK,119,57,62
2018,4,IXA,133852,69333,64519
2018,4,IXB,227965,113922,114043
2018,4,IXC,150575,72962,77613
2018,4,IXD,3575,1662,1913
2018,4,IXE,151085,74965,76120
2018,4,IXG,19514,9666,9848
2018,4,IXI,447,243,204
2018,4,IXJ,110358,52226,58132
2018,4,IXL,54091,24546,29545
2018,4,IXM,108612,53486,55126
2018,4,IXP,811,406,405
2018,4,IXR,211971,102453,109518
2018,4,IXS,31672,16133,15539
2018,4,IXU,26872,14085,12787
2018,4,IXY,4222,2076,2146
2018,4,IXZ,143752,77854,65898
2018,4,JAI,368524,179282,189242
2018,4,JDH,34827,16761,18066
2018,4,JGA,6081,3018,3063
2018,4,JLG,186,80,106
2018,4,JLR,21526,10885,10641
2018,4,JRH,7799,3810,3989
2018,4,JSA,7063,3684,3379
2018,4,KLH,163,85,78
2018,4,KUU,2753,973,1780
2018,4,LKO,407483,194472,213011
2018,4,LUH,1355,571,784
2018,4,MAA,1408257,718054,690203
2018,4,MDA,318,154,164
2018,4,MYQ,3468,1713,1755
2018,4,NAG,212606,106745,105861
2018,4,NDC,8805,4505,4300
2018,4,PAT,321092,150135,170957
2018,4,PBD,4082,2013,2069
2018,4,PGH,1123,564,559
2018,4,PNQ,726408,371368,355040
2018,4,PNY,8390,4244,4146
2018,4,RAJ,28747,14100,14647
2018,4,RJA,34343,17077,17266
2018,4,RPR,172635,86434,86201
2018,4,SAG,5998,3041,2957
2018,4,SHL,1584,730,854
2018,4,SLV,982,285,697
2018,4,STV,62757,32227,30530
2018,4,SXR,227311,114574,112737
2018,4,SXV,3947,1992,1955
2018,4,TCR,9012,4475,4537
2018,4,TEZ,220,119,101
2018,4,TIR,72774,36829,35945
2018,4,TRV,172253,84709,87544
2018,4,TRZ,19355,9288,10067
2018,4,UDR,102867,50345,52522
2018,4,VDY,6299,3147,3152
2018,4,VGA,102375,51690,50685
2018,4,VNS,199396,94656,104740
2018,4,VTZ,224423,112480,111943
2018,5,AGR,527,96,431
2018,5,AGX,2422,1098,1324
2018,5,AIP,4448,2258,2190
2018,5,AJL,18828,8983,9845
2018,5,AMD,786528,411563,374965
2018,5,ATQ,127009,65901,61108
2018,5,BBI,358196,188057,170139
2018,5,BDQ,89404,47929,41475
2018,5,BHJ,15146,8268,6878
2018,5,BHO,68632,35942,32690
2018,5,BHU,3535,1847,1688
2018,5,BKB,4053,2035,2018
2018,5,BLR,2353486,1124221,1229265
2018,5,BOM,3080325,1531145,1549180
2018,5,BUP,3795,2032,1763
2018,5,CCJ,59071,28612,30459
2018,5,CCU,1641554,821189,820365
2018,5,CDP,10122,5221,4901
2018,5,CJB,240844,119126,121718
2018,5,COK,503677,245594,258083
2018,5,DED,117907,58422,59485
2018,5,DEL,4476342,2289522,2186820
2018,5,DGH,3485,1723,1762
2018,5,DHM,15428,7048,8380
2018,5,DIB,28916,14157,14759
2018,5,DIU,2047,996,1051
2018,5,DMU,17031,8147,8884
2018,5,GAU,480919,231937,248982
2018,5,GAY,5250,2613,2637
2018,5,GOI,608687,300484,308203
2018,5,GOP,14742,7328,7414
2018,5,GWL,2145,1124,1021
2018,5,HBX,16442,8454,7988
2018,5,HJR,1467,999,468
2018,5,HYD,1607727,790723,817004
2018,5,IDR,229258,119493,109765
2018,5,IMF,93729,44731,48998
2018,5,ISK,190,98,92
2018,5,IXA,132386,66234,66152
2018,5,IXB,257845,128217,129628
2018,5,IXC,56186,27588,28598
2018,5,IXD,3963,1982,1981
2018,5,IXE,155241,77620,77621
2018,5,IXG,11171,5629,5542
2018,5,IXI,902,451,451
2018,5,IXJ,109537,51660,57877
2018,5,IXL,90181,42833,47348
2018,5,IXM,115469,55959,59510
2018,5,IXP,1159,578,581
2018,5,IXR,215453,111600,103853
2018,5,IXS,29515,14325,15190
2018,5,IXT,125,56,69
2018,5,IXU,28935,14908,14027
2018,5,IXY,4492,2120,2372
2018,5,IXZ,157059,80903,76156
2018,5,JAI,362833,188020,174813
2018,5,JDH,32374,17221,15153
2018,5,JGA,6609,3245,3364
2018,5,JLG,521,285,236
2018,5,JLR,23481,11820,11661
2018,5,JRH,8354,3792,4562
2018,5,JSA,4800,2517,2283
2018,5,KLH,450,238,212
2018,5,KUU,2591,805,1786
2018,5,LKO,412636,210439,202197
2018,5,LUH,1214,468,746
2018,5,MAA,1472303,722120,750183
2018,5,MDA,228,114,114
2018,5,MYQ,3992,2056,1936
2018,5,NAG,217971,111599,106372
2018,5,NDC,9129,4714,4415
2018,5,PAT,327878,166190,161688
2018,5,PBD,4697,2326,2371
2018,5,PGH,2222,1052,1170
2018,5,PNQ,764456,382229,382227
2018,5,PNY,8576,4317,4259
2018,5,RAJ,28683,14508,14175
2018,5,RJA,38074,20328,17746
2018,5,RPR,176395,89489,86906
2018,5,SAG,5525,2804,2721
2018,5,SHL,1870,788,1082
2018,5,SLV,1355,409,946
2018,5,STV,66208,33051,33157
2018,5,SXR,239071,117807,121264
2018,5,SXV,3802,1884,1918
2018,5,TCR,9273,4561,4712
2018,5,TEZ,1969,856,1113
2018,5,TIR,69970,34760,35210
2018,5,TRV,185700,88349,97351
2018,5,TRZ,20252,9258,10994
2018,5,UDR,93373,49531,43842
2018,5,VDY,6465,3254,3211
2018,5,VGA,109016,56515,52501
2018,5,VNS,211281,110231,101050
2018,5,VTZ,238738,122905,115833
2018,6,AGR,656,162,494
2018,6,AGX,1380,535,845
2018,6,AIP,3965,1984,1981
2018,6,AJL,18857,9440,9417
2018,6,AMD,756688,369328,387360
2018,6,ATQ,122416,64876,57540
2018,6,BBI,358891,180092,178799
2018,6,BDQ,82413,40742,41671
2018,6,BHJ,13427,6922,6505
2018,6,BHO,63019,30878,32141
2018,6,BHU,3289,1628,1661
2018,6,BKB,4050,1912,2138
2018,6,BLR,2257968,1146918,1111050
2018,6,BOM,2860572,1427736,1432836
2018,6,BUP,3698,1985,1713
2018,6,CCJ,43548,21351,22197
2018,6,CCU,1559859,753630,806229
2018,6,CDP,9736,4995,4741
2018,6,CJB,225034,114769,110265
2018,6,COK,433648,212736,220912
2018,6,DED,99224,50348,48876
2018,6,DEL,4288753,2224337,2064416
2018,6,DGH,3441,1582,1859
2018,6,DHM,11735,5215,6520
2018,6,DIB,27489,14060,13429
2018,6,DIU,1481,633,848
2018,6,DMU,16796,8639,8157
2018,6,GAU,458810,231919,226891
2018,6,GAY,4975,2399,2576
2018,6,GOI,566784,284204,282580
2018,6,GOP,14051,6953,7098
2018,6,GWL,2046,1002,1044
2018,6,HBX,25023,12768,12255
2018,6,HJR,1597,990,607
2018,6,HYD,1520967,753140,767827
2018,6,IDR,242218,119371,122847
2018,6,IMF,98545,48112,50433
2018,6,ISK,1839,916,923
2018,6,IXA,126451,63825,62626
2018,6,IXB,235703,117661,118042
2018,6,IXC,153820,78171,75649
2018,6,IXD,6706,3421,3285
2018,6,IXE,135964,67847,68117
2018,6,IXG,3982,1983,1999
2018,6,IXI,766,410,356
2018,6,IXJ,106728,51257,55471
2018,6,IXL,90659,46363,44296
2018,6,IXM,109994,54978,55016
2018,6,IXP,902,435,467
2018,6,IXR,230986,111104,119882
2018,6,IXS,28364,14573,13791
2018,6,IXT,231,132,99
2018,6,IXU,26828,13377,13451
2018,6,IXY,4352,2098,2254
2018,6,IXZ,131340,63254,68086
2018,6,JAI,378966,184545,194421
2018,6,JDH,31746,15166,16580
2018,6,JGA,6214,2997,3217
2018,6,JGB,401,214,187
2018,6,JLG,269,155,114
2018,6,JLR,19399,9707,9692
2018,6,JRH,9502,4948,4554
2018,6,JSA,2331,1149,1182
2018,6,KLH,243,124,119
2018,6,KUU,3026,1000,2026
2018,6,LKO,401050,198714,202336
2018,6,LUH,1011,381,630
2018,6,MAA,1403160,696837,706323
2018,6,MYQ,3320,1760,1560
2018,6,NAG,210821,100906,109915
2018,6,NDC,9155,4643,4512
2018,6,PAT,344753,166744,178009
2018,6,PBD,4186,1963,2223
2018,6,PGH,1155,622,533
2018,6,PNQ,695532,331614,363918
2018,6,PNY,8326,4182,4144
2018,6,RAJ,28433,13362,15071
2018,6,RJA,35695,17502,18193
2018,6,RPR,168939,82254,86685
2018,6,SAG,5470,2755,2715
2018,6,SHL,1293,619,674
2018,6,SLV,646,186,460
2018,6,STV,75384,35177,40207
2018,6,SXR,240099,122165,117934
2018,6,SXV,3342,1695,1647
2018,6,TCR,9197,4560,4637
2018,6,TEZ,1724,804,920
2018,6,TIR,70143,34792,35351
2018,6,TRV,161222,83608,77614
2018,6,TRZ,26903,12761,14142
2018,6,UDR,90345,43802,46543
2018,6,VDY,6390,3215,3175
2018,6,VGA,102443,50250,52193
2018,6,VNS,193182,96150,97032
2018,6,VTZ,218594,104213,114381
2018,7,AGR,834,205,629
2018,7,AGX,1245,549,696
2018,7,AIP,4538,2333,2205
2018,7,AJL,18492,9745,8747
2018,7,AMD,805638,401293,404345
2018,7,ATQ,128927,62871,66056
2018,7,BBI,350913,183435,167478
2018,7,BDQ,84384,42833,41551
2018,7,BHJ,13672,6492,7180
2018,7,BHO,55407,28396,27011
2018,7,BHU,3144,1550,1594
2018,7,BKB,4890,2387,2503
2018,7,BLR,2366127,1184786,1181341
2018,7,BOM,2992002,1503437,1488565
2018,7,BUP,3766,1965,1801
2018,7,CCJ,57571,27408,30163
2018,7,CCU,1569648,780250,789398
2018,7,CDP,9097,4751,4346
2018,7,CJB,216052,107627,108425
2018,7,COK,468181,218574,249607
2018,7,DED,93075,45872,47203
2018,7,DEL,4380094,2211313,2168781
2018,7,DGH,2942,1633,1309
2018,7,DHM,12018,5434,6584
2018,7,DIB,29035,14873,14162
2018,7,DIU,1254,477,777
2018,7,DMU,17821,9024,8797
2018,7,GAU,485353,243351,242002
2018,7,GAY,5193,2625,2568
2018,7,GOI,563704,282093,281611
2018,7,GOP,14357,7184,7173
2018,7,GWL,1906,918,988
2018,7,HBX,46123,23799,22324
2018,7,HJR,2132,1172,960
2018,7,HYD,1607414,802797,804617
2018,7,IDR,270247,136947,133300
2018,7,IMF,104142,51772,52370
2018,7,ISK,3020,1520,1500
2018,7,IXA,128149,65518,62631
2018,7,IXB,216111,108369,107742
2018,7,IXC,180871,88963,91908
2018,7,IXD,7635,3846,3789
2018,7,IXE,131422,63749,67673
2018,7,IXG,904,446,458
2018,7,IXI,737,566,171
2018,7,IXJ,107327,50656,56671
2018,7,IXL,90913,46106,44807
2018,7,IXM,102384,51212,51172
2018,7,IXP,991,506,485
2018,7,IXR,224599,111928,112671
2018,7,IXS,31930,15794,16136
2018,7,IXT,117,74,43
2018,7,IXU,26981,13692,13289
2018,7,IXY,4696,2325,2371
2018,7,IXZ,90050,41811,48239
2018,7,JAI,401692,198409,203283
2018,7,JDH,30175,14632,15543
2018,7,JGA,6870,3360,3510
2018,7,JGB,145,86,59
2018,7,JLG,11,4,7
2018,7,JLR,17406,8710,8696
2018,7,JRH,9393,4847,4546
2018,7,JSA,3504,1522,1982
2018,7,KLH,22,14,8
2018,7,KNU,4468,2222,2246
2018,7,KUU,1871,665,1206
2018,7,LKO,387839,196804,191035
2018,7,LUH,1238,545,693
2018,7,MAA,1469174,726829,742345
2018,7,MYQ,3547,1836,1711
2018,7,NAG,216028,105195,110833
2018,7,NDC,8654,4551,4103
2018,7,PAT,354454,184339,170115
2018,7,PBD,4336,2063,2273
2018,7,PGH,1064,544,520
2018,7,PNQ,731451,356910,374541
2018,7,PNY,8029,4112,3917
2018,7,RAJ,28218,13587,14631
2018,7,RJA,43180,22315,20865
2018,7,RPR,164285,83017,81268
2018,7,SAG,6738,3503,3235
2018,7,SHL,942,500,442
2018,7,SLV,358,104,254
2018,7,STV,77725,35798,41927
2018,7,SXR,248388,129705,118683
2018,7,SXV,3198,1615,1583
2018,7,TCR,14280,7110,7170
2018,7,TEZ,453,140,313
2018,7,TIR,77035,38480,38555
2018,7,TRV,179724,87141,92583
2018,7,TRZ,34780,16790,17990
2018,7,UDR,96878,48481,48397
2018,7,VDY,6295,3254,3041
2018,7,VGA,105863,53119,52744
2018,7,VNS,202862,105381,97481
2018,7,VTZ,223298,110532,112766
2018,8,AGR,1138,456,682
2018,8,AGX,860,420,440
2018,8,AIP,4127,2146,1981
2018,8,AJL,18295,9398,8897
2018,8,AMD,777781,394442,383339
2018,8,ATQ,124765,60665,64100
2018,8,BBI,307046,150962,156084
2018,8,BDQ,77034,40500,36534
2018,8,BHJ,12681,6476,6205
2018,8,BHO,57367,29128,28239
2018,8,BHU,3050,1574,1476
2018,8,BKB,5008,2461,2547
2018,8,BLR,2376210,1194622,1181588
2018,8,BOM,2956556,1485326,1471230
2018,8,BUP,2962,1579,1383
2018,8,CCJ,71704,35762,35942
2018,8,CCU,1508588,730883,777705
2018,8,CDP,9428,4865,4563
2018,8,CJB,220419,111716,108703
2018,8,COK,241149,119952,121197
2018,8,DED,87316,43205,44111
2018,8,DEL,4341518,2166606,2174912
2018,8,DGH,3234,1656,1578
2018,8,DHM,10166,4358,5808
2018,8,DIB,27211,14081,13130
2018,8,DIU,1614,836,778
2018,8,DMU,15530,8122,7408
2018,8,GAU,433978,211573,222405
2018,8,GAY,5421,2728,2693
2018,8,GOI,591952,295010,296942
2018,8,GOP,14360,6979,7381
2018,8,GWL,2142,1110,1032
2018,8,HBX,41993,21897,20096
2018,8,HJR,2582,1367,1215
2018,8,HYD,1507947,753077,754870
2018,8,IDR,251460,128815,122645
2018,8,IMF,94910,50866,44044
2018,8,ISK,4233,2058,2175
2018,8,IXA,122387,64675,57712
2018,8,IXB,210880,105438,105442
2018,8,IXC,182079,88064,94015
2018,8,IXD,7450,3763,3687
2018,8,IXE,134893,67059,67834
2018,8,IXG,3569,1856,1713
2018,8,IXI,824,452,372
2018,8,IXJ,109243,51242,58001
2018,8,IXL,85389,44612,40777
2018,8,IXM,106359,52327,54032
2018,8,IXP,955,507,448
2018,8,IXR,173671,86906,86765
2018,8,IXS,29777,15200,14577
2018,8,IXT,280,163,117
2018,8,IXU,27787,14685,13102
2018,8,IXY,4177,2078,2099
2018,8,IXZ,95412,47102,48310
2018,8,JAI,399607,195845,203762
2018,8,JDH,33101,16152,16949
2018,8,JGA,6945,3505,3440
2018,8,JGB,39,17,22
2018,8,JLG,345,171,174
2018,8,JLR,16713,8379,8334
2018,8,JRH,10719,5388,5331
2018,8,JSA,3999,2028,1971
2018,8,KLH,332,171,161
2018,8,KNU,4114,2027,2087
2018,8,KUU,1768,624,1144
2018,8,LKO,390925,193204,197721
2018,8,LUH,1755,840,915
2018,8,MAA,1402342,712524,689818
2018,8,MDA,257,119,138
2018,8,MYQ,3603,1871,1732
2018,8,NAG,214497,105452,109045
2018,8,NDC,8898,4575,4323
2018,8,PAT,348178,169817,178361
2018,8,PBD,4204,2010,2194
2018,8,PGH,661,319,342
2018,8,PNQ,737346,373277,364069
2018,8,PNY,8056,3885,4171
2018,8,RAJ,28969,15370,13599
2018,8,RJA,41038,20681,20357
2018,8,RPR,161849,81678,80171
2018,8,SAG,6851,3394,3457
2018,8,SHL,1004,471,533
2018,8,SLV,370,107,263
2018,8,STV,88324,45067,43257
2018,8,SXR,227308,117404,109904
2018,8,SXV,3318,1674,1644
2018,8,TCR,19617,9727,9890
2018,8,TEZ,165,12,153
2018,8,TIR,75318,37498,37820
2018,8,TRV,225377,113952,111425
2018,8,TRZ,31875,15745,16130
2018,8,UDR,97359,49159,48200
2018,8,VDY,6485,3242,3243
2018,8,VGA,98104,50045,48059
2018,8,VNS,189617,94090,95527
2018,8,VTZ,228213,113894,114319
2018,9,AGR,1600,632,968
2018,9,AGX,1212,567,645
2018,9,AIP,4401,2237,2164
2018,9,AJL,17804,8962,8842
2018,9,AMD,813374,404658,408716
2018,9,ATQ,128328,62281,66047
2018,9,BBI,311610,155548,156062
2018,9,BDQ,85393,44475,40918
2018,9,BHJ,13458,6967,6491
2018,9,BHO,56053,28665,27388
2018,9,BHU,3036,1530,1506
2018,9,BKB,4914,2433,2481
2018,9,BLR,2296254,1158784,1137470
2018,9,BOM,2913208,1439659,1473549
2018,9,BUP,3392,1776,1616
2018,9,CCJ,54255,29262,24993
2018,9,CCU,1498385,737610,760775
2018,9,CDP,8958,4598,4360
2018,9,CJB,216309,111342,104967
2018,9,COK,443865,232623,211242
2018,9,DED,94150,46291,47859
2018,9,DEL,4258970,2124563,2134407
2018,9,DGH,3325,1723,1602
2018,9,DHM,12165,5367,6798
2018,9,DIB,29032,14631,14401
2018,9,DIU,1628,790,838
2018,9,DMU,14756,7285,7471
2018,9,GAU,454425,220700,233725
2018,9,GAY,6056,2934,3122
2018,9,GOI,616077,304244,311833
2018,9,GOP,21132,10035,11097
2018,9,GWL,1851,983,868
2018,9,HBX,44840,22886,21954
2018,9,HJR,2485,1367,1118
2018,9,HYD,1544348,774435,769913
2018,9,IDR,265936,134705,131231
2018,9,IMF,95505,48389,47116
2018,9,ISK,3370,1621,1749
2018,9,IXA,101132,50889,50243
2018,9,IXB,227457,112903,114554
2018,9,IXC,190920,93240,97680
2018,9,IXD,7265,3583,3682
2018,9,IXE,124235,63475,60760
2018,9,IXG,4662,2402,2260
2018,9,IXI,743,411,332
2018,9,IXJ,109196,52083,57113
2018,9,IXL,83753,43917,39836
2018,9,IXM,90257,44871,45386
2018,9,IXP,1014,494,520
2018,9,IXR,172267,86286,85981
2018,9,IXS,32740,16246,16494
2018,9,IXT,173,96,77
2018,9,IXU,27640,14586,13054
2018,9,IXY,4337,2138,2199
2018,9,IXZ,124601,59774,64827
2018,9,JAI,407534,200467,207067
2018,9,JDH,38333,18884,19449
2018,9,JGA,6628,3234,3394
2018,9,JGB,150,70,80
2018,9,JLG,263,142,121
2018,9,JLR,16444,8075,8369
2018,9,JRH,11769,5639,6130
2018,9,JSA,3902,1968,1934
2018,9,KLH,262,124,138
2018,9,KNU,4210,2113,2097
2018,9,KUU,2324,762,1562
2018,9,LKO,386882,192482,194400
2018,9,LUH,1824,858,966
2018,9,MAA,1419027,729156,689871
2018,9,MDA,271,130,141
2018,9,MYQ,3350,1720,1630
2018,9,NAG,216138,108172,107966
2018,9,NDC,9156,4617,4539
2018,9,PAT,339300,167430,171870
2018,9,PBD,4257,2020,2237
2018,9,PGH,944,485,459
2018,9,PNQ,722256,359443,362813
2018,9,PNY,7441,3615,3826
2018,9,RAJ,28026,14536,13490
2018,9,RJA,41234,21327,19907
2018,9,RPR,160712,80997,79715
2018,9,SAG,8518,4149,4369
2018,9,SHL,1168,542,626
2018,9,SLV,439,128,311
2018,9,STV,110001,55299,54702
2018,9,SXR,225874,115420,110454
2018,9,SXV,3188,1649,1539
2018,9,TCR,20178,10190,9988
2018,9,TEZ,170,9,161
2018,9,TIR,72302,35879,36423
2018,9,TRV,157587,80866,76721
2018,9,TRZ,34953,17848,17105
2018,9,UDR,100206,49672,50534
2018,9,VDY,6570,3422,3148
2018,9,VGA,91421,47507,43914
2018,9,VNS,195689,96528,99161
2018,9,VTZ,218259,111180,107079
2018,10,AGR,2223,865,1358
2018,10,AGX,4863,2359,2504
2018,10,AIP,4528,2277,2251
2018,10,AJL,18628,9373,9255
2018,10,AMD,803710,405195,398515
2018,10,ATQ,141859,67018,74841
2018,10,BBI,355427,175112,180315
2018,10,BDQ,89738,45966,43772
2018,10,BHJ,16324,7954,8370
2018,10,BHO,56720,28563,28157
2018,10,BHU,2635,1269,1366
2018,10,BKB,5514,2720,2794
2018,10,BLR,2460467,1274912,1185555
2018,10,BOM,2862708,1468451,1394257
2018,10,BUP,3603,1826,1777
2018,10,CCJ,49520,25758,23762
2018,10,CCU,1671241,812388,858853
2018,10,CDP,10361,5351,5010
2018,10,CJB,213680,106300,107380
2018,10,COK,426498,216664,209834
2018,10,DED,107395,53355,54040
2018,10,DEL,4337411,2153074,2184337
2018,10,DGH,3662,1789,1873
2018,10,DHM,12259,5745,6514
2018,10,DIB,30232,14976,15256
2018,10,DIU,1517,740,777
2018,10,DMU,16085,7933,8152
2018,10,GAU,537038,260973,276065
2018,10,GAY,6950,3502,3448
2018,10,GOI,644653,324759,319894
2018,10,GOP,22908,10280,12628
2018,10,HBX,48289,24676,23613
2018,10,HJR,6448,3867,2581
2018,10,HYD,1630819,815351,815468
2018,10,IDR,267711,132199,135512
2018,10,IMF,103780,52321,51459
2018,10,ISK,3566,1812,1754
2018,10,IXA,106350,51524,54826
2018,10,IXB,258531,127720,130811
2018,10,IXC,198648,94581,104067
2018,10,IXD,7828,3847,3981
2018,10,IXE,125330,63121,62209
2018,10,IXG,4813,2405,2408
2018,10,IXI,1241,598,643
2018,10,IXJ,111440,51459,59981
2018,10,IXL,58681,35038,23643
2018,10,IXM,95350,45992,49358
2018,10,IXP,1163,571,592
2018,10,IXR,190480,93164,97316
2018,10,IXS,36033,17822,18211
2018,10,IXT,534,271,263
2018,10,IXU,29528,15172,14356
2018,10,IXY,4354,2153,2201
2018,10,IXZ,148414,74704,73710
2018,10,JAI,419752,203512,216240
2018,10,JDH,43548,21514,22034
2018,10,JGA,6781,3273,3508
2018,10,JLR,17219,8504,8715
2018,10,JRH,15253,7279,7974
2018,10,JSA,8244,4016,4228
2018,10,KNU,11456,5325,6131
2018,10,KQH,3261,1744,1517
2018,10,KUU,2293,878,1415
2018,10,LKO,414708,191808,222900
2018,10,LUH,1481,754,727
2018,10,MAA,1423984,716210,707774
2018,10,MDA,150,65,85
2018,10,MYQ,4347,2307,2040
2018,10,NAG,226204,109723,116481
2018,10,NDC,8582,4343,4239
2018,10,PAT,372965,172876,200089
2018,10,PBD,4211,2000,2211
2018,10,PGH,1079,533,546
2018,10,PNQ,748471,383074,365397
2018,10,PNY,7289,3492,3797
2018,10,PYG,2985,1404,1581
2018,10,RAJ,30153,14953,15200
2018,10,RJA,41062,20736,20326
2018,10,RPR,164374,80218,84156
2018,10,SAG,16068,8184,7884
2018,10,SHL,1267,589,678
2018,10,SLV,470,140,330
2018,10,STV,107547,55407,52140
2018,10,SXR,218095,115917,102178
2018,10,SXV,3414,1699,1715
2018,10,TCR,19857,9702,10155
2018,10,TEZ,50,25,25
2018,10,TIR,65976,33395,32581
2018,10,TRV,151197,74504,76693
2018,10,TRZ,30441,14669,15772
2018,10,UDR,105268,53516,51752
2018,10,VDY,6869,3440,3429
2018,10,VGA,90622,45956,44666
2018,10,VNS,213540,100452,113088
2018,10,VTZ,240543,119431,121112
2018,11,AGR,1930,777,1153
2018,11,AGX,2552,2510,42
2018,11,AIP,4608,2289,2319
2018,11,AJL,19372,9497,9875
2018,11,AMD,842281,420705,421576
2018,11,ATQ,145510,71518,73992
2018,11,BBI,329154,163503,165651
2018,11,BDQ,106092,53094,52998
2018,11,BHJ,18014,8390,9624
2018,11,BHO,63541,30207,33334
2018,11,BHU,3202,1597,1605
2018,11,BKB,5282,2593,2689
2018,11,BLR,2422108,1207569,1214539
2018,11,BOM,2891335,1463442,1427893
2018,11,BUP,2973,1491,1482
2018,11,CCJ,48091,24138,23953
2018,11,CCU,1618853,782118,836735
2018,11,CDP,9215,4690,4525
2018,11,CJB,240100,116589,123511
2018,11,COK,457486,224628,232858
2018,11,DED,102269,52008,50261
2018,11,DEL,4078070,2072001,2006069
2018,11,DGH,4066,1964,2102
2018,11,DHM,9675,4554,5121
2018,11,DIB,30057,15200,14857
2018,11,DIU,1763,866,897
2018,11,DMU,14546,7131,7415
2018,11,GAU,524754,255697,269057
2018,11,GAY,6526,3325,3201
2018,11,GOI,681230,335794,345436
2018,11,GOP,23637,11457,12180
2018,11,GWL,1623,0,1623
2018,11,HBX,51699,26064,25635
2018,11,HJR,8153,4690,3463
2018,11,HYD,1559026,777653,781373
2018,11,IDR,270725,136511,134214
2018,11,IMF,107366,53920,53446
2018,11,ISK,3267,1525,1742
2018,11,IXA,94871,50286,44585
2018,11,IXB,264173,133126,131047
2018,11,IXC,181592,89372,92220
2018,11,IXD,12332,6343,5989
2018,11,IXE,116452,57314,59138
2018,11,IXG,5041,2509,2532
2018,11,IXI,460,460,0
2018,11,IXJ,117682,53204,64478
2018,11,IXL,40318,23735,16583
2018,11,IXM,92511,45647,46864
2018,11,IXP,1152,579,573
2018,11,IXR,184482,93102,91380
2018,11,IXS,33529,16386,17143
2018,11,IXU,31056,15897,15159
2018,11,IXY,4653,2314,2339
2018,11,IXZ,157537,78105,79432
2018,11,JAI,391439,195787,195652
2018,11,JDH,50122,24527,25595
2018,11,JGA,6975,3329,3646
2018,11,JLR,19771,9820,9951
2018,11,JRH,15386,7606,7780
2018,11,JSA,23075,11403,11672
2018,11,KNU,23553,11813,11740
2018,11,KQH,4494,2247,2247
2018,11,KUU,2105,794,1311
2018,11,LKO,373135,181917,191218
2018,11,LUH,1932,916,1016
2018,11,MAA,1352706,687119,665587
2018,11,MYQ,3303,1683,1620
2018,11,NAG,242961,120404,122557
2018,11,NDC,9720,4837,4883
2018,11,PAT,356057,174652,181405
2018,11,PBD,4596,2284,2312
2018,11,PGH,1156,556,600
2018,11,PNQ,728704,364735,363969
2018,11,PNY,5460,2769,2691
2018,11,PYG,3657,1748,1909
2018,11,RAJ,26880,13422,13458
2018,11,RJA,34399,17515,16884
2018,11,RPR,164333,85061,79272
2018,11,SAG,23716,11862,11854
2018,11,SHL,974,436,538
2018,11,SLV,541,152,389
2018,11,STV,133081,66418,66663
2018,11,SXR,207381,109554,97827
2018,11,SXV,3134,1554,1580
2018,11,TCR,14753,7158,7595
2018,11,TEZ,266,266,0
2018,11,TIR,66874,34136,32738
2018,11,TRV,158466,77223,81243
2018,11,TRZ,24837,12259,12578
2018,11,UDR,131167,64895,66272
2018,11,VDY,6407,3235,3172
2018,11,VGA,91615,40992,50623
2018,11,VNS,242026,118836,123190
2018,11,VTZ,213903,110522,103381
2018,12,AGR,2558,876,1682
2018,12,AGX,2738,2634,104
2018,12,AIP,4598,2308,2290
2018,12,AJL,20429,9518,10911
2018,12,AMD,884850,441174,443676
2018,12,ATQ,177002,88454,88548
2018,12,BBI,383857,188006,195851
2018,12,BDQ,117022,57511,59511
2018,12,BHJ,19065,9185,9880
2018,12,BHO,70542,32786,37756
2018,12,BHU,3236,1598,1638
2018,12,BKB,4667,2160,2507
2018,12,BLR,2634969,1330931,1304038
2018,12,BOM,3113923,1553160,1560763
2018,12,BUP,3261,1663,1598
2018,12,CCJ,56000,26122,29878
2018,12,CCU,1712918,849276,863642
2018,12,CDP,10042,4937,5105
2018,12,CJB,258821,125663,133158
2018,12,COK,572314,272959,299355
2018,12,DED,107076,55747,51329
2018,12,DEL,4435468,2278615,2156853
2018,12,DGH,3890,1846,2044
2018,12,DHM,9915,4590,5325
2018,12,DIB,32103,15798,16305
2018,12,DIU,1996,952,1044
2018,12,DMU,16445,7870,8575
2018,12,GAU,608281,293213,315068
2018,12,GAY,7690,3991,3699
2018,12,GOI,730627,358570,372057
2018,12,GOP,24375,12194,12181
2018,12,GWL,1616,0,1616
2018,12,HBX,50671,25107,25564
2018,12,HJR,5671,3129,2542
2018,12,HYD,1732040,859298,872742
2018,12,IDR,315878,157958,157920
2018,12,IMF,122355,57647,64708
2018,12,ISK,3533,1684,1849
2018,12,IXA,107858,54562,53296
2018,12,IXB,268599,135733,132866
2018,12,IXC,169855,83856,85999
2018,12,IXD,17838,9086,8752
2018,12,IXE,121969,59829,62140
2018,12,IXG,5243,2556,2687
2018,12,IXI,498,498,0
2018,12,IXJ,130010,59646,70364
2018,12,IXL,42195,25807,16388
2018,12,IXM,96524,46672,49852
2018,12,IXP,961,492,469
2018,12,IXR,221136,107122,114014
2018,12,IXS,36026,17428,18598
2018,12,IXU,33623,17145,16478
2018,12,IXY,4769,2387,2382
2018,12,IXZ,176585,86310,90275
2018,12,JAI,443210,223354,219856
2018,12,JDH,56674,28258,28416
2018,12,JGA,7378,3599,3779
2018,12,JLR,21191,10620,10571
2018,12,JRH,20657,9956,10701
2018,12,JSA,25967,12931,13036
2018,12,KLH,2743,1333,1410
2018,12,KNU,26042,13118,12924
2018,12,KQH,4230,2178,2052
2018,12,KUU,1559,590,969
2018,12,LKO,424098,217045,207053
2018,12,LUH,1536,799,737
2018,12,MAA,1493320,750211,743109
2018,12,MAQ,16320,7580,8740
2018,12,MYQ,3653,1895,1758
2018,12,NAG,273787,133814,139973
2018,12,NDC,11530,5760,5770
2018,12,PAT,316587,158148,158439
2018,12,PBD,5451,2743,2708
2018,12,PGH,777,371,406
2018,12,PNQ,757845,375363,382482
2018,12,PNY,7453,3673,3780
2018,12,PYG,4689,2210,2479
2018,12,RAJ,28603,14003,14600
2018,12,RJA,34933,17056,17877
2018,12,RPR,196032,100227,95805
2018,12,SAG,25201,12552,12649
2018,12,SHL,1047,475,572
2018,12,SLV,1023,309,714
2018,12,STV,149104,72292,76812
2018,12,SXR,227927,120349,107578
2018,12,SXV,3564,1764,1800
2018,12,TCR,17500,8198,9302
2018,12,TEZ,377,377,0
2018,12,TIR,71219,36692,34527
2018,12,TRV,167183,81225,85958
2018,12,TRZ,26624,12882,13742
2018,12,UDR,149742,74965,74777
2018,12,VDY,6635,3230,3405
2018,12,VGA,102263,44255,58008
2018,12,VNS,210550,106814,103736
2018,12,VTZ,257265,128337,128928
2019,1,AGR,2721,986,1735
2019,1,AGX,3427,1678,1749
2019,1,AIP,4639,2332,2307
2019,1,AJL,19686,10308,9378
2019,1,AMD,914742,461897,452845
2019,1,ATQ,168601,82401,86200
2019,1,BBI,377854,190507,187347
2019,1,BDQ,121495,61900,59595
2019,1,BHJ,18718,9561,9157
2019,1,BHO,82919,42705,40214
2019,1,BHU,3088,1504,1584
2019,1,BKB,5192,2501,2691
2019,1,BLR,2603376,1300733,1302643
2019,1,BOM,3056308,1542658,1513650
2019,1,BUP,3351,1742,1609
2019,1,CCJ,46540,24462,22078
2019,1,CCU,1741430,849732,891698
2019,1,CDP,9479,4825,4654
2019,1,CJB,253061,130067,122994
2019,1,COK,569019,294214,274805
2019,1,DED,99170,49139,50031
2019,1,DEL,4278152,2104891,2173261
2019,1,DGH,3971,1975,1996
2019,1,DHM,8268,3916,4352
2019,1,DIB,32951,16512,16439
2019,1,DIU,1536,695,841
2019,1,DMU,16102,8511,7591
2019,1,GAU,585965,289831,296134
2019,1,GAY,6333,3429,2904
2019,1,GOI,731312,372314,358998
2019,1,GOP,27895,13402,14493
2019,1,GWL,2113,1090,1023
2019,1,HBX,46574,24395,22179
2019,1,HJR,6553,3560,2993
2019,1,HYD,1720049,866308,853741
2019,1,IDR,307338,155877,151461
2019,1,IMF,116031,63822,52209
2019,1,ISK,3462,1685,1777
2019,1,IXA,106355,52688,53667
2019,1,IXB,269221,137455,131766
2019,1,IXC,160551,78079,82472
2019,1,IXD,31173,15339,15834
2019,1,IXE,116740,59287,57453
2019,1,IXG,5071,2569,2502
2019,1,IXI,1274,749,525
2019,1,IXJ,118819,56260,62559
2019,1,IXL,42280,22190,20090
2019,1,IXM,95037,48099,46938
2019,1,IXP,1050,541,509
2019,1,IXR,217705,111215,106490
2019,1,IXS,36857,17757,19100
2019,1,IXT,99,6,93
2019,1,IXU,32764,17221,15543
2019,1,IXY,4474,2247,2227
2019,1,IXZ,172073,88635,83438
2019,1,JAI,461230,228882,232348
2019,1,JDH,55137,27673,27464
2019,1,JGA,7240,3497,3743
2019,1,JLR,24608,12293,12315
2019,1,JRH,19535,10096,9439
2019,1,JSA,29021,14654,14367
2019,1,KLH,4623,2299,2324
2019,1,KNU,25154,12428,12726
2019,1,KQH,3855,1990,1865
2019,1,KUU,1379,452,927
2019,1,LKO,411205,199692,211513
2019,1,LUH,1288,642,646
2019,1,MAA,1463957,720756,743201
2019,1,MAQ,31811,16269,15542
2019,1,MYQ,3578,1839,1739
2019,1,NAG,270144,136686,133458
2019,1,NDC,12475,6460,6015
2019,1,NNS,307,157,150
2019,1,PAT,296492,145169,151323
2019,1,PBD,6358,3144,3214
2019,1,PGH,1640,830,810
2019,1,PNQ,763024,385191,377833
2019,1,PNY,7795,3879,3916
2019,1,PYG,6531,3119,3412
2019,1,RAJ,28867,14255,14612
2019,1,RJA,24612,12670,11942
2019,1,RPR,193117,97835,95282
2019,1,SAG,40838,20490,20348
2019,1,SHL,887,481,406
2019,1,SLV,419,128,291
2019,1,STV,141044,70966,70078
2019,1,SXR,195783,102591,93192
2019,1,SXV,3539,1795,1744
2019,1,TCR,17992,9106,8886
2019,1,TEZ,280,161,119
2019,1,TIR,69463,34495,34968
2019,1,TRV,162165,83501,78664
2019,1,TRZ,27096,13169,13927
2019,1,UDR,148297,75405,72892
2019,1,VDY,6473,3188,3285
2019,1,VGA,96982,50712,46270
2019,1,VNS,219851,108049,111802
2019,1,VTZ,241094,123579,117515
2019,2,AGR,2677,1040,1637
2019,2,AGX,2542,2542,0
2019,2,AIP,4169,2072,2097
2019,2,AJL,10068,5085,4983
2019,2,AMD,849283,437786,411497
2019,2,ATQ,154171,75862,78309
2019,2,BBI,317345,158729,158616
2019,2,BDQ,109699,57294,52405
2019,2,BHJ,13724,6719,7005
2019,2,BHO,77719,36986,40733
2019,2,BHU,2958,1524,1434
2019,2,BKB,5191,2546,2645
2019,2,BLR,2236398,1124733,1111665
2019,2,BOM,2609025,1308020,1301005
2019,2,BUP,1626,755,871
2019,2,CCJ,36625,18396,18229
2019,2,CCU,1593121,787793,805328
2019,2,CDP,7936,4037,3899
2019,2,CJB,229630,115117,114513
2019,2,COK,480558,242558,238000
2019,2,DED,103620,50047,53573
2019,2,DEL,4052608,2016358,2036250
2019,2,DGH,4526,2230,2296
2019,2,DHM,7121,3337,3784
2019,2,DIB,31310,15621,15689
2019,2,DIU,1166,568,598
2019,2,DMU,13038,6738,6300
2019,2,GAU,485291,233946,251345
2019,2,GAY,6006,3183,2823
2019,2,GOI,658575,333472,325103
2019,2,GOP,30701,14756,15945
2019,2,GWL,1529,0,1529
2019,2,HBX,44714,22871,21843
2019,2,HJR,6056,3359,2697
2019,2,HYD,1641395,822522,818873
2019,2,IDR,276653,139439,137214
2019,2,IMF,93805,49463,44342
2019,2,ISK,8869,2393,6476
2019,2,IXA,95768,49462,46306
2019,2,IXB,243004,119587,123417
2019,2,IXC,150002,73999,76003
2019,2,IXD,36032,17747,18285
2019,2,IXE,92765,46651,46114
2019,2,IXG,3957,2042,1915
2019,2,IXI,1718,1077,641
2019,2,IXJ,113259,56146,57113
2019,2,IXL,38497,17342,21155
2019,2,IXM,79359,39574,39785
2019,2,IXP,752,402,350
2019,2,IXR,191392,94850,96542
2019,2,IXS,28482,14179,14303
2019,2,IXU,26495,13617,12878
2019,2,IXY,2647,1321,1326
2019,2,IXZ,144767,72649,72118
2019,2,JAI,407014,204580,202434
2019,2,JDH,50643,25591,25052
2019,2,JGA,4377,2178,2199
2019,2,JLR,24983,12673,12310
2019,2,JRH,11704,5969,5735
2019,2,JSA,24649,12627,12022
2019,2,KLH,3997,1965,2032
2019,2,KNU,20653,10253,10400
2019,2,KQH,4015,2054,1961
2019,2,KUU,1303,377,926
2019,2,LKO,415558,204103,211455
2019,2,LUH,1254,615,639
2019,2,MAA,1364162,687604,676558
2019,2,MAQ,41951,21358,20593
2019,2,MYQ,3188,1654,1534
2019,2,NAG,229096,115043,114053
2019,2,NDC,10866,5522,5344
2019,2,NNS,225,111,114
2019,2,PAT,316367,153724,162643
2019,2,PBD,4225,2105,2120
2019,2,PGH,1221,622,599
2019,2,PNQ,706481,351896,354585
2019,2,PNY,5827,2880,2947
2019,2,PYG,2424,1119,1305
2019,2,RAJ,24077,12001,12076
2019,2,RJA,24276,12129,12147
2019,2,RPR,155433,81443,73990
2019,2,SAG,38923,19399,19524
2019,2,SHL,427,209,218
2019,2,SLV,637,180,457
2019,2,STV,131560,65487,66073
2019,2,SXR,209486,101728,107758
2019,2,SXV,3025,1503,1522
2019,2,TCR,16521,8341,8180
2019,2,TEZ,517,517,0
2019,2,TIR,67805,33753,34052
2019,2,TRV,141698,71905,69793
2019,2,TRZ,24430,12142,12288
2019,2,UDR,129917,66205,63712
2019,2,VDY,5865,2932,2933
2019,2,VGA,92989,42004,50985
2019,2,VNS,242848,121304,121544
2019,2,VTZ,216137,111202,104935
2019,3,AGR,2419,987,1432
2019,3,AGX,2479,1162,1317
2019,3,AIP,4636,2333,2303
2019,3,AJL,7529,3719,3810
2019,3,AMD,833809,424509,409300
2019,3,ATQ,153426,77884,75542
2019,3,BBI,348080,172019,176061
2019,3,BDQ,92289,48242,44047
2019,3,BHJ,6133,3095,3038
2019,3,BHO,80744,41138,39606
2019,3,BHU,2926,1525,1401
2019,3,BKB,4943,2365,2578
2019,3,BLR,2445719,1236406,1209313
2019,3,BOM,2505957,1248008,1257949
2019,3,BUP,2501,1355,1146
2019,3,CCJ,35667,18249,17418
2019,3,CCU,1685229,822277,862952
2019,3,CDP,8713,4563,4150
2019,3,CJB,219077,111604,107473
2019,3,COK,469996,242338,227658
2019,3,DED,117787,59305,58482
2019,3,DEL,4130999,2072904,2058095
2019,3,DGH,6585,3324,3261
2019,3,DHM,10028,4706,5322
2019,3,DIB,31866,15535,16331
2019,3,DIU,1342,674,668
2019,3,DMU,14612,7349,7263
2019,3,GAU,507797,242147,265650
2019,3,GAY,6691,3658,3033
2019,3,GOI,674177,343156,331021
2019,3,GOP,33341,16154,17187
2019,3,GWL,2058,1098,960
2019,3,HBX,44042,22809,21233
2019,3,HJR,2589,1524,1065
2019,3,HYD,1714517,855998,858519
2019,3,IDR,272828,137617,135211
2019,3,IMF,108693,54521,54172
2019,3,ISK,9024,4390,4634
2019,3,IXA,105572,54299,51273
2019,3,IXB,268172,132868,135304
2019,3,IXC,166837,82806,84031
2019,3,IXD,26493,13539,12954
2019,3,IXE,91774,46348,45426
2019,3,IXG,5789,2966,2823
2019,3,IXI,1622,752,870
2019,3,IXJ,124266,63115,61151
2019,3,IXL,39201,14724,24477
2019,3,IXM,84838,41367,43471
2019,3,IXP,995,512,483
2019,3,IXR,201243,101488,99755
2019,3,IXS,28951,14236,14715
2019,3,IXU,22957,11622,11335
2019,3,IXY,2940,1460,1480
2019,3,IXZ,148321,75310,73011
2019,3,JAI,410944,203939,207005
2019,3,JDH,46639,23545,23094
2019,3,JGA,4436,2231,2205
2019,3,JLR,27857,14040,13817
2019,3,JRG,497,290,207
2019,3,JRH,9691,4894,4797
2019,3,JSA,17740,8826,8914
2019,3,KLH,4093,1822,2271
2019,3,KNU,19006,9489,9517
2019,3,KQH,4277,2163,2114
2019,3,KUU,2120,683,1437
2019,3,LKO,411341,205537,205804
2019,3,LUH,1483,724,759
2019,3,MAA,1347831,676792,671039
2019,3,MAQ,48151,24605,23546
2019,3,MYQ,3336,1690,1646
2019,3,NAG,216092,106642,109450
2019,3,NDC,11407,5615,5792
2019,3,PAT,332626,161028,171598
2019,3,PBD,4717,2364,2353
2019,3,PGH,2297,1121,1176
2019,3,PNQ,686038,342857,343181
2019,3,PNY,7517,3781,3736
2019,3,PYG,1318,562,756
2019,3,RAJ,21296,10721,10575
2019,3,RJA,27424,13852,13572
2019,3,RPR,162492,82170,80322
2019,3,SAG,50864,25351,25513
2019,3,SHL,382,163,219
2019,3,SLV,404,118,286
2019,3,STV,131482,64463,67019
2019,3,SXR,224879,104387,120492
2019,3,SXV,3333,1660,1673
2019,3,TCR,17266,8535,8731
2019,3,TEZ,348,177,171
2019,3,TIR,80452,39689,40763
2019,3,TRV,135444,69023,66421
2019,3,TRZ,25194,12420,12774
2019,3,UDR,112636,58191,54445
2019,3,VDY,5866,2963,2903
2019,3,VGA,99781,50961,48820
2019,3,VNS,254491,129591,124900
2019,3,VTZ,218925,110082,108843
2019,4,AGR,1832,664,1168
2019,4,AGX,2536,1173,1363
2019,4,AIP,4525,2268,2257
2019,4,AJL,9393,4574,4819
2019,4,AMD,755096,382079,373017
2019,4,ATQ,132893,66513,66380
2019,4,BBI,310467,150331,160136
2019,4,BDQ,75369,39264,36105
2019,4,BHJ,2210,1088,1122
2019,4,BHO,94072,46510,47562
2019,4,BHU,3029,1487,1542
2019,4,BKB,5200,2474,2726
2019,4,BLR,2308270,1189773,1118497
2019,4,BOM,2419376,1242202,1177174
2019,4,BUP,3281,1672,1609
2019,4,CCJ,47435,24112,23323
2019,4,CCU,1570448,749653,820795
2019,4,CDP,9272,4895,4377
2019,4,CJB,199428,100254,99174
2019,4,COK,476011,238723,237288
2019,4,DED,102619,50142,52477
2019,4,DEL,3900786,1923102,1977684
2019,4,DGH,5679,2402,3277
2019,4,DHM,16606,7829,8777
2019,4,DIB,37024,17948,19076
2019,4,DIU,1543,738,805
2019,4,DMU,14478,6944,7534
2019,4,GAU,489322,231777,257545
2019,4,GAY,5749,2985,2764
2019,4,GOI,626786,317534,309252
2019,4,GOP,41951,19369,22582
2019,4,GWL,2098,1050,1048
2019,4,HBX,49875,25678,24197
2019,4,HJR,2437,1472,965
2019,4,HYD,1611872,825815,786057
2019,4,IDR,230812,114418,116394
2019,4,IMF,105245,53963,51282
2019,4,ISK,8534,4232,4302
2019,4,IXA,99638,50928,48710
2019,4,IXB,252482,123913,128569
2019,4,IXC,173577,84357,89220
2019,4,IXD,16284,7427,8857
2019,4,IXE,94037,46257,47780
2019,4,IXG,5376,2740,2636
2019,4,IXI,2435,1282,1153
2019,4,IXJ,118151,58141,60010
2019,4,IXL,54486,22791,31695
2019,4,IXM,81633,40089,41544
2019,4,IXP,1168,579,589
2019,4,IXR,183204,90589,92615
2019,4,IXS,26314,13077,13237
2019,4,IXT,53,3,50
2019,4,IXU,15800,8053,7747
2019,4,IXY,4541,2206,2335
2019,4,IXZ,143589,75272,68317
2019,4,JAI,343050,167597,175453
2019,4,JDH,21072,10165,10907
2019,4,JGA,6586,3098,3488
2019,4,JLR,30295,14793,15502
2019,4,JRG,11830,6076,5754
2019,4,JRH,10001,4805,5196
2019,4,JSA,6776,3344,3432
2019,4,KLH,4556,2056,2500
2019,4,KNU,15161,7198,7963
2019,4,KQH,8429,4110,4319
2019,4,KUU,2386,651,1735
2019,4,LKO,389495,183148,206347
2019,4,LUH,1585,696,889
2019,4,MAA,1305377,669676,635701
2019,4,MAQ,82243,40307,41936
2019,4,MYQ,3238,1585,1653
2019,4,NAG,211604,105561,106043
2019,4,NDC,11262,5743,5519
2019,4,PAT,320785,153809,166976
2019,4,PBD,6119,2974,3145
2019,4,PGH,1638,867,771
2019,4,PNQ,686420,351803,334617
2019,4,PNY,6617,3351,3266
2019,4,PYG,2707,1292,1415
2019,4,RAJ,12793,6481,6312
2019,4,RJA,26033,13149,12884
2019,4,RPR,165411,83204,82207
2019,4,SAG,47574,24094,23480
2019,4,SHL,506,178,328
2019,4,SLV,298,91,207
2019,4,STV,131963,66293,65670
2019,4,SXR,254015,125929,128086
2019,4,SXV,3267,1638,1629
2019,4,TCR,19402,9568,9834
2019,4,TEZ,189,118,71
2019,4,TIR,73733,36795,36938
2019,4,TRV,136653,65884,70769
2019,4,TRZ,23632,11880,11752
2019,4,UDR,87593,42095,45498
2019,4,VDY,5792,2954,2838
2019,4,VGA,95408,48760,46648
2019,4,VNS,199152,95983,103169
2019,4,VTZ,205363,102558,102805
2019,5,AGR,1533,550,983
2019,5,AGX,2294,921,1373
2019,5,AIP,3744,1968,1776
2019,5,AJL,10859,5306,5553
2019,5,AMD,838494,430853,407641
2019,5,ATQ,131713,67865,63848
2019,5,BBI,335581,170979,164602
2019,5,BDQ,89059,47093,41966
2019,5,BHJ,2132,1070,1062
2019,5,BHO,119406,61324,58082
2019,5,BHU,3080,1528,1552
2019,5,BKB,5018,2528,2490
2019,5,BLR,2479216,1199803,1279413
2019,5,BOM,2928191,1486724,1441467
2019,5,BUP,3110,1667,1443
2019,5,CCJ,49040,23061,25979
2019,5,CCU,1606212,798208,808004
2019,5,CDP,10110,5284,4826
2019,5,CJB,235499,115844,119655
2019,5,COK,520571,250863,269708
2019,5,DED,109001,54922,54079
2019,5,DEL,4299082,2193966,2105116
2019,5,DGH,7268,3552,3716
2019,5,DHM,16847,7464,9383
2019,5,DIB,36747,17607,19140
2019,5,DIU,1581,754,827
2019,5,DMU,15065,7120,7945
2019,5,GAU,517096,251941,265155
2019,5,GAY,4335,1958,2377
2019,5,GOI,671551,334152,337399
2019,5,GOP,67255,33154,34101
2019,5,GWL,7860,4473,3387
2019,5,HBX,54970,27781,27189
2019,5,HJR,1429,979,450
2019,5,HYD,1725014,847131,877883
2019,5,IDR,250928,127909,123019
2019,5,IMF,114422,56121,58301
2019,5,ISK,8219,4023,4196
2019,5,IXA,112718,58642,54076
2019,5,IXB,311360,154000,157360
2019,5,IXC,178157,89356,88801
2019,5,IXD,24740,12661,12079
2019,5,IXE,111072,56112,54960
2019,5,IXG,12440,6493,5947
2019,5,IXI,2411,1214,1197
2019,5,IXJ,131006,63781,67225
2019,5,IXL,82676,40379,42297
2019,5,IXM,91789,43933,47856
2019,5,IXP,1081,529,552
2019,5,IXR,216915,108603,108312
2019,5,IXS,25686,12424,13262
2019,5,IXT,33,2,31
2019,5,IXU,16736,8421,8315
2019,5,IXY,6014,2991,3023
2019,5,IXZ,155828,81673,74155
2019,5,JAI,364552,189226,175326
2019,5,JDH,18876,9452,9424
2019,5,JGA,7181,3491,3690
2019,5,JLR,31967,16228,15739
2019,5,JRG,13610,6915,6695
2019,5,JRH,10098,4988,5110
2019,5,JSA,7005,3736,3269
2019,5,KLH,9581,4700,4881
2019,5,KNU,15552,7711,7841
2019,5,KQH,11348,5807,5541
2019,5,KUU,2955,838,2117
2019,5,LKO,420454,207533,212921
2019,5,LUH,1448,615,833
2019,5,MAA,1421871,705333,716538
2019,5,MAQ,87271,42301,44970
2019,5,MYQ,3694,1781,1913
2019,5,NAG,277000,141511,135489
2019,5,NDC,11128,5658,5470
2019,5,PAT,382795,183692,199103
2019,5,PBD,6609,3217,3392
2019,5,PGH,2254,1131,1123
2019,5,PNQ,752360,377400,374960
2019,5,PNY,6903,3431,3472
2019,5,PYG,1484,701,783
2019,5,RAJ,13958,7060,6898
2019,5,RJA,29914,15277,14637
2019,5,RPR,191998,98393,93605
2019,5,SAG,52125,26183,25942
2019,5,SHL,1627,518,1109
2019,5,SLV,957,323,634
2019,5,STV,149579,76257,73322
2019,5,SXR,274937,135124,139813
2019,5,SXV,3586,1771,1815
2019,5,TCR,20410,10036,10374
2019,5,TEZ,387,199,188
2019,5,TIR,80093,39649,40444
2019,5,TRV,145073,68532,76541
2019,5,TRZ,24635,12261,12374
2019,5,UDR,94720,49706,45014
2019,5,VDY,6021,2972,3049
2019,5,VGA,112513,57203,55310
2019,5,VNS,224656,110899,113757
2019,5,VTZ,244119,122330,121789
2019,6,AGR,924,442,482
2019,6,AGX,1901,745,1156
2019,6,AIP,4447,2275,2172
2019,6,AJL,10349,5181,5168
2019,6,AMD,801581,392400,409181
2019,6,ATQ,138336,72417,65919
2019,6,BBI,328685,161382,167303
2019,6,BDQ,84927,40995,43932
2019,6,BHJ,1851,892,959
2019,6,BHO,125247,62831,62416
2019,6,BHU,2609,1309,1300
2019,6,BKB,1606,766,840
2019,6,BLR,2333526,1158001,1175525
2019,6,BOM,2960246,1454133,1506113
2019,6,BUP,3941,2085,1856
2019,6,CCJ,46830,24021,22809
2019,6,CCU,1607007,797170,809837
2019,6,CDP,9399,4926,4473
2019,6,CJB,215852,108986,106866
2019,6,COK,487662,249310,238352
2019,6,DED,119122,61355,57767
2019,6,DEL,4411651,2256480,2155171
2019,6,DGH,7553,3926,3627
2019,6,DHM,16613,7389,9224
2019,6,DIB,38699,19500,19199
2019,6,DIU,1264,600,664
2019,6,DMU,15094,7892,7202
2019,6,GAU,523994,265406,258588
2019,6,GAY,4093,1935,2158
2019,6,GOI,636152,320843,315309
2019,6,GOP,70174,37161,33013
2019,6,GWL,11730,6399,5331
2019,6,HBX,46388,24263,22125
2019,6,HJR,337,207,130
2019,6,HYD,1610199,788773,821426
2019,6,IDR,232639,114238,118401
2019,6,IMF,111492,59271,52221
2019,6,ISK,7330,3644,3686
2019,6,IXA,115386,57920,57466
2019,6,IXB,304773,155348,149425
2019,6,IXC,171901,87732,84169
2019,6,IXD,33419,17552,15867
2019,6,IXE,103478,52252,51226
2019,6,IXG,14748,7680,7068
2019,6,IXI,2453,1250,1203
2019,6,IXJ,134569,65030,69539
2019,6,IXL,88675,45562,43113
2019,6,IXM,91984,46583,45401
2019,6,IXP,1457,723,734
2019,6,IXR,228774,115567,113207
2019,6,IXS,29373,15131,14242
2019,6,IXT,17,6,11
2019,6,IXU,15636,7769,7867
2019,6,IXY,6261,3206,3055
2019,6,IXZ,125817,61356,64461
2019,6,JAI,379836,188555,191281
2019,6,JDH,17507,8501,9006
2019,6,JGA,5054,2436,2618
2019,6,JLR,32420,16453,15967
2019,6,JRG,20262,10232,10030
2019,6,JRH,10108,5224,4884
2019,6,JSA,6260,3084,3176
2019,6,KLH,12152,5983,6169
2019,6,KNU,23075,12083,10992
2019,6,KQH,10803,5344,5459
2019,6,KUU,2766,824,1942
2019,6,LKO,413332,211716,201616
2019,6,LUH,1600,661,939
2019,6,MAA,1406386,692750,713636
2019,6,MAQ,73560,37317,36243
2019,6,MYQ,4909,2481,2428
2019,6,NAG,273585,135813,137772
2019,6,NDC,12935,6254,6681
2019,6,PAT,426102,215498,210604
2019,6,PBD,5894,2705,3189
2019,6,PGH,4549,2275,2274
2019,6,PNQ,699252,342283,356969
2019,6,PNY,6484,3205,3279
2019,6,RAJ,12574,5983,6591
2019,6,RJA,30283,15378,14905
2019,6,RPR,181759,89619,92140
2019,6,SAG,50128,24647,25481
2019,6,SHL,1504,589,915
2019,6,SLV,938,305,633
2019,6,STV,132812,64578,68234
2019,6,SXR,287322,143820,143502
2019,6,SXV,3452,1760,1692
2019,6,TCR,18473,9441,9032
2019,6,TEZ,438,293,145
2019,6,TIR,82848,41136,41712
2019,6,TRV,136126,70147,65979
2019,6,TRZ,24280,12355,11925
2019,6,UDR,96749,48085,48664
2019,6,VDY,6353,3066,3287
2019,6,VGA,109962,54563,55399
2019,6,VNS,225021,118231,106790
2019,6,VTZ,228706,113476,115230
2019,7,AGR,1042,495,547
2019,7,AGX,1552,611,941
2019,7,AIP,4136,2048,2088
2019,7,AJL,11060,5552,5508
2019,7,AMD,823635,408097,415538
2019,7,ATQ,134311,65898,68413
2019,7,BBI,299978,151679,148299
2019,7,BDQ,83842,42722,41120
2019,7,BHJ,1866,910,956
2019,7,BHO,116097,59412,56685
2019,7,BHU,2706,1343,1363
2019,7,BKB,3331,1564,1767
2019,7,BLR,2333239,1155154,1178085
2019,7,BOM,2955231,1492520,1462711
2019,7,BUP,3578,1892,1686
2019,7,CCJ,49294,24183,25111
2019,7,CCU,1607826,799973,807853
2019,7,CDP,9209,4801,4408
2019,7,CJB,238463,117919,120544
2019,7,COK,441652,220504,221148
2019,7,DED,106229,52730,53499
2019,7,DEL,4395609,2197515,2198094
2019,7,DGH,10822,5757,5065
2019,7,DHM,14827,6920,7907
2019,7,DIB,46996,23883,23113
2019,7,DIU,1098,497,601
2019,7,DMU,17470,8937,8533
2019,7,GAU,514785,256694,258091
2019,7,GAY,2723,921,1802
2019,7,GOI,621440,314100,307340
2019,7,GOP,58401,31254,27147
2019,7,GWL,14813,7755,7058
2019,7,HBX,37986,19709,18277
2019,7,HJR,1373,900,473
2019,7,HYD,1630512,805166,825346
2019,7,IDR,226460,113493,112967
2019,7,IMF,117188,61510,55678
2019,7,ISK,7525,3738,3787
2019,7,IXA,115694,60015,55679
2019,7,IXB,287257,147915,139342
2019,7,IXC,185299,91111,94188
2019,7,IXD,32087,16143,15944
2019,7,IXE,106435,51331,55104
2019,7,IXG,20201,10127,10074
2019,7,IXI,1063,737,326
2019,7,IXJ,129755,62637,67118
2019,7,IXL,81029,41678,39351
2019,7,IXM,96707,48462,48245
2019,7,IXP,881,427,454
2019,7,IXR,217450,112354,105096
2019,7,IXS,31620,15784,15836
2019,7,IXT,18,0,18
2019,7,IXU,16383,8023,8360
2019,7,IXY,7042,3476,3566
2019,7,IXZ,97212,45234,51978
2019,7,JAI,359087,176957,182130
2019,7,JDH,14944,7315,7629
2019,7,JGA,3660,1735,1925
2019,7,JLR,27995,14136,13859
2019,7,JRG,17305,8827,8478
2019,7,JRH,10207,5191,5016
2019,7,JSA,8162,4116,4046
2019,7,KLH,11066,5566,5500
2019,7,KNU,19305,9809,9496
2019,7,KQH,9332,4369,4963
2019,7,KUU,1956,529,1427
2019,7,LKO,397555,200564,196991
2019,7,LUH,1727,741,986
2019,7,MAA,1434276,711705,722571
2019,7,MAQ,74315,35059,39256
2019,7,MYQ,9166,4636,4530
2019,7,NAG,241357,121051,120306
2019,7,NDC,10698,5451,5247
2019,7,PAT,395062,204642,190420
2019,7,PBD,7104,3477,3627
2019,7,PGH,1545,784,761
2019,7,PNQ,715059,356893,358166
2019,7,PNY,5193,2535,2658
2019,7,RAJ,9537,4648,4889
2019,7,RJA,31290,15774,15516
2019,7,RPR,174563,88619,85944
2019,7,SAG,53977,27149,26828
2019,7,SHL,1910,846,1064
2019,7,SLV,131,51,80
2019,7,STV,125337,61827,63510
2019,7,SXR,297089,150869,146220
2019,7,SXV,3181,1630,1551
2019,7,TCR,19372,9610,9762
2019,7,TEZ,333,185,148
2019,7,TIR,73871,36839,37032
2019,7,TRV,135493,65724,69769
2019,7,TRZ,24682,12301,12381
2019,7,UDR,92172,46531,45641
2019,7,VDY,6310,3189,3121
2019,7,VGA,95467,47976,47491
2019,7,VNS,225245,114787,110458
2019,7,VTZ,207406,105087,102319
2019,8,AGR,1647,705,942
2019,8,AGX,1227,453,774
2019,8,AIP,4639,2343,2296
2019,8,AJL,10298,5225,5073
2019,8,AMD,826929,414790,412139
2019,8,ATQ,127507,62832,64675
2019,8,BBI,286190,140531,145659
2019,8,BDQ,83358,42899,40459
2019,8,BHJ,2019,989,1030
2019,8,BHO,118572,60423,58149
2019,8,BHU,3100,1587,1513
2019,8,BKB,4858,2297,2561
2019,8,BLR,2356134,1184104,1172030
2019,8,BOM,3074987,1547937,1527050
2019,8,BUP,2336,1220,1116
2019,8,CCJ,48758,24502,24256
2019,8,CCU,1557924,756911,801013
2019,8,CDP,9442,4844,4598
2019,8,CJB,232675,116816,115859
2019,8,COK,413882,210546,203336
2019,8,DED,97824,48633,49191
2019,8,DEL,4350021,2154337,2195684
2019,8,DGH,9946,4871,5075
2019,8,DHM,13645,6219,7426
2019,8,DIB,40218,20456,19762
2019,8,DIU,1099,511,588
2019,8,DMU,14366,7570,6796
2019,8,GAU,458389,226353,232036
2019,8,GAY,9908,6463,3445
2019,8,GOI,646751,321443,325308
2019,8,GOP,48371,24159,24212
2019,8,GWL,14745,7744,7001
2019,8,HBX,24418,12191,12227
2019,8,HJR,1969,1194,775
2019,8,HYD,1620379,816623,803756
2019,8,IDR,229469,115453,114016
2019,8,IMF,108183,56487,51696
2019,8,ISK,7820,3853,3967
2019,8,IXA,119476,63329,56147
2019,8,IXB,265781,132688,133093
2019,8,IXC,176822,86112,90710
2019,8,IXD,33957,16976,16981
2019,8,IXE,115687,58535,57152
2019,8,IXG,21683,11027,10656
2019,8,IXI,1057,601,456
2019,8,IXJ,109055,52355,56700
2019,8,IXL,78192,40728,37464
2019,8,IXM,95806,47948,47858
2019,8,IXP,1003,494,509
2019,8,IXR,206959,104148,102811
2019,8,IXS,30313,15284,15029
2019,8,IXT,62,23,39
2019,8,IXU,13792,6924,6868
2019,8,IXY,7246,3629,3617
2019,8,IXZ,108577,54220,54357
2019,8,JAI,361499,178145,183354
2019,8,JDH,13878,6886,6992
2019,8,JGA,4465,2203,2262
2019,8,JLR,24978,12561,12417
2019,8,JRG,19143,9718,9425
2019,8,JRH,9148,4584,4564
2019,8,JSA,12012,5902,6110
2019,8,KLH,9694,4950,4744
2019,8,KNU,20178,9693,10485
2019,8,KQH,11452,5329,6123
2019,8,KUU,1528,400,1128
2019,8,LKO,405701,201996,203705
2019,8,LUH,1434,687,747
2019,8,MAA,1431162,722575,708587
2019,8,MAQ,81172,39910,41262
2019,8,MYQ,13581,6854,6727
2019,8,NAG,247696,123003,124693
2019,8,NDC,11889,5779,6110
2019,8,PAT,396035,193144,202891
2019,8,PBD,6590,3140,3450
2019,8,PGH,1684,849,835
2019,8,PNQ,707121,355576,351545
2019,8,PNY,3088,1479,1609
2019,8,RAJ,12974,6469,6505
2019,8,RJA,29823,15270,14553
2019,8,RPR,173946,87788,86158
2019,8,SAG,53529,26931,26598
2019,8,SHL,2850,1367,1483
2019,8,SLV,251,86,165
2019,8,STV,119357,59897,59460
2019,8,SXR,211761,119458,92303
2019,8,SXV,3144,1534,1610
2019,8,TCR,20444,10217,10227
2019,8,TEZ,271,186,85
2019,8,TIR,69041,34251,34790
2019,8,TRV,147855,73235,74620
2019,8,TRZ,24346,12056,12290
2019,8,UDR,93002,46806,46196
2019,8,VDY,6127,3097,3030
2019,8,VGA,83126,42227,40899
2019,8,VNS,224580,112534,112046
2019,8,VTZ,192438,96425,96013
2019,9,AGR,1742,646,1096
2019,9,AGX,2032,681,1351
2019,9,AIP,4409,2264,2145
2019,9,AJL,9611,4723,4888
2019,9,AMD,794130,394276,399854
2019,9,ATQ,111131,53852,57279
2019,9,BBI,287044,140569,146475
2019,9,BDQ,88290,44242,44048
2019,9,BHJ,2073,994,1079
2019,9,BHO,108491,55586,52905
2019,9,BHU,2789,1457,1332
2019,9,BKB,5196,2446,2750
2019,9,BLR,2240551,1147573,1092978
2019,9,BOM,2945158,1466273,1478885
2019,9,BUP,2298,1271,1027
2019,9,CCJ,44427,22818,21609
2019,9,CCU,1523151,743054,780097
2019,9,CDP,7734,3864,3870
2019,9,CJB,222034,113506,108528
2019,9,COK,479343,246605,232738
2019,9,DED,105493,51642,53851
2019,9,DEL,4325819,2149526,2176293
2019,9,DGH,9254,4569,4685
2019,9,DHM,13576,5843,7733
2019,9,DIB,39933,19659,20274
2019,9,DIU,1355,643,712
2019,9,DMU,14043,6954,7089
2019,9,GAU,429935,208137,221798
2019,9,GAY,9660,4824,4836
2019,9,GOI,628390,314454,313936
2019,9,GOP,58322,27788,30534
2019,9,GWL,12556,6452,6104
2019,9,HBX,36537,19054,17483
2019,9,HJR,1873,1182,691
2019,9,HYD,1588721,804136,784585
2019,9,IDR,224801,113108,111693
2019,9,IMF,99105,50567,48538
2019,9,ISK,6372,3175,3197
2019,9,IXA,112598,53834,58764
2019,9,IXB,263556,128164,135392
2019,9,IXC,184759,88187,96572
2019,9,IXD,32357,15393,16964
2019,9,IXE,102566,52082,50484
2019,9,IXG,21737,11477,10260
2019,9,IXI,1492,722,770
2019,9,IXJ,118496,57107,61389
2019,9,IXL,72337,39292,33045
2019,9,IXM,93226,47115,46111
2019,9,IXP,908,447,461
2019,9,IXR,205984,102360,103624
2019,9,IXS,32484,15999,16485
2019,9,IXT,83,44,39
2019,9,IXU,15781,8446,7335
2019,9,IXY,7142,3710,3432
2019,9,IXZ,127745,62278,65467
2019,9,JAI,362071,178022,184049
2019,9,JDH,31953,15433,16520
2019,9,JGA,4887,2380,2507
2019,9,JLG,2708,1507,1201
2019,9,JLR,20993,10335,10658
2019,9,JRG,18645,9387,9258
2019,9,JRH,8952,4191,4761
2019,9,JSA,11254,5426,5828
2019,9,KLH,12727,6333,6394
2019,9,KNU,14292,6806,7486
2019,9,KQH,10720,5089,5631
2019,9,KUU,1773,517,1256
2019,9,LKO,391764,192923,198841
2019,9,LUH,1471,707,764
2019,9,MAA,1393724,716372,677352
2019,9,MAQ,67983,34535,33448
2019,9,MYQ,13949,7152,6797
2019,9,NAG,246144,123732,122412
2019,9,NDC,9230,4471,4759
2019,9,NNS,520,268,252
2019,9,PAT,354410,171256,183154
2019,9,PBD,5554,2677,2877
2019,9,PGH,1752,859,893
2019,9,PNQ,685502,345337,340165
2019,9,PNY,3730,1773,1957
2019,9,RAJ,14359,6979,7380
2019,9,RJA,29192,14688,14504
2019,9,RPR,162121,81730,80391
2019,9,SAG,52466,26511,25955
2019,9,SHL,2701,1280,1421
2019,9,SLV,479,168,311
2019,9,STV,98270,48275,49995
2019,9,SXR,228009,118137,109872
2019,9,SXV,3014,1543,1471
2019,9,TCR,19281,9694,9587
2019,9,TEZ,280,166,114
2019,9,TIR,63194,31828,31366
2019,9,TRV,142488,72535,69953
2019,9,TRZ,24248,12396,11852
2019,9,UDR,84572,42111,42461
2019,9,VDY,4527,2250,2277
2019,9,VGA,73741,37243,36498
2019,9,VNS,222646,110581,112065
2019,9,VTZ,193212,97396,95816
2019,10,AGR,1849,739,1110
2019,10,AGX,2877,1283,1594
2019,10,AIP,4928,2322,2606
2019,10,AJL,14792,7417,7375
2019,10,AMD,845789,444825,400964
2019,10,ATQ,137431,64361,73070
2019,10,BBI,312470,148940,163530
2019,10,BDQ,97439,51613,45826
2019,10,BHJ,2429,1146,1283
2019,10,BHO,129761,63453,66308
2019,10,BHU,2902,1446,1456
2019,10,BKB,5123,2466,2657
2019,10,BLR,2388887,1228218,1160669
2019,10,BOM,3028248,1614388,1413860
2019,10,BUP,1696,832,864
2019,10,CCJ,39854,19833,20021
2019,10,CCU,1779340,855283,924057
2019,10,CDP,9549,4837,4712
2019,10,CJB,215811,106585,109226
2019,10,COK,448201,222914,225287
2019,10,DED,117952,58153,59799
2019,10,DEL,4512395,2226014,2286381
2019,10,DGH,15737,7135,8602
2019,10,DHM,12879,5834,7045
2019,10,DIB,51872,26073,25799
2019,10,DIU,1662,799,863
2019,10,DMU,15668,7866,7802
2019,10,GAU,500753,246588,254165
2019,10,GAY,12285,5539,6746
2019,10,GOI,646771,324787,321984
2019,10,GOP,64062,28327,35735
2019,10,GWL,15596,7724,7872
2019,10,HBX,40060,19997,20063
2019,10,HDO,233,109,124
2019,10,HJR,2595,1553,1042
2019,10,HYD,1741510,866620,874890
2019,10,IDR,229714,111720,117994
2019,10,IMF,112494,55860,56634
2019,10,ISK,8213,4111,4102
2019,10,IXA,122207,64115,58092
2019,10,IXB,320259,156079,164180
2019,10,IXC,203516,95726,107790
2019,10,IXD,36999,17080,19919
2019,10,IXE,109614,54108,55506
2019,10,IXG,27477,14020,13457
2019,10,IXI,1682,894,788
2019,10,IXJ,122935,58760,64175
2019,10,IXL,57588,33130,24458
2019,10,IXM,86253,41251,45002
2019,10,IXP,1115,560,555
2019,10,IXR,215730,101448,114282
2019,10,IXS,41706,21560,20146
2019,10,IXT,109,52,57
2019,10,IXU,23613,12393,11220
2019,10,IXY,8021,4070,3951
2019,10,IXZ,154309,76882,77427
2019,10,JAI,395506,189093,206413
2019,10,JDH,47434,22259,25175
2019,10,JGA,6669,3176,3493
2019,10,JLG,2561,1295,1266
2019,10,JLR,29660,14217,15443
2019,10,JRG,22576,11247,11329
2019,10,JRH,10287,5187,5100
2019,10,JSA,14797,6897,7900
2019,10,KLH,12668,6261,6407
2019,10,KNU,23740,10029,13711
2019,10,KQH,12248,5646,6602
2019,10,KUU,2513,810,1703
2019,10,LKO,451643,208159,243484
2019,10,LUH,1591,747,844
2019,10,MAA,1408835,700993,707842
2019,10,MAQ,71573,35782,35791
2019,10,MYQ,15813,7948,7865
2019,10,NAG,254356,122288,132068
2019,10,NDC,10419,5047,5372
2019,10,NNS,991,494,497
2019,10,PAT,402937,179183,223754
2019,10,PBD,7468,3573,3895
2019,10,PGH,2876,1376,1500
2019,10,PNQ,685950,358349,327601
2019,10,PNY,6415,3219,3196
2019,10,RAJ,19080,9913,9167
2019,10,RJA,36314,17993,18321
2019,10,RPR,187729,93203,94526
2019,10,SAG,56031,29147,26884
2019,10,SHL,3313,1631,1682
2019,10,SLV,1310,493,817
2019,10,STV,116849,64233,52616
2019,10,SXR,241294,128277,113017
2019,10,SXV,3273,1593,1680
2019,10,TCR,19287,9464,9823
2019,10,TEZ,370,213,157
2019,10,TIR,62839,30964,31875
2019,10,TRV,143073,72181,70892
2019,10,TRZ,23124,10545,12579
2019,10,UDR,95238,47511,47727
2019,10,VDY,5338,2672,2666
2019,10,VGA,93897,46312,47585
2019,10,VNS,233718,105686,128032
2019,10,VTZ,211937,105106,106831
2019,11,AGR,743,392,351
2019,11,AGX,2725,1235,1490
2019,11,AIP,5125,2600,2525
2019,11,AJL,23677,11545,12132
2019,11,AMD,931722,451273,480449
2019,11,ATQ,148217,75078,73139
2019,11,BBI,325458,161309,164149
2019,11,BDQ,103959,49466,54493
2019,11,BHJ,3464,1697,1767
2019,11,BHO,109857,56047,53810
2019,11,BHU,3088,1513,1575
2019,11,BKB,3014,1425,1589
2019,11,BLR,2476181,1223680,1252501
2019,11,BOM,3176639,1559062,1617577
2019,11,BUP,935,441,494
2019,11,CCJ,43021,22369,20652
2019,11,CCU,1799918,895745,904173
2019,11,CDP,10042,4996,5046
2019,11,CJB,237887,120196,117691
2019,11,COK,440054,219777,220277
2019,11,DED,118740,61349,57391
2019,11,DEL,4740868,2409022,2331846
2019,11,DGH,21912,11343,10569
2019,11,DHM,10048,4789,5259
2019,11,DIB,50445,24968,25477
2019,11,DIU,1918,892,1026
2019,11,DMU,15631,7594,8037
2019,11,GAU,500986,248838,252148
2019,11,GAY,14425,7279,7146
2019,11,GBI,264,140,124
2019,11,GOI,697702,345385,352317
2019,11,GOP,62551,32240,30311
2019,11,GWL,14250,7329,6921
2019,11,HBX,37905,19598,18307
2019,11,HDO,1169,593,576
2019,11,HJR,5042,2985,2057
2019,11,HYD,1830161,911500,918661
2019,11,IDR,259724,129633,130091
2019,11,IMF,101360,52268,49092
2019,11,ISK,11629,5793,5836
2019,11,IXA,142209,73670,68539
2019,11,IXB,298995,152801,146194
2019,11,IXC,224844,114334,110510
2019,11,IXD,39747,20074,19673
2019,11,IXE,120300,60317,59983
2019,11,IXG,30034,15070,14964
2019,11,IXI,1851,956,895
2019,11,IXJ,139023,67155,71868
2019,11,IXL,33020,17798,15222
2019,11,IXM,90346,45828,44518
2019,11,IXP,1043,527,516
2019,11,IXR,225916,115384,110532
2019,11,IXS,37969,18854,19115
2019,11,IXT,181,96,85
2019,11,IXU,49941,23867,26074
2019,11,IXY,8197,4081,4116
2019,11,IXZ,154788,76731,78057
2019,11,JAI,440499,221634,218865
2019,11,JDH,79363,40163,39200
2019,11,JGA,6498,3104,3394
2019,11,JLG,2824,1556,1268
2019,11,JLR,29542,14912,14630
2019,11,JRG,21213,10708,10505
2019,11,JRH,14065,6885,7180
2019,11,JSA,27652,13938,13714
2019,11,KLH,13741,6482,7259
2019,11,KNU,24744,12737,12007
2019,11,KQH,12374,6248,6126
2019,11,KUU,2033,599,1434
2019,11,LKO,454486,227270,227216
2019,11,LUH,1104,475,629
2019,11,MAA,1507691,767143,740548
2019,11,MAQ,65053,32940,32113
2019,11,MYQ,17288,8492,8796
2019,11,NAG,266476,134266,132210
2019,11,NDC,11507,5696,5811
2019,11,NNS,238,122,116
2019,11,PAT,455500,232592,222908
2019,11,PBD,7536,3723,3813
2019,11,PGH,2292,1131,1161
2019,11,PNQ,715022,352123,362899
2019,11,PNY,5627,2851,2776
2019,11,RAJ,27387,12531,14856
2019,11,RJA,38246,19419,18827
2019,11,RPR,199168,101421,97747
2019,11,SAG,28255,13761,14494
2019,11,SHL,3393,1575,1818
2019,11,SLV,633,241,392
2019,11,STV,140373,65255,75118
2019,11,SXR,211968,108413,103555
2019,11,SXV,3281,1706,1575
2019,11,TCR,22177,11090,11087
2019,11,TEZ,302,185,117
2019,11,TIR,71219,36046,35173
2019,11,TRV,170825,86443,84382
2019,11,TRZ,24100,12213,11887
2019,11,UDR,127288,64546,62742
2019,11,VDY,6490,3174,3316
2019,11,VGA,92429,46713,45716
2019,11,VNS,295103,150206,144897
2019,11,VTZ,232405,116480,115925
2019,12,AGR,1105,556,549
2019,12,AGX,2676,1016,1660
2019,12,AIP,5207,2606,2601
2019,12,AJL,26098,12111,13987
2019,12,AMD,921043,454110,466933
2019,12,ATQ,174436,86755,87681
2019,12,BBI,344451,170911,173540
2019,12,BDQ,107893,52248,55645
2019,12,BHJ,3479,1664,1815
2019,12,BHO,118069,59049,59020
2019,12,BHU,3203,1652,1551
2019,12,BKB,3146,1492,1654
2019,12,BLR,2532901,1264911,1267990
2019,12,BOM,3209847,1600150,1609697
2019,12,BUP,987,438,549
2019,12,CCJ,48465,23346,25119
2019,12,CCU,1838666,902871,935795
2019,12,CDP,11129,5588,5541
2019,12,CJB,268686,130127,138559
2019,12,COK,455044,221775,233269
2019,12,DED,124503,64739,59764
2019,12,DEL,4607849,2388922,2218927
2019,12,DGH,24757,12305,12452
2019,12,DHM,9341,4486,4855
2019,12,DIB,48059,22322,25737
2019,12,DIU,2983,1408,1575
2019,12,DMU,19998,9990,10008
2019,12,GAU,474948,229066,245882
2019,12,GAY,14221,7436,6785
2019,12,GBI,1139,579,560
2019,12,GOI,721281,353140,368141
2019,12,GOP,51267,26657,24610
2019,12,GWL,15733,8108,7625
2019,12,HBX,42467,21057,21410
2019,12,HDO,1452,733,719
2019,12,HJR,4712,2488,2224
2019,12,HYD,1883756,926606,957150
2019,12,IDR,278464,137490,140974
2019,12,IMF,100119,46961,53158
2019,12,ISK,13346,6642,6704
2019,12,IXA,141968,71032,70936
2019,12,IXB,304118,151357,152761
2019,12,IXC,205518,102040,103478
2019,12,IXD,39660,20408,19252
2019,12,IXE,132486,64531,67955
2019,12,IXG,33058,16739,16319
2019,12,IXI,1625,841,784
2019,12,IXJ,117557,54937,62620
2019,12,IXL,32513,18551,13962
2019,12,IXM,86186,42051,44135
2019,12,IXP,755,381,374
2019,12,IXR,217672,108157,109515
2019,12,IXS,40724,19737,20987
2019,12,IXT,253,117,136
2019,12,IXU,65743,32824,32919
2019,12,IXY,10581,5235,5346
2019,12,IXZ,167473,82203,85270
2019,12,JAI,438745,221704,217041
2019,12,JDH,91803,45764,46039
2019,12,JGA,6608,3188,3420
2019,12,JLG,2766,1398,1368
2019,12,JLR,28810,14596,14214
2019,12,JRG,22939,11370,11569
2019,12,JRH,16002,8147,7855
2019,12,JSA,31220,15334,15886
2019,12,KLH,11045,5407,5638
2019,12,KNU,24133,12983,11150
2019,12,KQH,12282,6102,6180
2019,12,KUU,2135,680,1455
2019,12,LKO,422857,216673,206184
2019,12,LUH,934,437,497
2019,12,MAA,1568915,782545,786370
2019,12,MAQ,57729,28415,29314
2019,12,MYQ,18259,8822,9437
2019,12,NAG,273509,136894,136615
2019,12,NDC,13275,6629,6646
2019,12,NNS,1112,554,558
2019,12,PAT,371247,187045,184202
2019,12,PBD,7880,3783,4097
2019,12,PGH,1842,910,932
2019,12,PNQ,740418,367940,372478
2019,12,PNY,7387,3538,3849
2019,12,RAJ,28502,13792,14710
2019,12,RJA,39300,18902,20398
2019,12,RPR,203806,102261,101545
2019,12,SAG,32119,15798,16321
2019,12,SHL,3106,1478,1628
2019,12,SLV,1182,447,735
2019,12,STV,130330,63603,66727
2019,12,SXR,162592,83818,78774
2019,12,SXV,3518,1759,1759
2019,12,TCR,23561,11300,12261
2019,12,TEZ,335,217,118
2019,12,TIR,75584,37930,37654
2019,12,TRV,197625,94895,102730
2019,12,TRZ,28619,14125,14494
2019,12,UDR,132270,66365,65905
2019,12,VDY,6887,3373,3514
2019,12,VGA,96788,48375,48413
2019,12,VNS,258363,134979,123384
2019,12,VTZ,247661,120481,127180
2020,1,AGR,1263,606,657
2020,1,AGX,3246,1244,2002
2020,1,AIP,4446,2198,2248
2020,1,AJL,26380,13674,12706
2020,1,AMD,953744,480412,473332
2020,1,ATQ,166856,81760,85096
2020,1,BBI,335975,166748,169227
2020,1,BDQ,113984,58289,55695
2020,1,BHJ,3453,1674,1779
2020,1,BHO,109756,56352,53404
2020,1,BHU,3301,1689,1612
2020,1,BKB,3433,1690,1743
2020,1,BLR,2499370,1246268,1253102
2020,1,BOM,3157786,1594549,1563237
2020,1,BUP,859,382,477
2020,1,CCJ,48385,25072,23313
2020,1,CCU,1788724,878975,909749
2020,1,CDP,9183,4619,4564
2020,1,CJB,259625,132023,127602
2020,1,COK,455921,234379,221542
2020,1,DED,119120,59189,59931
2020,1,DEL,4457860,2201090,2256770
2020,1,DGH,24184,12022,12162
2020,1,DHM,8823,4378,4445
2020,1,DIB,51538,26351,25187
2020,1,DIU,3084,1484,1600
2020,1,DMU,19454,10204,9250
2020,1,GAU,496895,246366,250529
2020,1,GAY,13078,6797,6281
2020,1,GBI,4693,2290,2403
2020,1,GOI,736265,376335,359930
2020,1,GOP,50987,25345,25642
2020,1,GWL,13835,7008,6827
2020,1,HBX,42430,21208,21222
2020,1,HDO,1524,752,772
2020,1,HJR,6153,3592,2561
2020,1,HYD,1793787,895969,897818
2020,1,IDR,289282,145775,143507
2020,1,IMF,101003,53288,47715
2020,1,ISK,12236,6079,6157
2020,1,IXA,139708,68066,71642
2020,1,IXB,282692,144550,138142
2020,1,IXC,203378,100570,102808
2020,1,IXD,40260,19551,20709
2020,1,IXE,125607,63001,62606
2020,1,IXG,34352,17983,16369
2020,1,IXI,1493,710,783
2020,1,IXJ,120626,58465,62161
2020,1,IXL,32273,17560,14713
2020,1,IXM,96433,48605,47828
2020,1,IXP,865,433,432
2020,1,IXR,204663,104980,99683
2020,1,IXS,40230,18975,21255
2020,1,IXT,85,43,42
2020,1,IXU,47711,24465,23246
2020,1,IXY,10046,5026,5020
2020,1,IXZ,170245,86155,84090
2020,1,JAI,436085,215591,220494
2020,1,JDH,89099,44290,44809
2020,1,JGA,6786,3250,3536
2020,1,JLG,3273,1721,1552
2020,1,JLR,29083,14738,14345
2020,1,JRG,21072,10831,10241
2020,1,JRH,16162,8370,7792
2020,1,JSA,28810,14139,14671
2020,1,KLH,11599,5657,5942
2020,1,KNU,23959,11705,12254
2020,1,KQH,12270,5902,6368
2020,1,KUU,1221,340,881
2020,1,LKO,405486,199579,205907
2020,1,LUH,1101,521,580
2020,1,MAA,1544590,770649,773941
2020,1,MAQ,54403,27557,26846
2020,1,MDA,244,122,122
2020,1,MYQ,18081,9049,9032
2020,1,NAG,262634,132989,129645
2020,1,NDC,13518,6890,6628
2020,1,NNS,792,429,363
2020,1,PAT,337099,165728,171371
2020,1,PBD,7950,3884,4066
2020,1,PGH,1958,999,959
2020,1,PNQ,730632,364524,366108
2020,1,PNY,7552,3623,3929
2020,1,RAJ,24700,12205,12495
2020,1,RJA,40761,20525,20236
2020,1,RPR,197209,100914,96295
2020,1,SAG,57407,28903,28504
2020,1,SHL,3473,1641,1832
2020,1,SLV,509,213,296
2020,1,STV,127434,64415,63019
2020,1,SXR,193412,98804,94608
2020,1,SXV,2941,1496,1445
2020,1,TCR,23303,11739,11564
2020,1,TEZ,94,48,46
2020,1,TIR,70586,35517,35069
2020,1,TRV,200924,105212,95712
2020,1,TRZ,33575,16228,17347
2020,1,UDR,129585,66419,63166
2020,1,VDY,6267,3149,3118
2020,1,VGA,91506,47683,43823
2020,1,VNS,248447,123169,125278
2020,1,VTZ,235002,118971,116031
2020,2,AGR,740,340,400
2020,2,AGX,2903,1214,1689
2020,2,AIP,4368,2178,2190
2020,2,AJL,24565,12504,12061
2020,2,AMD,891808,458019,433789
2020,2,ATQ,161158,79621,81537
2020,2,BBI,317863,157173,160690
2020,2,BDQ,109285,57322,51963
2020,2,BHJ,3711,1859,1852
2020,2,BHO,110249,56262,53987
2020,2,BHU,3295,1699,1596
2020,2,BKB,3333,1642,1691
2020,2,BLR,2359455,1181206,1178249
2020,2,BOM,3048604,1539106,1509498
2020,2,BUP,1190,539,651
2020,2,CCJ,41649,21120,20529
2020,2,CCU,1647476,817588,829888
2020,2,CDP,10455,5388,5067
2020,2,CJB,236795,117538,119257
2020,2,COK,399155,204596,194559
2020,2,DED,118745,58102,60643
2020,2,DEL,4566293,2259221,2307072
2020,2,DGH,22887,11248,11639
2020,2,DHM,9160,4178,4982
2020,2,DIB,49720,24865,24855
2020,2,DIU,3142,1561,1581
2020,2,DMU,16841,8740,8101
2020,2,GAU,448779,219620,229159
2020,2,GAY,13760,7185,6575
2020,2,GBI,4398,2199,2199
2020,2,GOI,690289,349033,341256
2020,2,GOP,50204,24748,25456
2020,2,GWL,14923,7367,7556
2020,2,HBX,39971,20557,19414
2020,2,HDO,1773,868,905
2020,2,HJR,7315,4509,2806
2020,2,HYD,1674344,839729,834615
2020,2,IDR,278786,140483,138303
2020,2,IMF,94537,49836,44701
2020,2,ISK,12085,6041,6044
2020,2,IXA,124948,65298,59650
2020,2,IXB,265853,129936,135917
2020,2,IXC,220099,105810,114289
2020,2,IXD,41846,20395,21451
2020,2,IXE,109559,55520,54039
2020,2,IXG,39185,20155,19030
2020,2,IXI,1555,771,784
2020,2,IXJ,134833,66269,68564
2020,2,IXL,34688,15176,19512
2020,2,IXM,96107,47932,48175
2020,2,IXP,973,490,483
2020,2,IXR,205466,104108,101358
2020,2,IXS,36658,17948,18710
2020,2,IXT,84,44,40
2020,2,IXU,54946,28684,26262
2020,2,IXX,2935,1488,1447
2020,2,IXY,9276,4604,4672
2020,2,IXZ,157025,79872,77153
2020,2,JAI,419754,206464,213290
2020,2,JDH,90786,45255,45531
2020,2,JGA,6611,3209,3402
2020,2,JLG,3855,2045,1810
2020,2,JLR,26376,13283,13093
2020,2,JRG,21788,11014,10774
2020,2,JRH,15596,7993,7603
2020,2,JSA,28335,13720,14615
2020,2,KLH,13107,6128,6979
2020,2,KNU,18908,9204,9704
2020,2,KQH,12371,5950,6421
2020,2,KUU,1414,399,1015
2020,2,LKO,422803,206260,216543
2020,2,LUH,1535,724,811
2020,2,MAA,1430291,723830,706461
2020,2,MAQ,44670,22521,22149
2020,2,MYQ,17552,8568,8984
2020,2,NAG,258194,130338,127856
2020,2,NDC,13590,6797,6793
2020,2,NNS,692,353,339
2020,2,PAT,376386,177954,198432
2020,2,PBD,7895,3983,3912
2020,2,PGH,2172,1081,1091
2020,2,PNQ,699486,352552,346934
2020,2,PNY,6916,3459,3457
2020,2,RAJ,23633,11699,11934
2020,2,RJA,38374,19426,18948
2020,2,RPR,189936,97666,92270
2020,2,SAG,69040,34475,34565
2020,2,SHL,3388,1542,1846
2020,2,SLV,840,327,513
2020,2,STV,122060,61240,60820
2020,2,SXR,218456,107326,111130
2020,2,SXV,3239,1682,1557
2020,2,TCR,20380,10150,10230
2020,2,TEZ,93,56,37
2020,2,TIR,73602,36750,36852
2020,2,TRV,161988,83444,78544
2020,2,TRZ,29456,14824,14632
2020,2,UDR,133945,67554,66391
2020,2,VDY,6240,3150,3090
2020,2,VGA,90985,46930,44055
2020,2,VNS,287720,139120,148600
2020,2,VTZ,215827,109216,106611
2020,3,AGR,88,33,55
2020,3,AGX,1766,758,1008
2020,3,AIP,2314,1170,1144
2020,3,AJL,20236,8965,11271
2020,3,AMD,551415,275961,275454
2020,3,ATQ,89627,46712,42915
2020,3,BBI,224554,106545,118009
2020,3,BDQ,53872,26770,27102
2020,3,BHJ,2437,1269,1168
2020,3,BHO,67167,32238,34929
2020,3,BHU,2053,976,1077
2020,3,BKB,1921,951,970
2020,3,BLR,1420299,767834,652465
2020,3,BOM,1734266,884637,849629
2020,3,BUP,747,340,407
2020,3,CCJ,23774,11542,12232
2020,3,CCU,1175443,543989,631454
2020,3,CDP,8752,4317,4435
2020,3,CJB,134449,66499,67950
2020,3,COK,206472,102346,104126
2020,3,DED,82150,43774,38376
2020,3,DEL,2784891,1425773,1359118
2020,3,DGH,17984,8051,9933
2020,3,DHM,6236,2991,3245
2020,3,DIB,36136,15752,20384
2020,3,DIU,1600,849,751
2020,3,DMU,13320,5746,7574
2020,3,GAU,338533,154549,183984
2020,3,GAY,9036,4680,4356
2020,3,GBI,2717,1250,1467
2020,3,GOI,404261,225466,178795
2020,3,GOP,40503,18551,21952
2020,3,GWL,11327,5619,5708
2020,3,HBX,23883,12277,11606
2020,3,HDO,1606,806,800
2020,3,HJR,2818,1886,932
2020,3,HYD,1031552,515529,516023
2020,3,IDR,170263,80111,90152
2020,3,IMF,72891,31476,41415
2020,3,ISK,7404,3536,3868
2020,3,IXA,97735,44963,52772
2020,3,IXB,205581,96176,109405
2020,3,IXC,164094,78582,85512
2020,3,IXD,35331,16226,19105
2020,3,IXE,69552,38523,31029
2020,3,IXG,23865,11937,11928
2020,3,IXI,1237,519,718
2020,3,IXJ,94552,48032,46520
2020,3,IXL,27539,10951,16588
2020,3,IXM,58066,28822,29244
2020,3,IXP,897,414,483
2020,3,IXR,150325,65955,84370
2020,3,IXS,27267,12741,14526
2020,3,IXT,178,39,139
2020,3,IXU,34152,17152,17000
2020,3,IXX,2553,1266,1287
2020,3,IXY,6076,3024,3052
2020,3,IXZ,90587,48822,41765
2020,3,JAI,258659,127685,130974
2020,3,JDH,54105,26240,27865
2020,3,JGA,2562,1301,1261
2020,3,JLG,1774,931,843
2020,3,JLR,18139,8624,9515
2020,3,JRG,16550,7480,9070
2020,3,JRH,10778,4765,6013
2020,3,JSA,13885,7270,6615
2020,3,KLH,8752,3959,4793
2020,3,KNU,13709,6309,7400
2020,3,KQH,8452,4186,4266
2020,3,KUU,986,282,704
2020,3,LKO,275344,126372,148972
2020,3,LUH,814,385,429
2020,3,MAA,886110,463815,422295
2020,3,MAQ,27054,12700,14354
2020,3,MDA,26,10,16
2020,3,MYQ,10910,5643,5267
2020,3,NAG,154521,71914,82607
2020,3,NDC,9462,4710,4752
2020,3,NNS,406,202,204
2020,3,PAT,313148,137769,175379
2020,3,PBD,5319,2607,2712
2020,3,PGH,1603,785,818
2020,3,PNQ,425701,226877,198824
2020,3,PNY,3731,1963,1768
2020,3,RAJ,14905,7250,7655
2020,3,RJA,23446,11002,12444
2020,3,RPR,124738,55927,68811
2020,3,SAG,42776,22280,20496
2020,3,SHL,2440,1061,1379
2020,3,SLV,321,139,182
2020,3,STV,72672,34664,38008
2020,3,SXR,161039,71263,89776
2020,3,SXV,2298,1131,1167
2020,3,TCR,11978,5771,6207
2020,3,TEZ,99,42,57
2020,3,TIR,46267,23989,22278
2020,3,TRV,85809,43534,42275
2020,3,TRZ,15763,7892,7871
2020,3,UDR,71670,37155,34515
2020,3,VDY,3986,1988,1998
2020,3,VGA,58476,28526,29950
2020,3,VNS,204185,97917,106268
2020,3,VTZ,135612,62682,72930
2020,4,BLR,0,0,0
2020,4,BOM,0,0,0
2020,4,CCU,0,0,0
2020,4,DEL,0,0,0
2020,4,HYD,0,0,0
2020,4,MAA,0,0,0
2020,5,AIP,104,59,45
2020,5,AMD,14180,6951,7229
2020,5,ATQ,4273,1150,3123
2020,5,BBI,8994,2598,6396
2020,5,BDQ,1497,705,792
2020,5,BHJ,59,30,29
2020,5,BHO,2038,798,1240
2020,5,BKB,454,226,228
2020,5,BLR,66971,41854,25117
2020,5,BOM,37067,28993,8074
2020,5,CCJ,395,169,226
2020,5,CCU,14142,5302,8840
2020,5,CDP,317,143,174
2020,5,CJB,4580,1916,2664
2020,5,COK,10716,3328,7388
2020,5,DED,3064,1545,1519
2020,5,DEL,155140,85666,69474
2020,5,DHM,1055,429,626
2020,5,DIB,811,294,517
2020,5,DIU,38,5,33
2020,5,GAU,12968,4282,8686
2020,5,GAY,449,0,449
2020,5,GBI,390,189,201
2020,5,GOI,2143,1395,748
2020,5,GOP,3432,1060,2372
2020,5,GWL,504,80,424
2020,5,HBX,61,43,18
2020,5,HDO,42,13,29
2020,5,HYD,31940,15519,16421
2020,5,IDR,2519,1207,1312
2020,5,IMF,3545,981,2564
2020,5,ISK,64,30,34
2020,5,IXA,980,486,494
2020,5,IXB,6095,1767,4328
2020,5,IXC,5545,1990,3555
2020,5,IXD,2301,655,1646
2020,5,IXE,872,357,515
2020,5,IXG,447,201,246
2020,5,IXI,6,1,5
2020,5,IXJ,4084,2233,1851
2020,5,IXL,1909,416,1493
2020,5,IXM,2475,1107,1368
2020,5,IXP,127,47,80
2020,5,IXR,7096,1926,5170
2020,5,IXS,280,123,157
2020,5,IXT,1,0,1
2020,5,IXX,159,91,68
2020,5,IXY,135,60,75
2020,5,IXZ,1778,900,878
2020,5,JAI,10691,3191,7500
2020,5,JLR,707,238,469
2020,5,JRG,1150,393,757
2020,5,JSA,117,63,54
2020,5,KLH,199,105,94
2020,5,KNU,728,256,472
2020,5,KQH,196,66,130
2020,5,LKO,12721,4148,8573
2020,5,LUH,90,34,56
2020,5,MAA,23359,14888,8471
2020,5,MAQ,1141,306,835
2020,5,MYQ,481,212,269
2020,5,NAG,3285,1024,2261
2020,5,PAT,18242,5139,13103
2020,5,PBD,86,44,42
2020,5,PGH,56,41,15
2020,5,PNQ,16499,11023,5476
2020,5,RAJ,466,155,311
2020,5,RJA,666,284,382
2020,5,RPR,5827,1990,3837
2020,5,STV,1578,1054,524
2020,5,SXR,11197,3607,7590
2020,5,SXV,337,152,185
2020,5,TCR,352,174,178
2020,5,TEZ,1,0,1
2020,5,TIR,915,389,526
2020,5,TRV,2878,983,1895
2020,5,TRZ,943,384,559
2020,5,UDR,700,258,442
2020,5,VDY,261,111,150
2020,5,VGA,3972,1940,2032
2020,5,VNS,11116,3023,8093
2020,5,VTZ,7635,3422,4213
2020,6,AGR,201,111,90
2020,6,AJL,2298,1105,1193
2020,6,AMD,103020,57086,45934
2020,6,ATQ,19747,9131,10616
2020,6,BBI,61473,19239,42234
2020,6,BDQ,5929,2417,3512
2020,6,BHJ,743,350,393
2020,6,BHO,13186,5681,7505
2020,6,BKB,2160,1126,1034
2020,6,BLR,372067,221556,150511
2020,6,BOM,225225,151348,73877
2020,6,CCJ,2484,1153,1331
2020,6,CCU,382241,150431,231810
2020,6,CDP,3048,1444,1604
2020,6,CJB,27083,13412,13671
2020,6,COK,56904,25193,31711
2020,6,DED,16532,8369,8163
2020,6,DEL,898055,513559,384496
2020,6,DHM,5962,2344,3618
2020,6,DIB,18940,7041,11899
2020,6,DIU,426,184,242
2020,6,DMU,4005,1619,2386
2020,6,GAU,100983,37072,63911
2020,6,GAY,747,0,747
2020,6,GBI,3647,1869,1778
2020,6,GOI,15247,9788,5459
2020,6,GOP,25763,9088,16675
2020,6,GWL,2193,1037,1156
2020,6,HBX,52,11,41
2020,6,HYD,292537,150668,141869
2020,6,IDR,19271,8479,10792
2020,6,IMF,18365,6894,11471
2020,6,ISK,3205,1553,1652
2020,6,IXA,24424,10394,14030
2020,6,IXB,65601,25297,40304
2020,6,IXC,37525,17056,20469
2020,6,IXD,17281,5079,12202
2020,6,IXE,5018,2411,2607
2020,6,IXG,10295,4706,5589
2020,6,IXI,520,192,328
2020,6,IXJ,34828,17462,17366
2020,6,IXL,11604,4369,7235
2020,6,IXM,10881,4962,5919
2020,6,IXP,1200,574,626
2020,6,IXR,56437,18236,38201
2020,6,IXS,11850,5040,6810
2020,6,IXT,22,3,19
2020,6,IXU,764,339,425
2020,6,IXX,1481,754,727
2020,6,IXY,797,341,456
2020,6,IXZ,18494,10447,8047
2020,6,JAI,76530,33401,43129
2020,6,JLG,377,191,186
2020,6,JLR,5078,1677,3401
2020,6,JRG,9320,3678,5642
2020,6,JRH,1127,403,724
2020,6,JSA,1242,642,600
2020,6,KLH,4132,2227,1905
2020,6,KNU,2774,873,1901
2020,6,KQH,5313,2351,2962
2020,6,KUU,1,1,0
2020,6,LKO,81433,29879,51554
2020,6,LUH,745,208,537
2020,6,MAA,147634,93813,53821
2020,6,MAQ,7254,2821,4433
2020,6,MYQ,3006,1349,1657
2020,6,NAG,25861,11631,14230
2020,6,NDC,531,269,262
2020,6,PAT,135354,40660,94694
2020,6,PBD,671,370,301
2020,6,PGH,1032,480,552
2020,6,PNQ,119359,72460,46899
2020,6,RAJ,486,190,296
2020,6,RJA,5549,2449,3100
2020,6,RPR,34354,14669,19685
2020,6,SAG,873,335,538
2020,6,SLV,11,6,5
2020,6,STV,8107,4799,3308
2020,6,SXR,87520,39751,47769
2020,6,SXV,1362,447,915
2020,6,TCR,3840,1305,2535
2020,6,TEZ,108,63,45
2020,6,TIR,6304,3091,3213
2020,6,TRV,22487,9250,13237
2020,6,TRZ,5975,2480,3495
2020,6,UDR,3737,1260,2477
2020,6,VDY,2718,1390,1328
2020,6,VGA,14575,7375,7200
2020,6,VNS,75392,23329,52063
2020,6,VTZ,37523,16635,20888
2020,7,AGR,109,67,42
2020,7,AJL,3070,1473,1597
2020,7,AMD,119044,58586,60458
2020,7,ATQ,23532,11702,11830
2020,7,BBI,63516,20897,42619
2020,7,BDQ,8790,4619,4171
2020,7,BHJ,1463,643,820
2020,7,BHO,14290,6393,7897
2020,7,BHU,41,1,40
2020,7,BKB,1885,991,894
2020,7,BLR,421282,263666,157616
2020,7,BOM,277996,166771,111225
2020,7,CCJ,4753,2144,2609
2020,7,CCU,264088,110189,153899
2020,7,CDP,2022,941,1081
2020,7,CJB,27894,13849,14045
2020,7,COK,66324,35954,30370
2020,7,DED,18046,7530,10516
2020,7,DEL,886511,463301,423210
2020,7,DHM,6568,2796,3772
2020,7,DIB,18383,9087,9296
2020,7,DIU,583,305,278
2020,7,DMU,4092,1978,2114
2020,7,GAU,95408,39209,56199
2020,7,GAY,1054,0,1054
2020,7,GBI,3279,1445,1834
2020,7,GOI,20727,11857,8870
2020,7,GOP,38913,20546,18367
2020,7,GWL,1960,882,1078
2020,7,HBX,888,439,449
2020,7,HYD,373711,194128,179583
2020,7,IDR,23538,10231,13307
2020,7,IMF,20408,8178,12230
2020,7,ISK,4102,2035,2067
2020,7,IXA,22192,9512,12680
2020,7,IXB,70837,32434,38403
2020,7,IXC,41606,18184,23422
2020,7,IXD,25501,9859,15642
2020,7,IXE,6133,3691,2442
2020,7,IXG,14490,6212,8278
2020,7,IXI,419,201,218
2020,7,IXJ,43652,21304,22348
2020,7,IXL,19225,7459,11766
2020,7,IXM,17523,8971,8552
2020,7,IXP,814,448,366
2020,7,IXR,64904,24450,40454
2020,7,IXS,11983,4499,7484
2020,7,IXT,1,0,1
2020,7,IXU,3657,1937,1720
2020,7,IXX,968,398,570
2020,7,IXY,752,354,398
2020,7,IXZ,15948,8629,7319
2020,7,JAI,82241,33574,48667
2020,7,JGA,467,185,282
2020,7,JLG,152,85,67
2020,7,JLR,6349,2324,4025
2020,7,JRG,11563,5222,6341
2020,7,JRH,1567,845,722
2020,7,JSA,429,280,149
2020,7,KLH,4554,2197,2357
2020,7,KNU,3037,1335,1702
2020,7,KQH,7623,3595,4028
2020,7,KUU,129,29,100
2020,7,LKO,84185,36601,47584
2020,7,LUH,527,195,332
2020,7,MAA,162336,86957,75379
2020,7,MAQ,9353,4114,5239
2020,7,MYQ,2704,1348,1356
2020,7,NAG,25788,11216,14572
2020,7,NDC,1098,562,536
2020,7,PAT,159244,64141,95103
2020,7,PBD,157,84,73
2020,7,PGH,1271,515,756
2020,7,PNQ,110513,63569,46944
2020,7,RAJ,1732,738,994
2020,7,RJA,7585,3284,4301
2020,7,RPR,35067,15284,19783
2020,7,SAG,734,274,460
2020,7,SLV,18,8,10
2020,7,STV,8251,4325,3926
2020,7,SXR,103335,46995,56340
2020,7,SXV,847,472,375
2020,7,TCR,7397,3707,3690
2020,7,TEZ,149,121,28
2020,7,TIR,8567,4234,4333
2020,7,TRV,20370,8926,11444
2020,7,TRZ,12326,5581,6745
2020,7,UDR,6000,1938,4062
2020,7,VDY,2521,1298,1223
2020,7,VGA,12364,5730,6634
2020,7,VNS,80523,30489,50034
2020,7,VTZ,40296,17370,22926
2020,8,AGR,57,26,31
2020,8,AJL,2550,1295,1255
2020,8,AMD,182875,87500,95375
2020,8,ATQ,31938,15144,16794
2020,8,BBI,91739,49672,42067
2020,8,BDQ,11836,6445,5391
2020,8,BHJ,1139,575,564
2020,8,BHO,20074,10213,9861
2020,8,BHU,408,183,225
2020,8,BKB,2442,1243,1199
2020,8,BLR,633493,307964,325529
2020,8,BOM,405856,170085,235771
2020,8,CCJ,6722,3792,2930
2020,8,CCU,319028,178581,140447
2020,8,CDP,1907,1034,873
2020,8,CJB,42768,18283,24485
2020,8,COK,73840,38892,34948
2020,8,DED,21135,9624,11511
2020,8,DEL,1164466,585148,579318
2020,8,DHM,6490,3380,3110
2020,8,DIB,24542,11407,13135
2020,8,DIU,768,401,367
2020,8,DMU,3807,1878,1929
2020,8,GAU,134392,63389,71003
2020,8,GAY,422,3,419
2020,8,GBI,5034,2577,2457
2020,8,GOI,33002,15965,17037
2020,8,GOP,44722,30781,13941
2020,8,GWL,4477,2297,2180
2020,8,HBX,2352,1228,1124
2020,8,HDO,299,154,145
2020,8,HYD,490842,237084,253758
2020,8,IDR,38705,18556,20149
2020,8,IMF,16403,8363,8040
2020,8,ISK,3989,1971,2018
2020,8,IXA,23674,10267,13407
2020,8,IXB,55123,32710,22413
2020,8,IXC,52420,23948,28472
2020,8,IXD,29872,17947,11925
2020,8,IXE,12517,5846,6671
2020,8,IXG,17875,8622,9253
2020,8,IXI,522,202,320
2020,8,IXJ,58527,27896,30631
2020,8,IXL,19340,10558,8782
2020,8,IXM,30490,14721,15769
2020,8,IXP,917,499,418
2020,8,IXR,86128,50340,35788
2020,8,IXS,15081,6610,8471
2020,8,IXT,4,0,4
2020,8,IXU,6358,2983,3375
2020,8,IXX,858,445,413
2020,8,IXY,1704,901,803
2020,8,IXZ,7741,4526,3215
2020,8,JAI,111817,55197,56620
2020,8,JDH,2164,1084,1080
2020,8,JGA,936,494,442
2020,8,JLR,6364,3196,3168
2020,8,JRG,12118,5588,6530
2020,8,JRH,2036,1142,894
2020,8,KLH,6283,3104,3179
2020,8,KNU,3033,1868,1165
2020,8,KQH,7338,3844,3494
2020,8,KUU,370,110,260
2020,8,LKO,132648,81775,50873
2020,8,LUH,701,294,407
2020,8,MAA,226222,98067,128155
2020,8,MAQ,10005,4551,5454
2020,8,MYQ,3021,1365,1656
2020,8,NAG,43998,21590,22408
2020,8,NDC,1330,670,660
2020,8,PAT,210696,132600,78096
2020,8,PGH,1538,795,743
2020,8,PNQ,151382,69885,81497
2020,8,RAJ,3524,1667,1857
2020,8,RJA,10214,5165,5049
2020,8,RPR,51459,24496,26963
2020,8,SAG,137,25,112
2020,8,SLV,11,3,8
2020,8,STV,18008,7691,10317
2020,8,SXR,122456,50652,71804
2020,8,SXV,1074,580,494
2020,8,TCR,11298,5848,5450
2020,8,TEZ,175,106,69
2020,8,TIR,15099,7481,7618
2020,8,TRV,26363,12126,14237
2020,8,TRZ,16669,7198,9471
2020,8,UDR,12091,5775,6316
2020,8,VDY,1150,567,583
2020,8,VGA,19912,10572,9340
2020,8,VNS,101401,63303,38098
2020,8,VTZ,60863,30159,30704
2020,9,AJL,4243,2276,1967
2020,9,AMD,263480,125880,137600
2020,9,ATQ,38980,18785,20195
2020,9,BBI,144786,93168,51618
2020,9,BDQ,17749,8962,8787
2020,9,BHJ,788,428,360
2020,9,BHO,28482,14367,14115
2020,9,BHU,464,234,230
2020,9,BKB,2360,1143,1217
2020,9,BLR,832608,365930,466678
2020,9,BOM,658657,263556,395101
2020,9,CCJ,13961,6534,7427
2020,9,CCU,602678,361271,241407
2020,9,CDP,1408,743,665
2020,9,CJB,65113,27563,37550
2020,9,COK,112379,52652,59727
2020,9,DED,31117,14861,16256
2020,9,DEL,1489553,747845,741708
2020,9,DGH,5158,3238,1920
2020,9,DHM,7409,3480,3929
2020,9,DIB,29191,13324,15867
2020,9,DIU,1054,507,547
2020,9,DMU,6828,3574,3254
2020,9,GAU,178287,96820,81467
2020,9,GBI,5488,2903,2585
2020,9,GOI,76935,33711,43224
2020,9,GOP,50032,34254,15778
2020,9,GWL,5991,3030,2961
2020,9,HBX,5606,2992,2614
2020,9,HDO,698,397,301
2020,9,HYD,617672,288593,329079
2020,9,IDR,54530,27014,27516
2020,9,IMF,30184,14904,15280
2020,9,ISK,3953,1894,2059
2020,9,IXA,32933,16102,16831
2020,9,IXB,107493,64885,42608
2020,9,IXC,66877,29554,37323
2020,9,IXD,31589,19285,12304
2020,9,IXE,26693,11513,15180
2020,9,IXG,23005,11558,11447
2020,9,IXI,860,295,565
2020,9,IXJ,73223,32420,40803
2020,9,IXL,19558,12640,6918
2020,9,IXM,46452,23000,23452
2020,9,IXP,855,380,475
2020,9,IXR,101420,61182,40238
2020,9,IXS,21687,11703,9984
2020,9,IXU,9437,4525,4912
2020,9,IXX,828,433,395
2020,9,IXY,5059,2630,2429
2020,9,IXZ,13319,7860,5459
2020,9,JAI,125363,62088,63275
2020,9,JDH,18654,9391,9263
2020,9,JGA,1262,695,567
2020,9,JGB,739,418,321
2020,9,JLG,488,289,199
2020,9,JLR,8734,4640,4094
2020,9,JRG,13057,6436,6621
2020,9,JRH,3794,1752,2042
2020,9,JSA,952,452,500
2020,9,KLH,6509,3187,3322
2020,9,KNU,7169,4253,2916
2020,9,KQH,6626,3284,3342
2020,9,KUU,528,106,422
2020,9,LKO,180304,110096,70208
2020,9,LUH,64,25,39
2020,9,MAA,353789,155154,198635
2020,9,MAQ,14981,6967,8014
2020,9,MYQ,3785,1709,2076
2020,9,NAG,69383,36210,33173
2020,9,NDC,1470,794,676
2020,9,PAT,258253,163217,95036
2020,9,PBD,712,387,325
2020,9,PGH,1199,628,571
2020,9,PNQ,189131,84979,104152
2020,9,RAJ,7885,3910,3975
2020,9,RJA,14210,7347,6863
2020,9,RPR,69047,37080,31967
2020,9,SAG,141,48,93
2020,9,SLV,45,22,23
2020,9,STV,46605,17792,28813
2020,9,SXR,142912,64791,78121
2020,9,SXV,550,323,227
2020,9,TCR,13545,7260,6285
2020,9,TEZ,107,69,38
2020,9,TIR,20269,9740,10529
2020,9,TRV,39786,18659,21127
2020,9,TRZ,20374,9024,11350
2020,9,UDR,18289,8887,9402
2020,9,VDY,734,370,364
2020,9,VGA,30149,15789,14360
2020,9,VNS,133776,90817,42959
2020,9,VTZ,84894,43804,41090
2020,10,AGR,97,64,33
2020,10,AJL,6440,3649,2791
2020,10,AMD,343822,173162,170660
2020,10,ATQ,59501,29933,29568
2020,10,BBI,178918,104492,74426
2020,10,BDQ,25282,13077,12205
2020,10,BHJ,898,420,478
2020,10,BHO,42276,21201,21075
2020,10,BHU,784,392,392
2020,10,BKB,2107,1027,1080
2020,10,BLR,1117791,550530,567261
2020,10,BOM,962802,440678,522124
2020,10,CCJ,20043,9028,11015
2020,10,CCU,808041,446765,361276
2020,10,CDP,5348,2669,2679
2020,10,CJB,78938,35933,43005
2020,10,COK,151722,61291,90431
2020,10,DED,60747,27507,33240
2020,10,DEL,1934227,959627,974600
2020,10,DGH,9421,4837,4584
2020,10,DHM,11764,5098,6666
2020,10,DIB,39790,20407,19383
2020,10,DIU,1144,567,577
2020,10,DMU,10162,5353,4809
2020,10,GAU,242449,138649,103800
2020,10,GAY,2701,1251,1450
2020,10,GBI,5683,2855,2828
2020,10,GOI,170487,77174,93313
2020,10,GOP,59284,35327,23957
2020,10,GWL,6800,3189,3611
2020,10,HBX,8630,4513,4117
2020,10,HDO,775,394,381
2020,10,HYD,776219,382556,393663
2020,10,IDR,75430,37028,38402
2020,10,IMF,42637,22587,20050
2020,10,ISK,5058,2464,2594
2020,10,IXA,53235,26411,26824
2020,10,IXB,161717,91602,70115
2020,10,IXC,106202,46071,60131
2020,10,IXD,34723,18049,16674
2020,10,IXE,40427,18462,21965
2020,10,IXG,28334,14431,13903
2020,10,IXI,1038,542,496
2020,10,IXJ,98574,43894,54680
2020,10,IXL,24295,17424,6871
2020,10,IXM,57706,27166,30540
2020,10,IXP,1131,528,603
2020,10,IXR,127678,66680,60998
2020,10,IXS,28206,15950,12256
2020,10,IXT,33,6,27
2020,10,IXU,15445,7519,7926
2020,10,IXX,1308,614,694
2020,10,IXY,8468,4193,4275
2020,10,IXZ,22252,11474,10778
2020,10,JAI,150588,71945,78643
2020,10,JDH,30374,15050,15324
2020,10,JGA,1925,975,950
2020,10,JGB,3241,1794,1447
2020,10,JLG,884,497,387
2020,10,JLR,11896,6001,5895
2020,10,JRG,16918,8470,8448
2020,10,JRH,4908,2623,2285
2020,10,JSA,1991,896,1095
2020,10,KLH,7024,3226,3798
2020,10,KNU,9620,4926,4694
2020,10,KQH,7936,3874,4062
2020,10,KUU,969,239,730
2020,10,LKO,228468,116383,112085
2020,10,LUH,367,173,194
2020,10,MAA,473979,219326,254653
2020,10,MAQ,16848,7312,9536
2020,10,MYQ,7331,3612,3719
2020,10,NAG,93589,46246,47343
2020,10,NDC,2078,1069,1009
2020,10,PAT,327757,177166,150591
2020,10,PBD,1139,661,478
2020,10,PGH,1585,800,785
2020,10,PNQ,232392,113496,118896
2020,10,RAJ,14006,6931,7075
2020,10,RJA,20525,10279,10246
2020,10,RPR,102734,54359,48375
2020,10,SAG,170,76,94
2020,10,SLV,172,77,95
2020,10,STV,58968,25826,33142
2020,10,SXR,165022,91911,73111
2020,10,SXV,1416,725,691
2020,10,TCR,13296,6662,6634
2020,10,TEZ,220,158,62
2020,10,TIR,30047,14671,15376
2020,10,TRV,47815,21002,26813
2020,10,TRZ,18807,8499,10308
2020,10,UDR,28033,13525,14508
2020,10,VDY,1985,976,1009
2020,10,VGA,41643,20864,20779
2020,10,VNS,161550,90633,70917
2020,10,VTZ,118186,58052,60134
2020,11,AGR,126,63,63
2020,11,AIP,703,426,277
2020,11,AJL,7630,4192,3438
2020,11,AMD,436928,220896,216032
2020,11,ATQ,78720,39834,38886
2020,11,BBI,183559,89627,93932
2020,11,BDQ,35765,18660,17105
2020,11,BHJ,1430,679,751
2020,11,BHO,57348,28392,28956
2020,11,BHU,1192,573,619
2020,11,BKB,1845,861,984
2020,11,BLR,1261298,640171,621127
2020,11,BOM,1332085,684349,647736
2020,11,CCJ,21556,10715,10841
2020,11,CCU,896923,470836,426087
2020,11,CDP,4272,2266,2006
2020,11,CJB,93826,48570,45256
2020,11,COK,165022,73755,91267
2020,11,DBR,24139,11870,12269
2020,11,DED,85575,42747,42828
2020,11,DEL,2234444,1125489,1108955
2020,11,DGH,12792,6358,6434
2020,11,DHM,12684,6244,6440
2020,11,DIB,47774,24615,23159
2020,11,DIU,1611,785,826
2020,11,DMU,12069,6164,5905
2020,11,GAU,276219,147212,129007
2020,11,GAY,6907,2844,4063
2020,11,GBI,6459,3255,3204
2020,11,GOI,300829,143979,156850
2020,11,GOP,67317,30684,36633
2020,11,GWL,7594,3509,4085
2020,11,HBX,13628,6910,6718
2020,11,HDO,1719,837,882
2020,11,HYD,910525,465328,445197
2020,11,IDR,103624,49449,54175
2020,11,IMF,52882,28535,24347
2020,11,ISK,8834,4306,4528
2020,11,IXA,70115,38259,31856
2020,11,IXB,175870,93478,82392
2020,11,IXC,158418,75510,82908
2020,11,IXD,42977,19486,23491
2020,11,IXE,60741,27317,33424
2020,11,IXG,31510,15575,15935
2020,11,IXI,1198,539,659
2020,11,IXJ,110846,50785,60061
2020,11,IXL,21367,14929,6438
2020,11,IXM,65757,33236,32521
2020,11,IXP,1328,679,649
2020,11,IXR,139826,68709,71117
2020,11,IXS,32376,18020,14356
2020,11,IXT,45,6,39
2020,11,IXU,21374,10592,10782
2020,11,IXX,1126,580,546
2020,11,IXY,10383,5040,5343
2020,11,IXZ,35723,18235,17488
2020,11,JAI,200959,86728,114231
2020,11,JDH,34051,15932,18119
2020,11,JGA,3308,1677,1631
2020,11,JGB,4197,2205,1992
2020,11,JLG,1225,605,620
2020,11,JLR,17736,8439,9297
2020,11,JRG,19161,9553,9608
2020,11,JRH,5348,2787,2561
2020,11,JSA,7733,3810,3923
2020,11,KLH,7572,3645,3927
2020,11,KNU,15149,6955,8194
2020,11,KQH,9203,4264,4939
2020,11,KUU,996,265,731
2020,11,LKO,279390,120507,158883
2020,11,LUH,729,370,359
2020,11,MAA,558220,283830,274390
2020,11,MAQ,22147,10406,11741
2020,11,MYQ,8440,4065,4375
2020,11,NAG,120974,59212,61762
2020,11,NDC,2987,1470,1517
2020,11,PAT,354892,149318,205574
2020,11,PBD,1261,652,609
2020,11,PGH,2061,993,1068
2020,11,PNQ,250558,127669,122889
2020,11,RAJ,18422,9056,9366
2020,11,RJA,22462,11226,11236
2020,11,RPR,133417,66719,66698
2020,11,SAG,716,333,383
2020,11,SLV,163,79,84
2020,11,STV,69436,35811,33625
2020,11,SXR,193241,112456,80785
2020,11,SXV,1313,689,624
2020,11,TCR,13642,6845,6797
2020,11,TEZ,195,115,80
2020,11,TIR,33627,16841,16786
2020,11,TRV,53367,24732,28635
2020,11,TRZ,18585,9323,9262
2020,11,UDR,52907,23967,28940
2020,11,VDY,1903,878,1025
2020,11,VGA,46094,23557,22537
2020,11,VNS,210342,86485,123857
2020,11,VTZ,138216,71160,67056
2020,12,AGR,11,7,4
2020,12,AIP,3276,1851,1425
2020,12,AJL,9199,4475,4724
2020,12,AMD,456866,231878,224988
2020,12,ATQ,97501,50954,46547
2020,12,BBI,225835,115734,110101
2020,12,BDQ,37976,19091,18885
2020,12,BHJ,1679,771,908
2020,12,BHO,66102,35382,30720
2020,12,BHU,1449,687,762
2020,12,BKB,2471,1262,1209
2020,12,BLR,1460315,699033,761282
2020,12,BOM,1433099,699001,734098
2020,12,CCJ,25672,12164,13508
2020,12,CCU,1031984,544838,487146
2020,12,CDP,8310,4141,4169
2020,12,CJB,110601,53148,57453
2020,12,COK,247670,107590,140080
2020,12,DBR,25834,13506,12328
2020,12,DED,94417,48514,45903
2020,12,DEL,2481832,1302953,1178879
2020,12,DGH,13276,6694,6582
2020,12,DHM,12958,6549,6409
2020,12,DIB,52997,23750,29247
2020,12,DIU,1751,871,880
2020,12,DMU,14730,6780,7950
2020,12,GAU,317192,151711,165481
2020,12,GAY,9162,5407,3755
2020,12,GBI,6837,3434,3403
2020,12,GOI,444497,198568,245929
2020,12,GOP,65847,39835,26012
2020,12,GWL,8360,4504,3856
2020,12,HBX,17395,8496,8899
2020,12,HDO,1962,1042,920
2020,12,HYD,1144892,588545,556347
2020,12,IDR,147665,78138,69527
2020,12,IMF,66397,29226,37171
2020,12,ISK,14253,6937,7316
2020,12,IXA,79493,38726,40767
2020,12,IXB,214908,107634,107274
2020,12,IXC,219643,107678,111965
2020,12,IXD,44658,24723,19935
2020,12,IXE,81984,39422,42562
2020,12,IXG,36487,17884,18603
2020,12,IXI,1480,667,813
2020,12,IXJ,104073,50545,53528
2020,12,IXL,19706,13031,6675
2020,12,IXM,62588,30001,32587
2020,12,IXP,1314,664,650
2020,12,IXR,162492,81298,81194
2020,12,IXS,35155,17164,17991
2020,12,IXT,45,2,43
2020,12,IXU,19202,9491,9711
2020,12,IXX,1414,706,708
2020,12,IXY,10334,5086,5248
2020,12,IXZ,60794,28123,32671
2020,12,JAI,267951,136879,131072
2020,12,JDH,41356,21563,19793
2020,12,JGA,2865,1498,1367
2020,12,JGB,4693,2342,2351
2020,12,JLG,1119,642,477
2020,12,JLR,20880,10645,10235
2020,12,JRG,21827,10911,10916
2020,12,JRH,6005,3079,2926
2020,12,JSA,10500,5122,5378
2020,12,KLH,8731,4189,4542
2020,12,KNU,16923,9263,7660
2020,12,KQH,10750,5569,5181
2020,12,KUU,1538,380,1158
2020,12,LKO,311304,158329,152975
2020,12,LUH,1355,687,668
2020,12,MAA,670637,317395,353242
2020,12,MAQ,43355,22412,20943
2020,12,MYQ,13226,6701,6525
2020,12,NAG,152266,69229,83037
2020,12,NDC,4334,2029,2305
2020,12,PAT,318552,169249,149303
2020,12,PBD,1481,842,639
2020,12,PGH,551,267,284
2020,12,PNQ,252896,114349,138547
2020,12,RAJ,18944,9035,9909
2020,12,RJA,28754,14097,14657
2020,12,RPR,155237,76898,78339
2020,12,SAG,12887,5867,7020
2020,12,SLV,218,89,129
2020,12,STV,76645,36114,40531
2020,12,SXR,168941,81241,87700
2020,12,SXV,2567,1367,1200
2020,12,TCR,13889,6558,7331
2020,12,TEZ,331,205,126
2020,12,TIR,48695,23830,24865
2020,12,TRV,67036,30184,36852
2020,12,TRZ,17878,8502,9376
2020,12,UDR,64172,32553,31619
2020,12,VDY,2507,1172,1335
2020,12,VGA,61747,30376,31371
2020,12,VNS,202576,116179,86397
2020,12,VTZ,165969,77914,88055
2021,1,AGR,78,17,61
2021,1,AIP,3403,1795,1608
2021,1,AJL,9744,5328,4416
2021,1,AMD,494037,239521,254516
2021,1,ATQ,97068,50401,46667
2021,1,BBI,215216,113924,101292
2021,1,BDQ,40949,21041,19908
2021,1,BHJ,1880,900,980
2021,1,BHO,67619,36038,31581
2021,1,BHU,1675,828,847
2021,1,BKB,1660,835,825
2021,1,BLR,1504221,693279,810942
2021,1,BOM,1587669,761039,826630
2021,1,CCJ,29361,15351,14010
2021,1,CCU,1101044,563616,537428
2021,1,CDP,9094,4653,4441
2021,1,CJB,129408,62801,66607
2021,1,COK,256666,122502,134164
2021,1,DBR,20284,11191,9093
2021,1,DED,100441,51576,48865
2021,1,DEL,2668084,1316977,1351107
2021,1,DGH,13921,7379,6542
2021,1,DHM,11365,6049,5316
2021,1,DIB,50204,25089,25115
2021,1,DIU,2015,987,1028
2021,1,DMU,18199,10792,7407
2021,1,GAU,332352,167819,164533
2021,1,GAY,7415,4314,3101
2021,1,GBI,7640,4022,3618
2021,1,GOI,585770,298812,286958
2021,1,GOP,57969,35234,22735
2021,1,GWL,10024,5403,4621
2021,1,HBX,22320,11610,10710
2021,1,HDO,2231,1095,1136
2021,1,HSS,27,16,11
2021,1,HYD,1085352,536712,548640
2021,1,IDR,147985,75335,72650
2021,1,IMF,73233,42115,31118
2021,1,ISK,15877,8192,7685
2021,1,IXA,83522,42197,41325
2021,1,IXB,210873,118368,92505
2021,1,IXC,223838,111451,112387
2021,1,IXD,36922,20147,16775
2021,1,IXE,81408,41768,39640
2021,1,IXG,39063,20344,18719
2021,1,IXI,1354,599,755
2021,1,IXJ,110009,55572,54437
2021,1,IXL,29196,17492,11704
2021,1,IXM,71532,35220,36312
2021,1,IXP,924,510,414
2021,1,IXR,157805,89842,67963
2021,1,IXS,36814,18014,18800
2021,1,IXT,33,5,28
2021,1,IXU,24054,12582,11472
2021,1,IXX,1256,670,586
2021,1,IXY,11295,5648,5647
2021,1,IXZ,62925,30871,32054
2021,1,JAI,241008,118297,122711
2021,1,JDH,44645,23097,21548
2021,1,JGA,3658,1736,1922
2021,1,JGB,4720,2360,2360
2021,1,JLG,1095,602,493
2021,1,JLR,18201,9500,8701
2021,1,JRG,27142,14188,12954
2021,1,JRH,6292,3404,2888
2021,1,JSA,9676,5056,4620
2021,1,KLH,7762,3859,3903
2021,1,KNU,13800,7435,6365
2021,1,KQH,10596,5174,5422
2021,1,KUU,1613,432,1181
2021,1,LKO,265773,141775,123998
2021,1,LUH,573,302,271
2021,1,MAA,787973,377299,410674
2021,1,MAQ,28006,13796,14210
2021,1,MYQ,15375,7721,7654
2021,1,NAG,160239,84728,75511
2021,1,NDC,4465,2317,2148
2021,1,PAT,311628,184556,127072
2021,1,PBD,2716,1367,1349
2021,1,PNQ,302621,145206,157415
2021,1,PYG,435,186,249
2021,1,RAJ,21711,10735,10976
2021,1,RJA,30299,15571,14728
2021,1,RPR,153520,80642,72878
2021,1,SAG,28529,14668,13861
2021,1,SLV,182,90,92
2021,1,STV,87382,43497,43885
2021,1,SXR,203384,110919,92465
2021,1,SXV,3081,1687,1394
2021,1,TCR,14974,7564,7410
2021,1,TEZ,360,217,143
2021,1,TIR,59710,29489,30221
2021,1,TRV,71822,35640,36182
2021,1,TRZ,18975,8831,10144
2021,1,UDR,64876,33054,31822
2021,1,VDY,2776,1412,1364
2021,1,VGA,68379,35691,32688
2021,1,VNS,164205,93813,70392
2021,1,VTZ,177544,90221,87323
2021,2,AGR,300,46,254
2021,2,AGX,490,243,247
2021,2,AIP,3855,1932,1923
2021,2,AJL,11886,6209,5677
2021,2,AMD,520837,258760,262077
2021,2,ATQ,104547,52854,51693
2021,2,BBI,229968,114828,115140
2021,2,BDQ,41012,21167,19845
2021,2,BHJ,2577,1237,1340
2021,2,BHO,74632,38436,36196
2021,2,BHU,1972,946,1026
2021,2,BKB,2571,1243,1328
2021,2,BLR,1449444,712987,736457
2021,2,BOM,1644355,831216,813139
2021,2,CCJ,32066,17450,14616
2021,2,CCU,1095647,548044,547603
2021,2,CDP,8460,4369,4091
2021,2,CJB,129399,64638,64761
2021,2,COK,228950,117616,111334
2021,2,DBR,35021,17276,17745
2021,2,DED,102479,49167,53312
2021,2,DEL,2811793,1385544,1426249
2021,2,DGH,16206,8443,7763
2021,2,DHM,12321,6029,6292
2021,2,DIB,53091,26905,26186
2021,2,DIU,2097,1042,1055
2021,2,DMU,17102,9713,7389
2021,2,GAU,328689,167885,160804
2021,2,GAY,6928,3657,3271
2021,2,GBI,7830,4018,3812
2021,2,GOI,580729,288780,291949
2021,2,GOP,50508,26533,23975
2021,2,GWL,11823,6097,5726
2021,2,HBX,24918,12969,11949
2021,2,HDO,2341,1147,1194
2021,2,HSS,70,32,38
2021,2,HYD,1032176,519613,512563
2021,2,IDR,156453,77985,78468
2021,2,IMF,72393,39200,33193
2021,2,ISK,15476,7779,7697
2021,2,IXA,84602,44320,40282
2021,2,IXB,213612,112195,101417
2021,2,IXC,237970,113310,124660
2021,2,IXD,35965,18201,17764
2021,2,IXE,83175,40430,42745
2021,2,IXG,37469,18799,18670
2021,2,IXI,1560,712,848
2021,2,IXJ,112716,54272,58444
2021,2,IXL,37320,15763,21557
2021,2,IXM,68013,35551,32462
2021,2,IXP,715,340,375
2021,2,IXR,153850,82268,71582
2021,2,IXS,35057,17931,17126
2021,2,IXT,70,8,62
2021,2,IXU,27495,14635,12860
2021,2,IXX,1364,667,697
2021,2,IXY,11287,5360,5927
2021,2,IXZ,77735,37616,40119
2021,2,JAI,270936,129482,141454
2021,2,JDH,47974,23250,24724
2021,2,JGA,3636,1805,1831
2021,2,JGB,4303,2211,2092
2021,2,JLG,1263,659,604
2021,2,JLR,19822,9927,9895
2021,2,JRG,33405,17138,16267
2021,2,JRH,6446,3574,2872
2021,2,JSA,4919,2243,2676
2021,2,KLH,9005,4260,4745
2021,2,KNU,13404,6713,6691
2021,2,KQH,16142,7869,8273
2021,2,KUU,1410,402,1008
2021,2,LKO,261733,130000,131733
2021,2,LUH,1105,530,575
2021,2,MAA,768119,384703,383416
2021,2,MAQ,24375,12402,11973
2021,2,MYQ,14953,7502,7451
2021,2,NAG,152755,78792,73963
2021,2,NDC,5890,2996,2894
2021,2,PAT,286445,147705,138740
2021,2,PBD,4259,2093,2166
2021,2,PGH,364,197,167
2021,2,PNQ,301416,150070,151346
2021,2,PYG,4054,1884,2170
2021,2,RAJ,26342,13063,13279
2021,2,RJA,26454,13433,13021
2021,2,RPR,158920,82413,76507
2021,2,SAG,28488,14246,14242
2021,2,SHL,2334,1095,1239
2021,2,SLV,260,110,150
2021,2,STV,95958,49363,46595
2021,2,SXR,243176,120304,122872
2021,2,SXV,3256,1734,1522
2021,2,TCR,13756,7149,6607
2021,2,TEZ,369,208,161
2021,2,TIR,60887,29818,31069
2021,2,TRV,66674,34501,32173
2021,2,TRZ,15954,7649,8305
2021,2,UDR,78529,38570,39959
2021,2,VDY,2861,1469,1392
2021,2,VGA,58094,30603,27491
2021,2,VNS,163576,80945,82631
2021,2,VTZ,143078,73750,69328
2021,3,AGR,955,458,497
2021,3,AGX,1129,552,577
2021,3,AIP,3915,1912,2003
2021,3,AJL,15706,8209,7497
2021,3,AMD,527507,272024,255483
2021,3,ATQ,106085,55110,50975
2021,3,BBI,214091,109036,105055
2021,3,BDQ,38982,20049,18933
2021,3,BEK,1498,756,742
2021,3,BHJ,809,398,411
2021,3,BHO,68263,34480,33783
2021,3,BHU,1896,900,996
2021,3,BKB,2151,1030,1121
2021,3,BLR,1422290,723211,699079
2021,3,BOM,1444857,740323,704534
2021,3,CCJ,33025,18873,14152
2021,3,CCU,1127437,555896,571541
2021,3,CDP,8552,4358,4194
2021,3,CJB,125438,64319,61119
2021,3,COK,222162,120025,102137
2021,3,DBR,44794,20414,24380
2021,3,DED,111220,53750,57470
2021,3,DEL,2978969,1492813,1486156
2021,3,DGH,21344,11162,10182
2021,3,DHM,14197,6635,7562
2021,3,DIB,54633,25773,28860
2021,3,DIU,1720,927,793
2021,3,DMU,18192,9185,9007
2021,3,GAU,363754,162857,200897
2021,3,GAY,6814,3090,3724
2021,3,GBI,8361,4282,4079
2021,3,GOI,592342,305211,287131
2021,3,GOP,53631,23137,30494
2021,3,GWL,11432,5691,5741
2021,3,HBX,23232,12157,11075
2021,3,HDO,2649,1304,1345
2021,3,HSS,73,31,42
2021,3,HYD,1025366,519482,505884
2021,3,IDR,139184,69930,69254
2021,3,IMF,81865,42155,39710
2021,3,ISK,10600,5222,5378
2021,3,IXA,88551,46093,42458
2021,3,IXB,242986,123755,119231
2021,3,IXC,235114,112427,122687
2021,3,IXD,38625,17768,20857
2021,3,IXE,67713,36768,30945
2021,3,IXG,34380,17579,16801
2021,3,IXI,1548,746,802
2021,3,IXJ,105302,51440,53862
2021,3,IXL,49683,15964,33719
2021,3,IXM,65820,33760,32060
2021,3,IXP,539,247,292
2021,3,IXR,157684,73017,84667
2021,3,IXS,37401,19132,18269
2021,3,IXT,59,14,45
2021,3,IXU,19132,10245,8887
2021,3,IXX,1413,775,638
2021,3,IXY,11316,5628,5688
2021,3,IXZ,95278,47714,47564
2021,3,JAI,265458,126593,138865
2021,3,JDH,46978,22840,24138
2021,3,JGA,3351,1525,1826
2021,3,JGB,3828,1855,1973
2021,3,JLG,885,497,388
2021,3,JLR,19348,9320,10028
2021,3,JRG,32211,16438,15773
2021,3,JRH,5547,2927,2620
2021,3,JSA,5366,2621,2745
2021,3,KJB,554,305,249
2021,3,KLH,9599,4519,5080
2021,3,KNU,12391,6026,6365
2021,3,KQH,17270,8401,8869
2021,3,KUU,1625,493,1132
2021,3,LKO,272930,125002,147928
2021,3,LUH,478,213,265
2021,3,MAA,753448,391805,361643
2021,3,MAQ,24428,12296,12132
2021,3,MYQ,14952,7538,7414
2021,3,NAG,106442,54533,51909
2021,3,NDC,4880,2527,2353
2021,3,PAB,2869,1531,1338
2021,3,PAT,297744,133471,164273
2021,3,PBD,2538,1311,1227
2021,3,PGH,1436,666,770
2021,3,PNQ,256423,133191,123232
2021,3,PYG,7171,3345,3826
2021,3,RAJ,34904,17301,17603
2021,3,RJA,26131,13136,12995
2021,3,RPR,144212,74317,69895
2021,3,SAG,18679,9510,9169
2021,3,SHL,3021,1463,1558
2021,3,SLV,251,117,134
2021,3,STV,94565,48815,45750
2021,3,SXR,290085,133154,156931
2021,3,SXV,3381,1837,1544
2021,3,TCR,13403,6755,6648
2021,3,TEZ,382,241,141
2021,3,TIR,66117,32498,33619
2021,3,TRV,59470,30050,29420
2021,3,TRZ,18106,8630,9476
2021,3,UDR,67638,34363,33275
2021,3,VDY,3098,1592,1506
2021,3,VGA,58040,30165,27875
2021,3,VNS,178482,80355,98127
2021,3,VTZ,140841,71023,69818
2021,4,AGR,6129,2559,3570
2021,4,AGX,1992,702,1290
2021,4,AIP,2145,1091,1054
2021,4,AJL,11389,5460,5929
2021,4,AMD,324645,164274,160371
2021,4,ATQ,68910,36209,32701
2021,4,BBI,145175,67300,77875
2021,4,BDQ,21632,11280,10352
2021,4,BEK,1429,616,813
2021,4,BHO,37867,18299,19568
2021,4,BHU,327,160,167
2021,4,BKB,961,394,567
2021,4,BLR,1079133,619975,459158
2021,4,BOM,944452,532944,411508
2021,4,CCJ,22690,12124,10566
2021,4,CCU,782300,340494,441806
2021,4,CDP,4989,2573,2416
2021,4,CJB,81478,42238,39240
2021,4,COK,203227,93625,109602
2021,4,DBR,41156,17601,23555
2021,4,DED,72128,38076,34052
2021,4,DEL,2246003,1150987,1095016
2021,4,DGH,15850,6302,9548
2021,4,DHM,11491,5320,6171
2021,4,DIB,41264,18075,23189
2021,4,DIU,1079,537,542
2021,4,DMU,16689,7641,9048
2021,4,GAU,319217,161101,158116
2021,4,GAY,5189,2159,3030
2021,4,GBI,6295,2974,3321
2021,4,GOI,318798,180116,138682
2021,4,GOP,64159,22193,41966
2021,4,GWL,8855,3994,4861
2021,4,HBX,16791,8732,8059
2021,4,HDO,2341,1206,1135
2021,4,HSS,31,18,13
2021,4,HYD,730045,374713,355332
2021,4,IDR,71014,33786,37228
2021,4,IMF,69368,32835,36533
2021,4,ISK,3177,1529,1648
2021,4,IXA,75478,34095,41383
2021,4,IXB,203986,94284,109702
2021,4,IXC,153978,74876,79102
2021,4,IXD,30693,11754,18939
2021,4,IXE,50111,25330,24781
2021,4,IXG,25055,12928,12127
2021,4,IXI,1578,721,857
2021,4,IXJ,79449,39940,39509
2021,4,IXL,61554,23177,38377
2021,4,IXM,47155,22826,24329
2021,4,IXP,800,336,464
2021,4,IXR,130500,50756,79744
2021,4,IXS,30704,15102,15602
2021,4,IXT,71,4,67
2021,4,IXU,10232,5180,5052
2021,4,IXX,997,436,561
2021,4,IXY,4720,2155,2565
2021,4,IXZ,67419,37268,30151
2021,4,JAI,154005,64960,89045
2021,4,JDH,35517,14149,21368
2021,4,JGA,2104,903,1201
2021,4,JGB,2470,1198,1272
2021,4,JLG,341,175,166
2021,4,JLR,12803,5497,7306
2021,4,JRG,19378,9260,10118
2021,4,JRH,6582,3217,3365
2021,4,JSA,928,444,484
2021,4,KJB,2505,1161,1344
2021,4,KLH,6684,3324,3360
2021,4,KNU,7239,2978,4261
2021,4,KQH,8247,3871,4376
2021,4,KUU,1295,319,976
2021,4,LKO,221908,86162,135746
2021,4,LUH,183,72,111
2021,4,MAA,574383,310288,264095
2021,4,MAQ,25318,12021,13297
2021,4,MYQ,9826,5299,4527
2021,4,NAG,61272,29165,32107
2021,4,NDC,1880,882,998
2021,4,PAB,1743,797,946
2021,4,PAT,298184,109744,188440
2021,4,PBD,1058,561,497
2021,4,PGH,1139,589,550
2021,4,PNQ,183207,104503,78704
2021,4,PYG,5602,2775,2827
2021,4,RAJ,16514,8207,8307
2021,4,RJA,19840,9502,10338
2021,4,RPR,67034,31623,35411
2021,4,SAG,4300,2253,2047
2021,4,SHL,2261,1154,1107
2021,4,SLV,116,69,47
2021,4,STV,47263,25654,21609
2021,4,SXR,250612,120761,129851
2021,4,SXV,2252,1187,1065
2021,4,TCR,8512,4206,4306
2021,4,TEZ,313,197,116
2021,4,TIR,38555,19183,19372
2021,4,TRV,55410,26023,29387
2021,4,TRZ,10798,5064,5734
2021,4,UDR,32234,13692,18542
2021,4,VDY,1328,674,654
2021,4,VGA,41998,20440,21558
2021,4,VNS,155376,54777,100599
2021,4,VTZ,118061,55074,62987
2021,5,AGR,1487,766,721
2021,5,AGX,659,176,483
2021,5,AJL,4282,1504,2778
2021,5,AMD,141175,79368,61807
2021,5,ATQ,22269,12366,9903
2021,5,BBI,42372,15658,26714
2021,5,BDQ,7737,4054,3683
2021,5,BEK,915,478,437
2021,5,BHO,11215,5956,5259
2021,5,BHU,121,60,61
2021,5,BKB,195,50,145
2021,5,BLR,375318,221416,153902
2021,5,BOM,395116,200623,194493
2021,5,CCJ,7907,4671,3236
2021,5,CCU,245496,102153,143343
2021,5,CDP,805,333,472
2021,5,CJB,23795,12912,10883
2021,5,COK,70077,41649,28428
2021,5,DBR,40894,16899,23995
2021,5,DED,19903,10776,9127
2021,5,DEL,826730,441724,385006
2021,5,DGH,3154,1217,1937
2021,5,DHM,4257,2181,2076
2021,5,DIB,15936,6211,9725
2021,5,DIU,744,318,426
2021,5,DMU,5114,1979,3135
2021,5,GAU,91262,35784,55478
2021,5,GAY,1587,538,1049
2021,5,GBI,3563,1623,1940
2021,5,GOI,36473,23837,12636
2021,5,GOP,41045,14914,26131
2021,5,GWL,3298,1597,1701
2021,5,HBX,4393,2229,2164
2021,5,HDO,1082,584,498
2021,5,HSS,82,42,40
2021,5,HYD,273754,142768,130986
2021,5,IDR,18748,9468,9280
2021,5,IMF,21649,8543,13106
2021,5,ISK,1090,489,601
2021,5,IXA,24610,8511,16099
2021,5,IXB,56036,22516,33520
2021,5,IXC,44929,23848,21081
2021,5,IXD,15893,7123,8770
2021,5,IXE,18860,10795,8065
2021,5,IXG,12725,6399,6326
2021,5,IXI,565,214,351
2021,5,IXJ,37530,20673,16857
2021,5,IXL,27118,14583,12535
2021,5,IXM,18228,7872,10356
2021,5,IXP,283,123,160
2021,5,IXR,55924,23649,32275
2021,5,IXS,12062,3739,8323
2021,5,IXT,25,0,25
2021,5,IXU,4607,1969,2638
2021,5,IXX,758,293,465
2021,5,IXY,1630,761,869
2021,5,IXZ,16939,9960,6979
2021,5,JAI,45318,25362,19956
2021,5,JDH,22063,11741,10322
2021,5,JGA,1079,531,548
2021,5,JGB,1175,537,638
2021,5,JLG,516,261,255
2021,5,JLR,2976,1372,1604
2021,5,JRG,4650,2057,2593
2021,5,JRH,417,206,211
2021,5,JSA,654,322,332
2021,5,KJB,1424,679,745
2021,5,KLH,3730,1744,1986
2021,5,KNU,1352,776,576
2021,5,KQH,4435,2379,2056
2021,5,KUU,874,239,635
2021,5,LKO,84320,36374,47946
2021,5,MAA,184562,105088,79474
2021,5,MAQ,11656,6358,5298
2021,5,MYQ,2109,1147,962
2021,5,NAG,28009,13919,14090
2021,5,NDC,964,464,500
2021,5,PAB,869,388,481
2021,5,PAT,149503,55108,94395
2021,5,PBD,631,294,337
2021,5,PGH,489,221,268
2021,5,PNQ,67913,32486,35427
2021,5,PYG,695,296,399
2021,5,RAJ,4514,2055,2459
2021,5,RJA,8119,3696,4423
2021,5,RPR,23127,10281,12846
2021,5,RUP,1323,720,603
2021,5,STV,16000,8039,7961
2021,5,SXR,91176,38615,52561
2021,5,SXV,496,223,273
2021,5,TCR,5239,2247,2992
2021,5,TEZ,146,71,75
2021,5,TIR,7274,3532,3742
2021,5,TRV,19266,9815,9451
2021,5,TRZ,4879,1937,2942
2021,5,UDR,10100,5123,4977
2021,5,VDY,1207,573,634
2021,5,VGA,15103,7182,7921
2021,5,VNS,84148,32512,51636
2021,5,VTZ,45823,19460,26363
2021,6,AGR,2506,1406,1100
2021,6,AGX,528,278,250
2021,6,AJL,4566,2065,2501
2021,6,AMD,237018,118268,118750
2021,6,ATQ,30407,14796,15611
2021,6,BBI,65966,34201,31765
2021,6,BDQ,13052,5841,7211
2021,6,BEK,1435,788,647
2021,6,BHJ,604,299,305
2021,6,BHO,25444,13004,12440
2021,6,BHU,811,367,444
2021,6,BKB,480,153,327
2021,6,BLR,507390,225265,282125
2021,6,BOM,648068,297044,351024
2021,6,CCJ,8192,5214,2978
2021,6,CCU,331033,176994,154039
2021,6,CDP,651,243,408
2021,6,CJB,28299,14148,14151
2021,6,COK,88713,43707,45006
2021,6,DBR,53713,32889,20824
2021,6,DED,29409,15184,14225
2021,6,DEL,1326406,668090,658316
2021,6,DGH,6419,3953,2466
2021,6,DHM,6730,3233,3497
2021,6,DIB,21351,10013,11338
2021,6,DIU,1329,637,692
2021,6,DMU,8327,4056,4271
2021,6,GAU,111375,60756,50619
2021,6,GBI,6642,3549,3093
2021,6,GOI,51144,26481,24663
2021,6,GOP,43141,28535,14606
2021,6,GWL,6943,3597,3346
2021,6,HBX,6056,3135,2921
2021,6,HDO,1730,868,862
2021,6,HSS,56,40,16
2021,6,HYD,399645,192779,206866
2021,6,IDR,41983,21300,20683
2021,6,IMF,30471,14165,16306
2021,6,ISK,438,181,257
2021,6,IXA,24897,11986,12911
2021,6,IXB,69628,41018,28610
2021,6,IXC,89246,43456,45790
2021,6,IXD,21503,12628,8875
2021,6,IXE,21095,11247,9848
2021,6,IXG,19320,9886,9434
2021,6,IXI,842,426,416
2021,6,IXJ,58562,29754,28808
2021,6,IXL,56021,24424,31597
2021,6,IXM,25645,12989,12656
2021,6,IXP,786,381,405
2021,6,IXR,70206,40729,29477
2021,6,IXS,9786,5504,4282
2021,6,IXT,236,97,139
2021,6,IXU,8299,4150,4149
2021,6,IXX,376,205,171
2021,6,IXY,5007,2293,2714
2021,6,IXZ,20495,10400,10095
2021,6,JAI,68680,36773,31907
2021,6,JDH,23140,12487,10653
2021,6,JGB,2566,1298,1268
2021,6,JLG,489,274,215
2021,6,JLR,11691,5961,5730
2021,6,JRG,12317,6396,5921
2021,6,JRH,1600,933,667
2021,6,JSA,464,206,258
2021,6,KJB,2036,991,1045
2021,6,KLH,5213,2507,2706
2021,6,KNU,4332,2386,1946
2021,6,KQH,8332,4295,4037
2021,6,KUU,1660,447,1213
2021,6,LKO,112762,62172,50590
2021,6,MAA,246879,118245,128634
2021,6,MAQ,14088,7418,6670
2021,6,MYQ,2984,1529,1455
2021,6,NAG,72292,37166,35126
2021,6,NDC,1162,576,586
2021,6,PAB,2287,1216,1071
2021,6,PAT,169485,102157,67328
2021,6,PBD,269,145,124
2021,6,PGH,465,210,255
2021,6,PNQ,140660,63217,77443
2021,6,PYG,564,311,253
2021,6,RAJ,7503,3745,3758
2021,6,RJA,11739,6058,5681
2021,6,RPR,52933,25477,27456
2021,6,RUP,2818,1569,1249
2021,6,SLV,121,52,69
2021,6,STV,28983,14199,14784
2021,6,SXR,156032,68069,87963
2021,6,SXV,44,22,22
2021,6,TCR,5241,2630,2611
2021,6,TEZ,219,120,99
2021,6,TIR,17249,8759,8490
2021,6,TRV,23523,12517,11006
2021,6,TRZ,5331,2501,2830
2021,6,UDR,18632,9873,8759
2021,6,VDY,561,298,263
2021,6,VGA,23856,12308,11548
2021,6,VNS,81033,48205,32828
2021,6,VTZ,64630,33830,30800
2021,7,AGR,5632,3052,2580
2021,7,AGX,754,364,390
2021,7,AJL,6229,3470,2759
2021,7,AMD,346036,174684,171352
2021,7,ATQ,52754,26417,26337
2021,7,BBI,113302,60735,52567
2021,7,BDQ,31790,15520,16270
2021,7,BEK,1636,821,815
2021,7,BHJ,1279,581,698
2021,7,BHO,47124,24316,22808
2021,7,BHU,1324,599,725
2021,7,BKB,709,338,371
2021,7,BLR,882677,397476,485201
2021,7,BOM,1012562,502676,509886
2021,7,CCJ,17428,9726,7702
2021,7,CCU,574029,288458,285571
2021,7,CDP,2028,904,1124
2021,7,CJB,63199,30939,32260
2021,7,COK,134356,65483,68873
2021,7,DBR,71682,42436,29246
2021,7,DED,51595,26072,25523
2021,7,DEL,2020582,1016100,1004482
2021,7,DGH,14543,8292,6251
2021,7,DHM,9808,5087,4721
2021,7,DIB,32236,16849,15387
2021,7,DIU,1611,734,877
2021,7,DMU,11558,6359,5199
2021,7,GAU,166574,89650,76924
2021,7,GBI,8404,4261,4143
2021,7,GOI,139443,67062,72381
2021,7,GOP,41804,24183,17621
2021,7,GWL,12654,6616,6038
2021,7,HBX,15412,7743,7669
2021,7,HDO,2641,1289,1352
2021,7,HSS,52,34,18
2021,7,HYD,699106,347289,351817
2021,7,IDR,90180,45467,44713
2021,7,IMF,40273,21562,18711
2021,7,ISK,4140,2128,2012
2021,7,IXA,42230,22931,19299
2021,7,IXB,116652,64903,51749
2021,7,IXC,151174,73441,77733
2021,7,IXD,31327,16908,14419
2021,7,IXE,38322,18302,20020
2021,7,IXG,23000,11300,11700
2021,7,IXI,1042,535,507
2021,7,IXJ,78136,39509,38627
2021,7,IXL,121041,61006,60035
2021,7,IXM,43017,20798,22219
2021,7,IXP,1206,613,593
2021,7,IXR,108927,58947,49980
2021,7,IXS,16087,9497,6590
2021,7,IXT,455,221,234
2021,7,IXU,17503,9071,8432
2021,7,IXX,112,71,41
2021,7,IXY,6255,3010,3245
2021,7,IXZ,21720,11971,9749
2021,7,JAI,138923,69003,69920
2021,7,JDH,38610,19088,19522
2021,7,JGA,1123,476,647
2021,7,JGB,3814,1980,1834
2021,7,JLG,723,373,350
2021,7,JLR,18021,9545,8476
2021,7,JRG,24398,12781,11617
2021,7,JRH,4252,2527,1725
2021,7,JSA,824,386,438
2021,7,KJB,2499,1246,1253
2021,7,KLH,5721,2986,2735
2021,7,KNU,7384,3654,3730
2021,7,KQH,12103,5994,6109
2021,7,KUU,1433,392,1041
2021,7,LKO,171900,89626,82274
2021,7,MAA,445782,216128,229654
2021,7,MAQ,19089,10449,8640
2021,7,MYQ,7000,3233,3767
2021,7,NAG,103663,54369,49294
2021,7,NDC,840,411,429
2021,7,PAB,2471,1297,1174
2021,7,PAT,207762,112705,95057
2021,7,PBD,883,515,368
2021,7,PGH,545,247,298
2021,7,PNQ,222749,107925,114824
2021,7,PYG,176,84,92
2021,7,RAJ,20760,10132,10628
2021,7,RJA,18541,9373,9168
2021,7,RPR,94437,48699,45738
2021,7,RUP,3189,1597,1592
2021,7,SHL,1336,733,603
2021,7,SLV,171,76,95
2021,7,STV,54561,27423,27138
2021,7,SXR,238419,113925,124494
2021,7,TCR,9853,4898,4955
2021,7,TEZ,388,248,140
2021,7,TIR,37020,18060,18960
2021,7,TRV,37244,19507,17737
2021,7,TRZ,9011,4203,4808
2021,7,UDR,44592,22033,22559
2021,7,VDY,227,115,112
2021,7,VGA,38758,19599,19159
2021,7,VNS,92661,48410,44251
2021,7,VTZ,104120,52407,51713
2021,8,AGR,6351,3157,3194
2021,8,AGX,1103,536,567
2021,8,AJL,9156,4995,4161
2021,8,AMD,430853,218298,212555
2021,8,ATQ,70287,35344,34943
2021,8,BBI,161598,83053,78545
2021,8,BDQ,43443,22101,21342
2021,8,BEK,6946,3587,3359
2021,8,BHJ,1727,876,851
2021,8,BHO,61972,31895,30077
2021,8,BHU,3281,1606,1675
2021,8,BKB,867,375,492
2021,8,BLR,1183245,555437,627808
2021,8,BOM,1406793,686586,720207
2021,8,CCJ,22771,11944,10827
2021,8,CCU,803271,419393,383878
2021,8,CDP,2287,1051,1236
2021,8,CJB,97920,48728,49192
2021,8,COK,192615,82994,109621
2021,8,DBR,57771,32710,25061
2021,8,DED,62436,30781,31655
2021,8,DEL,2627878,1306448,1321430
2021,8,DGH,19977,11109,8868
2021,8,DHM,8889,4449,4440
2021,8,DIB,41954,21130,20824
2021,8,DIU,2237,1086,1151
2021,8,DMU,15386,8274,7112
2021,8,GAU,243201,138751,104450
2021,8,GAY,526,307,219
2021,8,GBI,8006,4060,3946
2021,8,GOI,298821,149810,149011
2021,8,GOP,43445,23639,19806
2021,8,GWL,16358,8105,8253
2021,8,HBX,18578,9495,9083
2021,8,HDO,2639,1312,1327
2021,8,HYD,946995,472678,474317
2021,8,IDR,142269,70583,71686
2021,8,IMF,56306,30413,25893
2021,8,ISK,7160,3558,3602
2021,8,IXA,66950,36864,30086
2021,8,IXB,147677,83119,64558
2021,8,IXC,186004,90635,95369
2021,8,IXD,30806,15493,15313
2021,8,IXE,53570,26432,27138
2021,8,IXG,25356,12982,12374
2021,8,IXI,1322,623,699
2021,8,IXJ,104086,50350,53736
2021,8,IXL,128470,68717,59753
2021,8,IXM,54721,27005,27716
2021,8,IXP,1103,572,531
2021,8,IXR,138174,74198,63976
2021,8,IXS,25557,15318,10239
2021,8,IXT,304,128,176
2021,8,IXU,19271,10024,9247
2021,8,IXX,1018,534,484
2021,8,IXY,9489,4523,4966
2021,8,IXZ,32337,16008,16329
2021,8,JAI,192561,94569,97992
2021,8,JDH,44043,21662,22381
2021,8,JGA,4190,2010,2180
2021,8,JGB,4480,2293,2187
2021,8,JLG,1559,852,707
2021,8,JLR,24686,12707,11979
2021,8,JRG,25450,13095,12355
2021,8,JRH,4638,2701,1937
2021,8,JSA,2452,1135,1317
2021,8,KJB,2915,1458,1457
2021,8,KLH,9714,4768,4946
2021,8,KNU,9076,4523,4553
2021,8,KQH,13294,6640,6654
2021,8,KUU,1141,321,820
2021,8,LKO,206464,106046,100418
2021,8,MAA,618446,300196,318250
2021,8,MAQ,21764,11041,10723
2021,8,MYQ,9152,4506,4646
2021,8,NAG,134740,68890,65850
2021,8,NDC,4337,2182,2155
2021,8,PAB,2395,1279,1116
2021,8,PAT,230612,122211,108401
2021,8,PBD,2140,1135,1005
2021,8,PGH,874,399,475
2021,8,PNQ,308873,152188,156685
2021,8,PYG,325,159,166
2021,8,RAJ,34499,17554,16945
2021,8,RJA,25703,12580,13123
2021,8,RPR,121934,61656,60278
2021,8,RUP,3262,1636,1626
2021,8,SHL,3163,1596,1567
2021,8,SLV,102,40,62
2021,8,STV,77948,38316,39632
2021,8,SXR,260464,133577,126887
2021,8,TCR,12512,6244,6268
2021,8,TEI,246,136,110
2021,8,TEZ,415,225,190
2021,8,TIR,60498,30121,30377
2021,8,TRV,54607,25892,28715
2021,8,TRZ,10953,5222,5731
2021,8,UDR,63242,31844,31398
2021,8,VDY,2780,1446,1334
2021,8,VGA,49225,25403,23822
2021,8,VNS,122846,62887,59959
2021,8,VTZ,149859,74536,75323
2021,9,AGR,5701,2997,2704
2021,9,AGX,1799,710,1089
2021,9,AJL,11194,5987,5207
2021,9,AMD,435473,217483,217990
2021,9,ATQ,73965,36151,37814
2021,9,BBI,180110,92216,87894
2021,9,BDQ,47763,24637,23126
2021,9,BEK,11140,5780,5360
2021,9,BHJ,1589,839,750
2021,9,BHO,58358,30893,27465
2021,9,BHU,5342,2689,2653
2021,9,BKB,1194,537,657
2021,9,BLR,1222931,595559,627372
2021,9,BOM,1495075,737712,757363
2021,9,CCJ,21584,11571,10013
2021,9,CCU,862367,434131,428236
2021,9,CDP,584,282,302
2021,9,CJB,110447,55876,54571
2021,9,COK,174301,87926,86375
2021,9,DBR,50150,26045,24105
2021,9,DED,69289,32660,36629
2021,9,DEL,2769243,1377368,1391875
2021,9,DGH,19345,10083,9262
2021,9,DHM,10159,5002,5157
2021,9,DIB,45029,22526,22503
2021,9,DIU,1834,942,892
2021,9,DMU,16988,9035,7953
2021,9,GAU,274339,141285,133054
2021,9,GAY,185,111,74
2021,9,GBI,7284,3773,3511
2021,9,GOI,433573,213262,220311
2021,9,GOP,40819,21243,19576
2021,9,GWL,18423,9816,8607
2021,9,HBX,17823,9098,8725
2021,9,HDO,2446,1179,1267
2021,9,HYD,923688,464458,459230
2021,9,IDR,150246,76743,73503
2021,9,IMF,68816,36733,32083
2021,9,ISK,7012,3548,3464
2021,9,IXA,81018,41799,39219
2021,9,IXB,163815,84834,78981
2021,9,IXC,198277,96280,101997
2021,9,IXD,33160,16533,16627
2021,9,IXE,57687,28579,29108
2021,9,IXG,25030,12600,12430
2021,9,IXI,1544,749,795
2021,9,IXJ,106284,50932,55352
2021,9,IXL,133834,72567,61267
2021,9,IXM,57395,29353,28042
2021,9,IXP,1148,576,572
2021,9,IXR,136210,71354,64856
2021,9,IXS,30151,16279,13872
2021,9,IXT,553,244,309
2021,9,IXU,21170,11015,10155
2021,9,IXX,378,198,180
2021,9,IXY,9269,4565,4704
2021,9,IXZ,50279,21092,29187
2021,9,JAI,218758,107276,111482
2021,9,JDH,54424,26813,27611
2021,9,JGA,5294,2480,2814
2021,9,JGB,4221,2153,2068
2021,9,JLG,1039,578,461
2021,9,JLR,29646,15379,14267
2021,9,JRG,24952,12636,12316
2021,9,JRH,6068,3269,2799
2021,9,JSA,2387,1146,1241
2021,9,KJB,2509,1303,1206
2021,9,KLH,9272,4400,4872
2021,9,KNU,9386,4921,4465
2021,9,KQH,13390,6620,6770
2021,9,KUU,1280,340,940
2021,9,LKO,215720,111055,104665
2021,9,MAA,674300,337107,337193
2021,9,MAQ,21670,11871,9799
2021,9,MYQ,9869,5029,4840
2021,9,NAG,135632,70264,65368
2021,9,NDC,2250,1206,1044
2021,9,PAB,2117,1108,1009
2021,9,PAT,205647,104201,101446
2021,9,PBD,2139,1165,974
2021,9,PGH,1423,666,757
2021,9,PNQ,342406,169990,172416
2021,9,PYG,799,347,452
2021,9,RAJ,35685,16835,18850
2021,9,RJA,21978,11218,10760
2021,9,RPR,119106,61064,58042
2021,9,RUP,2586,1336,1250
2021,9,SHL,5489,2461,3028
2021,9,SLV,198,85,113
2021,9,STV,81217,40360,40857
2021,9,SXR,269164,134067,135097
2021,9,TCR,12653,6346,6307
2021,9,TEI,731,423,308
2021,9,TEZ,582,314,268
2021,9,TIR,56615,27842,28773
2021,9,TRV,48409,26271,22138
2021,9,TRZ,12079,6076,6003
2021,9,UDR,70576,35028,35548
2021,9,VDY,635,311,324
2021,9,VGA,45095,23146,21949
2021,9,VNS,116179,57765,58414
2021,9,VTZ,133371,69172,64199
2021,10,AGR,8828,4003,4825
2021,10,AGX,2528,1195,1333
2021,10,AJL,12692,6878,5814
2021,10,AMD,520615,269688,250927
2021,10,ATQ,100767,48037,52730
2021,10,BBI,234788,114273,120515
2021,10,BDQ,63902,33003,30899
2021,10,BEK,11557,5423,6134
2021,10,BHJ,1879,915,964
2021,10,BHO,76312,37528,38784
2021,10,BHU,4733,2258,2475
2021,10,BKB,1405,611,794
2021,10,BLR,1628965,859017,769948
2021,10,BOM,2017993,1045430,972563
2021,10,CCJ,30308,16510,13798
2021,10,CCU,1212929,581309,631620
2021,10,CDP,1212,515,697
2021,10,CJB,124751,61875,62876
2021,10,COK,226396,114519,111877
2021,10,DBR,65570,29903,35667
2021,10,DED,104119,50545,53574
2021,10,DEL,3450483,1695442,1755041
2021,10,DGH,28397,13483,14914
2021,10,DHM,13956,6461,7495
2021,10,DIB,54185,27221,26964
2021,10,DIU,2806,1396,1410
2021,10,DMU,19928,10608,9320
2021,10,GAU,387894,194228,193666
2021,10,GAY,4433,2007,2426
2021,10,GBI,7906,4014,3892
2021,10,GOI,602517,307627,294890
2021,10,GOP,56654,24429,32225
2021,10,GWL,22066,10779,11287
2021,10,HBX,20534,10458,10076
2021,10,HDO,2494,1220,1274
2021,10,HYD,1176338,600000,576338
2021,10,IDR,174469,85236,89233
2021,10,IMF,82795,43771,39024
2021,10,ISK,7845,3709,4136
2021,10,IXA,98033,50243,47790
2021,10,IXB,244391,119364,125027
2021,10,IXC,242958,112886,130072
2021,10,IXD,41051,19271,21780
2021,10,IXE,80920,39442,41478
2021,10,IXG,30875,16003,14872
2021,10,IXI,1854,984,870
2021,10,IXJ,139354,65385,73969
2021,10,IXL,113668,73474,40194
2021,10,IXM,60960,29884,31076
2021,10,IXP,1334,653,681
2021,10,IXR,187606,89595,98011
2021,10,IXS,36124,18523,17601
2021,10,IXT,532,210,322
2021,10,IXU,29173,14884,14289
2021,10,IXX,441,167,274
2021,10,IXY,10207,5020,5187
2021,10,IXZ,82348,40142,42206
2021,10,JAI,294124,137364,156760
2021,10,JDH,80923,39593,41330
2021,10,JGA,7646,3570,4076
2021,10,JGB,5020,2468,2552
2021,10,JLG,1421,692,729
2021,10,JLR,38315,18389,19926
2021,10,JRG,26232,13007,13225
2021,10,JRH,8105,4302,3803
2021,10,JSA,3455,1507,1948
2021,10,KJB,3286,1731,1555
2021,10,KLH,10399,4829,5570
2021,10,KNU,12780,5913,6867
2021,10,KQH,14147,6734,7413
2021,10,KUU,1777,526,1251
2021,10,LKO,283747,131166,152581
2021,10,MAA,796742,402102,394640
2021,10,MAQ,27039,13817,13222
2021,10,MYQ,11582,5742,5840
2021,10,NAG,155539,74749,80790
2021,10,NDC,3908,1853,2055
2021,10,PAB,2089,1039,1050
2021,10,PAT,285223,120995,164228
2021,10,PBD,2747,1403,1344
2021,10,PGH,1738,788,950
2021,10,PNQ,233893,121078,112815
2021,10,PYG,3772,1681,2091
2021,10,RAJ,45345,22806,22539
2021,10,RJA,26161,12929,13232
2021,10,RPR,154075,73920,80155
2021,10,RUP,4023,2003,2020
2021,10,SAG,13156,6673,6483
2021,10,SDW,2507,1275,1232
2021,10,SHL,7122,3325,3797
2021,10,SLV,320,144,176
2021,10,STV,87353,45411,41942
2021,10,SXR,311520,170170,141350
2021,10,TCR,12999,6465,6534
2021,10,TEI,929,553,376
2021,10,TEZ,625,365,260
2021,10,TIR,59946,29633,30313
2021,10,TRV,61261,30758,30503
2021,10,TRZ,14461,6906,7555
2021,10,UDR,95441,46979,48462
2021,10,VDY,745,402,343
2021,10,VGA,53883,27082,26801
2021,10,VNS,158014,70979,87035
2021,10,VTZ,172975,86674,86301
2021,11,AGR,7084,3392,3692
2021,11,AGX,2979,1382,1597
2021,11,AJL,23527,11774,11753
2021,11,AMD,682531,338226,344305
2021,11,ATQ,140557,69853,70704
2021,11,BBI,266787,129682,137105
2021,11,BDQ,82186,40730,41456
2021,11,BEK,17027,9071,7956
2021,11,BHJ,2219,1091,1128
2021,11,BHO,93095,48464,44631
2021,11,BHU,6208,2898,3310
2021,11,BKB,2596,1237,1359
2021,11,BLR,1890268,931354,958914
2021,11,BOM,2455170,1223474,1231696
2021,11,CCJ,30383,15654,14729
2021,11,CCU,1332929,653356,679573
2021,11,CDP,594,232,362
2021,11,CJB,152105,77497,74608
2021,11,COK,279636,140470,139166
2021,11,DBR,77100,36777,40323
2021,11,DED,117233,60052,57181
2021,11,DEL,4059087,2051569,2007518
2021,11,DGH,32273,16329,15944
2021,11,DHM,13724,6618,7106
2021,11,DIB,57171,28370,28801
2021,11,DIU,3350,1677,1673
2021,11,DMU,23134,11570,11564
2021,11,GAU,395517,195681,199836
2021,11,GAY,10324,4936,5388
2021,11,GBI,7402,3771,3631
2021,11,GOI,702603,353086,349517
2021,11,GOP,71792,33699,38093
2021,11,GWL,26476,13332,13144
2021,11,HBX,20918,10600,10318
2021,11,HDO,2528,1283,1245
2021,11,HYD,1302650,660489,642161
2021,11,IDR,214711,107897,106814
2021,11,IMF,91512,48164,43348
2021,11,ISK,7436,3704,3732
2021,11,IXA,107946,55634,52312
2021,11,IXB,266090,135404,130686
2021,11,IXC,286534,138976,147558
2021,11,IXD,58004,28057,29947
2021,11,IXE,89496,43606,45890
2021,11,IXG,29411,15104,14307
2021,11,IXI,3433,1768,1665
2021,11,IXJ,146633,65998,80635
2021,11,IXL,70959,45537,25422
2021,11,IXM,69881,35726,34155
2021,11,IXP,1100,576,524
2021,11,IXR,222315,111278,111037
2021,11,IXS,31798,16267,15531
2021,11,IXT,996,523,473
2021,11,IXU,32530,16374,16156
2021,11,IXX,197,143,54
2021,11,IXY,8968,4304,4664
2021,11,IXZ,110280,53775,56505
2021,11,JAI,387159,186943,200216
2021,11,JDH,118131,55752,62379
2021,11,JGA,6773,3284,3489
2021,11,JGB,4644,2347,2297
2021,11,JLG,1358,722,636
2021,11,JLR,37137,18556,18581
2021,11,JRG,27739,14051,13688
2021,11,JRH,9994,4910,5084
2021,11,JSA,18359,9252,9107
2021,11,KBK,468,234,234
2021,11,KJB,2680,1351,1329
2021,11,KLH,9805,4588,5217
2021,11,KNU,33390,16374,17016
2021,11,KQH,15832,7580,8252
2021,11,KUU,1831,544,1287
2021,11,LKO,371727,186197,185530
2021,11,MAA,902964,467976,434988
2021,11,MAQ,32132,16411,15721
2021,11,MYQ,12721,6492,6229
2021,11,NAG,220086,114422,105664
2021,11,NDC,579,262,317
2021,11,PAB,2321,1078,1243
2021,11,PAT,414618,198022,216596
2021,11,PBD,1863,872,991
2021,11,PGH,2231,1158,1073
2021,11,PNQ,507387,251026,256361
2021,11,PYG,7466,3474,3992
2021,11,RAJ,59898,29682,30216
2021,11,RJA,28141,14288,13853
2021,11,RPR,191454,98109,93345
2021,11,RUP,3813,1931,1882
2021,11,SAG,34955,17325,17630
2021,11,SDW,3503,1721,1782
2021,11,SHL,8468,3943,4525
2021,11,SLV,428,185,243
2021,11,STV,126418,60173,66245
2021,11,SXR,317695,169958,147737
2021,11,TCR,12508,6210,6298
2021,11,TEI,1085,655,430
2021,11,TEZ,463,286,177
2021,11,TIR,64963,32787,32176
2021,11,TRV,82537,41626,40911
2021,11,TRZ,17323,8831,8492
2021,11,UDR,124496,60989,63507
2021,11,VDY,309,112,197
2021,11,VGA,60079,30135,29944
2021,11,VNS,222215,104260,117955
2021,11,VTZ,188929,95659,93270
2021,12,AGR,8466,4344,4122
2021,12,AGX,3729,1673,2056
2021,12,AIP,82,30,52
2021,12,AJL,27819,12667,15152
2021,12,AMD,668907,332384,336523
2021,12,ATQ,162918,82307,80611
2021,12,BBI,304217,151685,152532
2021,12,BDQ,81020,40227,40793
2021,12,BEK,16242,9141,7101
2021,12,BHJ,2017,1007,1010
2021,12,BHO,96193,49412,46781
2021,12,BHU,4073,1915,2158
2021,12,BKB,2607,1265,1342
2021,12,BLR,2037522,995756,1041766
2021,12,BOM,2565730,1251805,1313925
2021,12,CCJ,34089,16468,17621
2021,12,CCU,1461384,724508,736876
2021,12,CJB,181450,88130,93320
2021,12,COK,353801,165154,188647
2021,12,DBR,71531,40691,30840
2021,12,DED,125360,64397,60963
2021,12,DEL,4217185,2168661,2048524
2021,12,DGH,40845,21418,19427
2021,12,DHM,15480,7528,7952
2021,12,DIB,64325,30125,34200
2021,12,DIU,3554,1855,1699
2021,12,DMU,26749,12180,14569
2021,12,GAU,434060,208006,226054
2021,12,GAY,10927,5749,5178
2021,12,GBI,7852,3916,3936
2021,12,GOI,821571,394501,427070
2021,12,GOP,64259,36181,28078
2021,12,GWL,27614,14647,12967
2021,12,HBX,22307,11182,11125
2021,12,HDO,2734,1362,1372
2021,12,HYD,1412365,701768,710597
2021,12,IDR,231673,116865,114808
2021,12,IMF,93989,41693,52296
2021,12,ISK,7075,3484,3591
2021,12,IXA,115247,58125,57122
2021,12,IXB,279877,141168,138709
2021,12,IXC,293769,143110,150659
2021,12,IXD,59059,32233,26826
2021,12,IXE,107205,51551,55654
2021,12,IXG,29774,14845,14929
2021,12,IXI,3417,1803,1614
2021,12,IXJ,152801,71275,81526
2021,12,IXL,52436,33354,19082
2021,12,IXM,77949,38321,39628
2021,12,IXP,1196,592,604
2021,12,IXR,218119,114062,104057
2021,12,IXS,37998,18657,19341
2021,12,IXT,1126,586,540
2021,12,IXU,34758,17216,17542
2021,12,IXY,11951,5749,6202
2021,12,IXZ,124272,59524,64748
2021,12,JAI,412966,210128,202838
2021,12,JDH,119270,61229,58041
2021,12,JGA,8751,4231,4520
2021,12,JGB,5087,2532,2555
2021,12,JLG,1560,836,724
2021,12,JLR,39036,20030,19006
2021,12,JRG,29926,15155,14771
2021,12,JRH,10857,5060,5797
2021,12,JSA,26047,12897,13150
2021,12,KBK,2688,1350,1338
2021,12,KJB,3084,1587,1497
2021,12,KLH,10504,4894,5610
2021,12,KNU,28367,16011,12356
2021,12,KQH,16483,8443,8040
2021,12,KUU,1606,376,1230
2021,12,LKO,360122,198087,162035
2021,12,MAA,1049229,525415,523814
2021,12,MAQ,34911,17277,17634
2021,12,MYQ,13853,7088,6765
2021,12,NAG,227461,114949,112512
2021,12,NDC,1182,507,675
2021,12,PAB,2226,957,1269
2021,12,PAT,340394,190483,149911
2021,12,PBD,2455,1169,1286
2021,12,PGH,1908,936,972
2021,12,PNQ,560187,267109,293078
2021,12,PYG,8597,4102,4495
2021,12,RAJ,58344,28794,29550
2021,12,RJA,33797,16792,17005
2021,12,RPR,198746,99424,99322
2021,12,RUP,3512,1702,1810
2021,12,SAG,41663,20235,21428
2021,12,SDW,3466,1715,1751
2021,12,SHL,10569,5166,5403
2021,12,SLV,74,32,42
2021,12,STV,134731,64584,70147
2021,12,SXR,331667,172674,158993
2021,12,TCR,16470,7761,8709
2021,12,TEI,1194,629,565
2021,12,TEZ,471,299,172
2021,12,TIR,87586,42840,44746
2021,12,TRV,108693,51697,56996
2021,12,TRZ,19342,8796,10546
2021,12,UDR,157356,79888,77468
2021,12,VGA,70423,34791,35632
2021,12,VNS,191352,106738,84614
2021,12,VTZ,209270,100426,108844
2022,1,AGR,5263,2450,2813
2022,1,AGX,2972,1269,1703
2022,1,AJL,17291,8756,8535
2022,1,AMD,385270,192943,192327
2022,1,ATQ,94837,48543,46294
2022,1,BBI,160396,80739,79657
2022,1,BDQ,42830,21432,21398
2022,1,BEK,9016,4384,4632
2022,1,BHJ,1892,1010,882
2022,1,BHO,51596,26057,25539
2022,1,BHU,2461,1074,1387
2022,1,BKB,812,401,411
2022,1,BLR,1121981,574877,547104
2022,1,BOM,1409568,686589,722979
2022,1,CCJ,26610,14057,12553
2022,1,CCU,839773,408437,431336
2022,1,CJB,106559,55209,51350
2022,1,COK,240386,127238,113148
2022,1,DBR,29630,13208,16422
2022,1,DED,67472,36300,31172
2022,1,DEL,2327410,1131332,1196078
2022,1,DGH,20106,9641,10465
2022,1,DHM,7565,4134,3431
2022,1,DIB,43852,20217,23635
2022,1,DIU,2129,1175,954
2022,1,DMU,18066,9861,8205
2022,1,GAU,284457,138007,146450
2022,1,GAY,3309,1661,1648
2022,1,GBI,5661,2888,2773
2022,1,GOI,450421,257986,192435
2022,1,GOP,41646,19677,21969
2022,1,GWL,13797,6758,7039
2022,1,HBX,13252,6992,6260
2022,1,HDO,2116,1050,1066
2022,1,HYD,882326,447127,435199
2022,1,IDR,124920,62218,62702
2022,1,IMF,68594,37803,30791
2022,1,ISK,4548,2189,2359
2022,1,IXA,72498,31052,41446
2022,1,IXB,148295,77951,70344
2022,1,IXC,179337,88870,90467
2022,1,IXD,29000,13507,15493
2022,1,IXE,65916,36235,29681
2022,1,IXG,18038,9572,8466
2022,1,IXI,2712,1393,1319
2022,1,IXJ,107817,53179,54638
2022,1,IXL,36282,20302,15980
2022,1,IXM,51565,26159,25406
2022,1,IXP,443,211,232
2022,1,IXR,119160,59000,60160
2022,1,IXS,28647,12396,16251
2022,1,IXT,808,439,369
2022,1,IXU,17918,9258,8660
2022,1,IXY,8314,3994,4320
2022,1,IXZ,73258,40746,32512
2022,1,JAI,209117,103343,105774
2022,1,JDH,68515,35292,33223
2022,1,JGA,6170,2887,3283
2022,1,JGB,3213,1525,1688
2022,1,JLG,1495,826,669
2022,1,JLR,23339,11350,11989
2022,1,JRG,15356,7561,7795
2022,1,JRH,6912,3373,3539
2022,1,JSA,10597,5987,4610
2022,1,KBK,1857,820,1037
2022,1,KJB,2260,1219,1041
2022,1,KLH,7824,3625,4199
2022,1,KNU,11576,5310,6266
2022,1,KQH,9009,4311,4698
2022,1,KUU,1077,238,839
2022,1,LKO,205958,98709,107249
2022,1,MAA,635014,322361,312653
2022,1,MAQ,23866,12642,11224
2022,1,MYQ,7778,4141,3637
2022,1,NAG,121163,61462,59701
2022,1,NDC,1372,755,617
2022,1,PAB,1477,725,752
2022,1,PAT,187604,85706,101898
2022,1,PBD,1023,468,555
2022,1,PGH,840,377,463
2022,1,PNQ,335111,168900,166211
2022,1,PYG,5770,2824,2946
2022,1,RAJ,32527,16299,16228
2022,1,RJA,23162,11871,11291
2022,1,RPR,101638,48216,53422
2022,1,RUP,2423,1225,1198
2022,1,SAG,16558,8776,7782
2022,1,SDW,2716,1349,1367
2022,1,SHL,6439,2949,3490
2022,1,STV,75174,36485,38689
2022,1,SXR,236178,121451,114727
2022,1,TCR,11423,5871,5552
2022,1,TEI,833,441,392
2022,1,TEZ,315,200,115
2022,1,TIR,62930,31428,31502
2022,1,TRV,68737,37411,31326
2022,1,TRZ,14184,6332,7852
2022,1,UDR,74729,40100,34629
2022,1,VGA,46053,23026,23027
2022,1,VNS,109558,52049,57509
2022,1,VTZ,139490,68410,71080
2022,2,AGR,4929,2435,2494
2022,2,AGX,2953,1212,1741
2022,2,AJL,15401,8646,6755
2022,2,AMD,439133,225628,213505
2022,2,ATQ,104799,50872,53927
2022,2,BBI,204090,102373,101717
2022,2,BDQ,54246,29234,25012
2022,2,BEK,9959,5092,4867
2022,2,BHJ,1998,910,1088
2022,2,BHO,65064,33682,31382
2022,2,BHU,2978,1446,1532
2022,2,BKB,1588,759,829
2022,2,BLR,1304499,644497,660002
2022,2,BOM,1923292,967332,955960
2022,2,CCJ,24709,13175,11534
2022,2,CCU,987810,489196,498614
2022,2,CJB,110769,55266,55503
2022,2,COK,220253,115360,104893
2022,2,DBR,44107,22588,21519
2022,2,DED,77441,37069,40372
2022,2,DEL,3088092,1526754,1561338
2022,2,DGH,19091,9794,9297
2022,2,DHM,8985,4386,4599
2022,2,DIB,41244,20977,20267
2022,2,DIU,2516,1335,1181
2022,2,DMU,17091,9806,7285
2022,2,GAU,282430,143222,139208
2022,2,GAY,1569,842,727
2022,2,GBI,6884,3521,3363
2022,2,GOI,511861,250970,260891
2022,2,GOP,48460,23594,24866
2022,2,GWL,18539,9225,9314
2022,2,HBX,11519,5898,5621
2022,2,HDO,2340,1147,1193
2022,2,HJR,524,234,290
2022,2,HYD,1006983,516479,490504
2022,2,IDR,153246,77847,75399
2022,2,IMF,66414,34032,32382
2022,2,ISK,3757,1928,1829
2022,2,IXA,71554,37456,34098
2022,2,IXB,178683,92245,86438
2022,2,IXC,201166,97156,104010
2022,2,IXD,30426,15079,15347
2022,2,IXE,76037,37828,38209
2022,2,IXG,23302,11811,11491
2022,2,IXI,3161,1730,1431
2022,2,IXJ,117378,59287,58091
2022,2,IXL,53557,21139,32418
2022,2,IXM,42028,20990,21038
2022,2,IXP,796,390,406
2022,2,IXR,153160,80835,72325
2022,2,IXS,26785,13636,13149
2022,2,IXT,740,412,328
2022,2,IXU,21303,10682,10621
2022,2,IXX,101,57,44
2022,2,IXY,10061,4951,5110
2022,2,IXZ,79140,37271,41869
2022,2,JAI,282013,136896,145117
2022,2,JDH,81976,40491,41485
2022,2,JGA,8128,4038,4090
2022,2,JGB,3979,1990,1989
2022,2,JLG,359,205,154
2022,2,JLR,25649,13017,12632
2022,2,JRG,19763,10217,9546
2022,2,JRH,6081,3209,2872
2022,2,JSA,10981,5410,5571
2022,2,KBK,2998,1503,1495
2022,2,KJB,2313,1241,1072
2022,2,KLH,7615,3643,3972
2022,2,KNU,15192,7621,7571
2022,2,KQH,12867,6216,6651
2022,2,KUU,1207,249,958
2022,2,LKO,238850,119484,119366
2022,2,MAA,723295,364884,358411
2022,2,MAQ,18162,9694,8468
2022,2,MYQ,8850,4576,4274
2022,2,NAG,138125,71655,66470
2022,2,NDC,2138,987,1151
2022,2,PAB,2355,1283,1072
2022,2,PAT,254181,127938,126243
2022,2,PGH,942,452,490
2022,2,PNQ,384770,189909,194861
2022,2,PYG,6084,2777,3307
2022,2,RAJ,40513,20453,20060
2022,2,RJA,19753,10494,9259
2022,2,RPR,125580,65402,60178
2022,2,RUP,4202,2110,2092
2022,2,SAG,24698,11950,12748
2022,2,SDW,2887,1376,1511
2022,2,SHL,6819,3137,3682
2022,2,STV,79767,40406,39361
2022,2,SXR,253883,122552,131331
2022,2,TCR,10776,5388,5388
2022,2,TEI,730,471,259
2022,2,TEZ,387,267,120
2022,2,TIR,60286,29359,30927
2022,2,TRV,54490,28028,26462
2022,2,TRZ,14488,6793,7695
2022,2,UDR,99615,48879,50736
2022,2,VDY,216,117,99
2022,2,VGA,48946,25174,23772
2022,2,VNS,155474,75083,80391
2022,2,VTZ,148144,76992,71152
2022,3,AGR,9984,4953,5031
2022,3,AGX,3436,1522,1914
2022,3,AJL,24568,13139,11429
2022,3,AMD,560417,285788,274629
2022,3,ATQ,150775,75584,75191
2022,3,BBI,286721,146051,140670
2022,3,BDQ,82731,43101,39630
2022,3,BEK,15474,8018,7456
2022,3,BHJ,2345,1145,1200
2022,3,BHO,96637,49547,47090
2022,3,BHU,2197,1080,1117
2022,3,BKB,2395,1189,1206
2022,3,BLR,1974782,969708,1005074
2022,3,BOM,2526797,1255251,1271546
2022,3,CCJ,39746,20643,19103
2022,3,CCU,1335119,662172,672947
2022,3,CDP,724,386,338
2022,3,CJB,174936,89361,85575
2022,3,COK,319529,158962,160567
2022,3,DBR,50214,25265,24949
2022,3,DED,123953,61347,62606
2022,3,DEL,4114504,2079787,2034717
2022,3,DGH,39418,20598,18820
2022,3,DHM,16358,7718,8640
2022,3,DIB,60963,30665,30298
2022,3,DIU,3799,1974,1825
2022,3,DMU,23391,12867,10524
2022,3,GAU,405144,201971,203173
2022,3,GAY,7412,3728,3684
2022,3,GBI,8214,4234,3980
2022,3,GDB,2874,1447,1427
2022,3,GOI,806017,414585,391432
2022,3,GOP,57030,27524,29506
2022,3,GWL,23686,11861,11825
2022,3,HBX,20286,10497,9789
2022,3,HDO,2708,1328,1380
2022,3,HJR,1062,539,523
2022,3,HYD,1389839,698678,691161
2022,3,IDR,219850,110943,108907
2022,3,IMF,93228,52185,41043
2022,3,ISK,4600,2290,2310
2022,3,IXA,103519,54016,49503
2022,3,IXB,248799,127421,121378
2022,3,IXC,295014,145096,149918
2022,3,IXD,53747,26647,27100
2022,3,IXE,98278,47952,50326
2022,3,IXG,30404,15627,14777
2022,3,IXI,3869,2088,1781
2022,3,IXJ,150619,77406,73213
2022,3,IXL,73566,22587,50979
2022,3,IXM,61816,31132,30684
2022,3,IXR,190039,97041,92998
2022,3,IXS,36296,18649,17647
2022,3,IXT,721,401,320
2022,3,IXU,30718,15475,15243
2022,3,IXY,11022,5403,5619
2022,3,IXZ,77389,39205,38184
2022,3,JAI,370916,182903,188013
2022,3,JDH,88760,44490,44270
2022,3,JGA,9334,4610,4724
2022,3,JGB,5122,2503,2619
2022,3,JLR,39081,19848,19233
2022,3,JRG,27349,13930,13419
2022,3,JRH,9761,4886,4875
2022,3,JSA,9035,4659,4376
2022,3,KBK,3182,1599,1583
2022,3,KJB,3331,1732,1599
2022,3,KLH,9352,4534,4818
2022,3,KNU,22881,11753,11128
2022,3,KQH,14514,7202,7312
2022,3,KUU,1935,476,1459
2022,3,LKO,329235,163875,165360
2022,3,MAA,1020555,509445,511110
2022,3,MAQ,31786,16185,15601
2022,3,MYQ,14306,7361,6945
2022,3,NAG,197801,101252,96549
2022,3,NDC,1464,702,762
2022,3,PAB,2443,1213,1230
2022,3,PAT,318654,155884,162770
2022,3,PBD,430,201,229
2022,3,PGH,2163,1041,1122
2022,3,PNQ,558630,273234,285396
2022,3,PNY,881,480,401
2022,3,PYG,7677,3557,4120
2022,3,RAJ,61560,30848,30712
2022,3,RJA,27100,13690,13410
2022,3,RPR,178029,89843,88186
2022,3,RUP,4147,2039,2108
2022,3,SAG,51685,25659,26026
2022,3,SDW,3504,1722,1782
2022,3,SHL,10279,4467,5812
2022,3,STV,109062,53846,55216
2022,3,SXR,352211,166321,185890
2022,3,TCR,14881,7346,7535
2022,3,TEI,1002,581,421
2022,3,TEZ,440,259,181
2022,3,TIR,78614,38737,39877
2022,3,TRV,96650,49690,46960
2022,3,TRZ,22373,10524,11849
2022,3,UDR,115455,58784,56671
2022,3,VGA,66159,33519,32640
2022,3,VNS,211495,104159,107336
2022,3,VTZ,184381,92276,92105
2022,4,AGR,6866,3361,3505
2022,4,AGX,2979,1382,1597
2022,4,AJL,25719,13225,12494
2022,4,AMD,532595,274294,258301
2022,4,ATQ,152327,76215,76112
2022,4,BBI,283747,140530,143217
2022,4,BDQ,98720,51302,47418
2022,4,BEK,15396,7610,7786
2022,4,BHJ,2219,1091,1128
2022,4,BHO,90156,46236,43920
2022,4,BHU,1122,490,632
2022,4,BKB,2596,1237,1359
2022,4,BLR,2060738,1040669,1020069
2022,4,BOM,2501741,1288063,1213678
2022,4,CCJ,41646,21250,20396
2022,4,CCU,1282018,611796,670222
2022,4,CDP,4609,2447,2162
2022,4,CJB,183475,92296,91179
2022,4,COK,337277,166251,171026
2022,4,DBR,69141,31995,37146
2022,4,DED,139989,67910,72079
2022,4,DEL,3986746,2021004,1965742
2022,4,DGH,45605,22262,23343
2022,4,DHM,22488,10266,12222
2022,4,DIB,61332,29222,32110
2022,4,DIU,3350,1677,1673
2022,4,DMU,21516,10977,10539
2022,4,GAU,440216,210835,229381
2022,4,GAY,12921,6335,6586
2022,4,GBI,7956,4080,3876
2022,4,GDB,4071,2083,1988
2022,4,GOI,625804,319349,306455
2022,4,GOP,63400,28142,35258
2022,4,GWL,25982,12941,13041
2022,4,HBX,20047,10075,9972
2022,4,HDO,2454,1228,1226
2022,4,HJR,1011,479,532
2022,4,HYD,1402972,712740,690232
2022,4,IDR,223101,112946,110155
2022,4,IMF,90620,48569,42051
2022,4,ISK,5866,2960,2906
2022,4,IXA,105412,53508,51904
2022,4,IXB,117376,57405,59971
2022,4,IXC,311803,149866,161937
2022,4,IXD,52196,25305,26891
2022,4,IXE,104280,50531,53749
2022,4,IXG,35474,18089,17385
2022,4,IXI,2600,1367,1233
2022,4,IXJ,143964,69502,74462
2022,4,IXL,109286,47599,61687
2022,4,IXM,66106,32703,33403
2022,4,IXP,1100,576,524
2022,4,IXR,195984,94016,101968
2022,4,IXS,27212,13418,13794
2022,4,IXT,778,404,374
2022,4,IXU,31912,16323,15589
2022,4,IXY,9198,4393,4805
2022,4,IXZ,93872,49502,44370
2022,4,JAI,331683,160042,171641
2022,4,JDH,55292,27078,28214
2022,4,JGA,8919,4330,4589
2022,4,JGB,4644,2347,2297
2022,4,JLR,42338,20970,21368
2022,4,JRG,29433,14840,14593
2022,4,JRH,12577,6165,6412
2022,4,KBK,3277,1529,1748
2022,4,KJB,3874,2050,1824
2022,4,KLH,11273,5416,5857
2022,4,KNU,27577,12992,14585
2022,4,KQH,13582,6562,7020
2022,4,KUU,1708,468,1240
2022,4,LKO,336757,158284,178473
2022,4,MAA,1052381,537277,515104
2022,4,MAQ,34925,16624,18301
2022,4,MYQ,14433,7381,7052
2022,4,NAG,194177,100273,93904
2022,4,PAB,2321,1078,1243
2022,4,PAT,333108,148119,184989
2022,4,PBD,3682,1740,1942
2022,4,PGH,9827,4836,4991
2022,4,PNQ,587792,296209,291583
2022,4,PNY,7729,3940,3789
2022,4,PYG,4872,2278,2594
2022,4,RAJ,62990,32159,30831
2022,4,RJA,32055,16515,15540
2022,4,RPR,179909,91474,88435
2022,4,RUP,3490,1663,1827
2022,4,SAG,62709,31297,31412
2022,4,SDW,3503,1721,1782
2022,4,SHL,8434,3770,4664
2022,4,STV,98064,49828,48236
2022,4,SXR,418767,200601,218166
2022,4,TCR,17230,8425,8805
2022,4,TEI,764,453,311
2022,4,TEZ,463,286,177
2022,4,TIR,76312,37442,38870
2022,4,TRV,129908,64624,65284
2022,4,TRZ,24661,11405,13256
2022,4,UDR,74079,36790,37289
2022,4,VGA,59623,30585,29038
2022,4,VNS,210851,97577,113274
2022,4,VTZ,195096,97318,97778
2022,5,AGR,9766,5072,4694
2022,5,AGX,3729,1673,2056
2022,5,AJL,24703,12168,12535
2022,5,AMD,660799,346478,314321
2022,5,ATQ,155631,79256,76375
2022,5,BBI,280115,144633,135482
2022,5,BDQ,104217,55204,49013
2022,5,BEK,14849,7930,6919
2022,5,BHJ,2017,1007,1010
2022,5,BHO,91523,48335,43188
2022,5,BHU,5869,3042,2827
2022,5,BKB,2607,1265,1342
2022,5,BLR,2205985,1025332,1180653
2022,5,BOM,2829387,1419488,1409899
2022,5,CCJ,47969,23655,24314
2022,5,CCU,1401703,702310,699393
2022,5,CDP,4518,2343,2175
2022,5,CJB,205293,101050,104243
2022,5,COK,351885,170495,181390
2022,5,DBR,70193,36334,33859
2022,5,DED,175334,85661,89673
2022,5,DEL,4249711,2172150,2077561
2022,5,DGH,47255,25789,21466
2022,5,DHM,22044,9953,12091
2022,5,DIB,58097,27029,31068
2022,5,DIU,3554,1855,1699
2022,5,DMU,21135,10466,10669
2022,5,GAU,442551,220874,221677
2022,5,GAY,14137,7429,6708
2022,5,GBI,8241,4254,3987
2022,5,GDB,4588,2407,2181
2022,5,GOI,661204,338988,322216
2022,5,GOP,71407,34843,36564
2022,5,GWL,23279,12164,11115
2022,5,HBX,24146,12212,11934
2022,5,HDO,2798,1376,1422
2022,5,HJR,1004,488,516
2022,5,HYD,1463130,722052,741078
2022,5,IDR,230953,119294,111659
2022,5,IMF,92274,46668,45606
2022,5,ISK,5863,2946,2917
2022,5,IXA,127708,65606,62102
2022,5,IXB,277058,138194,138864
2022,5,IXC,329167,163068,166099
2022,5,IXD,55777,28360,27417
2022,5,IXE,117333,59379,57954
2022,5,IXG,37756,19151,18605
2022,5,IXI,2079,1085,994
2022,5,IXJ,147149,72808,74341
2022,5,IXL,138783,68896,69887
2022,5,IXM,73532,35955,37577
2022,5,IXP,1196,592,604
2022,5,IXR,206769,109760,97009
2022,5,IXS,33454,17624,15830
2022,5,IXT,598,305,293
2022,5,IXU,35278,17890,17388
2022,5,IXY,9069,4276,4793
2022,5,IXZ,101718,53528,48190
2022,5,JAI,326122,168657,157465
2022,5,JDH,48534,24834,23700
2022,5,JGA,8357,4170,4187
2022,5,JGB,5514,2849,2665
2022,5,JLR,45988,23441,22547
2022,5,JRG,33485,17410,16075
2022,5,JRH,12410,6215,6195
2022,5,KBK,3651,1807,1844
2022,5,KJB,4512,2363,2149
2022,5,KLH,10604,5096,5508
2022,5,KNU,27260,14142,13118
2022,5,KQH,12745,6380,6365
2022,5,KUU,1586,361,1225
2022,5,LKO,355229,178369,176860
2022,5,MAA,1111257,544243,567014
2022,5,MAQ,34622,16450,18172
2022,5,MYQ,16288,8408,7880
2022,5,NAG,214954,112573,102381
2022,5,PAB,2226,957,1269
2022,5,PAT,378788,194241,184547
2022,5,PBD,5761,2762,2999
2022,5,PGH,10536,4966,5570
2022,5,PNQ,665656,328721,336935
2022,5,PNY,8005,4070,3935
2022,5,PYG,4106,1940,2166
2022,5,RAJ,70829,36118,34711
2022,5,RJA,32584,17040,15544
2022,5,RPR,192500,99199,93301
2022,5,RUP,4866,2370,2496
2022,5,SAG,63554,31853,31701
2022,5,SDW,3466,1715,1751
2022,5,SHL,9602,4487,5115
2022,5,STV,127058,64591,62467
2022,5,SXR,477178,227505,249673
2022,5,TCR,18459,9011,9448
2022,5,TEI,717,432,285
2022,5,TEZ,471,299,172
2022,5,TIR,80343,39498,40845
2022,5,TRV,144396,70299,74097
2022,5,TRZ,29139,13205,15934
2022,5,UDR,69115,35624,33491
2022,5,VGA,64597,32534,32063
2022,5,VNS,218830,107459,111371
2022,5,VTZ,195057,99313,95744
2022,6,AGR,12655,6399,6256
2022,6,AGX,2979,1382,1597
2022,6,AJL,27544,14297,13247
2022,6,AMD,596819,285079,311740
2022,6,ATQ,140843,74589,66254
2022,6,BBI,278479,138085,140394
2022,6,BDQ,91864,44124,47740
2022,6,BEK,14092,7634,6458
2022,6,BHJ,3505,1734,1771
2022,6,BHO,93043,47116,45927
2022,6,BHU,6296,3093,3203
2022,6,BKB,2596,1237,1359
2022,6,BLR,1982639,968979,1013660
2022,6,BOM,2399126,1147402,1251724
2022,6,CCJ,42718,21164,21554
2022,6,CCU,1255988,608857,647131
2022,6,CDP,5463,2832,2631
2022,6,CJB,207431,105372,102059
2022,6,COK,312876,158546,154330
2022,6,DBR,74623,41031,33592
2022,6,DED,163376,86528,76848
2022,6,DEL,3993594,2084481,1909113
2022,6,DGH,45806,24015,21791
2022,6,DHM,20388,9144,11244
2022,6,DIB,53564,26504,27060
2022,6,DIU,3350,1677,1673
2022,6,DMU,21438,11329,10109
2022,6,GAU,392205,196857,195348
2022,6,GAY,10585,5493,5092
2022,6,GBI,7154,3626,3528
2022,6,GDB,3849,1967,1882
2022,6,GOI,598270,307007,291263
2022,6,GOP,66049,35475,30574
2022,6,GWL,24140,12894,11246
2022,6,HBX,23340,12058,11282
2022,6,HDO,2295,1168,1127
2022,6,HJR,884,445,439
2022,6,HYD,1358907,653514,705393
2022,6,IDR,211164,103691,107473
2022,6,IMF,89826,46961,42865
2022,6,ISK,6515,3313,3202
2022,6,IXA,115634,57014,58620
2022,6,IXB,243668,127658,116010
2022,6,IXC,313876,161614,152262
2022,6,IXD,50271,26509,23762
2022,6,IXE,90074,46204,43870
2022,6,IXG,34727,17956,16771
2022,6,IXI,1833,971,862
2022,6,IXJ,131893,65160,66733
2022,6,IXL,136809,70879,65930
2022,6,IXM,73525,37473,36052
2022,6,IXP,1100,576,524
2022,6,IXR,196095,99736,96359
2022,6,IXS,33839,18510,15329
2022,6,IXT,576,280,296
2022,6,IXU,32355,15356,16999
2022,6,IXX,707,361,346
2022,6,IXY,8612,3939,4673
2022,6,IXZ,108680,52695,55985
2022,6,JAI,297057,148484,148573
2022,6,JDH,46082,23085,22997
2022,6,JGA,8232,3929,4303
2022,6,JGB,5411,2794,2617
2022,6,JLR,43744,22384,21360
2022,6,JRG,28258,14052,14206
2022,6,JRH,12330,6299,6031
2022,6,KBK,3837,2076,1761
2022,6,KJB,4657,2482,2175
2022,6,KLH,12179,5763,6416
2022,6,KNU,26158,14285,11873
2022,6,KQH,11421,5545,5876
2022,6,KUU,1708,468,1240
2022,6,LKO,331058,177043,154015
2022,6,MAA,1062886,527887,534999
2022,6,MAQ,32274,16047,16227
2022,6,MYQ,15453,7795,7658
2022,6,NAG,192952,97263,95689
2022,6,PAB,2321,1078,1243
2022,6,PAT,343891,185900,157991
2022,6,PBD,4540,1932,2608
2022,6,PGH,10701,5433,5268
2022,6,PNQ,584978,275301,309677
2022,6,PNY,8197,4101,4096
2022,6,PYG,499,238,261
2022,6,RAJ,62253,29267,32986
2022,6,RJA,33979,17330,16649
2022,6,RPR,187903,93239,94664
2022,6,RUP,3059,1593,1466
2022,6,SAG,61787,30141,31646
2022,6,SDW,3503,1721,1782
2022,6,SHL,7916,3611,4305
2022,6,STV,106989,49071,57918
2022,6,SXR,455245,222764,232481
2022,6,TCR,17650,8749,8901
2022,6,TEI,409,215,194
2022,6,TEZ,463,286,177
2022,6,TIR,79506,39505,40001
2022,6,TRV,122751,61931,60820
2022,6,TRZ,31696,15054,16642
2022,6,UDR,71618,35436,36182
2022,6,VGA,66856,33567,33289
2022,6,VNS,196876,107271,89605
2022,6,VTZ,204225,101625,102600
2022,7,AGR,10966,5364,5602
2022,7,AGX,2953,1212,1741
2022,7,AJL,24707,13267,11440
2022,7,AMD,510379,255838,254541
2022,7,ATQ,118730,59350,59380
2022,7,BBI,252300,130941,121359
2022,7,BDQ,85502,43400,42102
2022,7,BEK,10821,5713,5108
2022,7,BHJ,3166,1463,1703
2022,7,BHO,84126,43580,40546
2022,7,BHU,4662,2224,2438
2022,7,BKB,1588,759,829
2022,7,BLR,1923388,939477,983911
2022,7,BOM,2183156,1093275,1089881
2022,7,CCJ,45393,22438,22955
2022,7,CCU,1197499,587738,609761
2022,7,CDP,5286,2676,2610
2022,7,CJB,196001,99155,96846
2022,7,COK,304731,153444,151287
2022,7,DBR,54071,27801,26270
2022,7,DED,117645,59696,57949
2022,7,DEL,3683508,1842201,1841307
2022,7,DEP,2157,1147,1010
2022,7,DGH,39476,20830,18646
2022,7,DHM,12741,6031,6710
2022,7,DIB,58346,29359,28987
2022,7,DIU,2516,1335,1181
2022,7,DMU,22122,11927,10195
2022,7,GAU,409963,203256,206707
2022,7,GAY,9751,5033,4718
2022,7,GBI,6726,3391,3335
2022,7,GDB,2679,1318,1361
2022,7,GOI,499571,256480,243091
2022,7,GOP,50912,26633,24279
2022,7,GWL,18512,9383,9129
2022,7,HBX,23598,11948,11650
2022,7,HDO,2310,1162,1148
2022,7,HJR,1049,549,500
2022,7,HYD,1313345,649913,663432
2022,7,IDR,202736,102429,100307
2022,7,IMF,90121,47064,43057
2022,7,ISK,4572,2317,2255
2022,7,IXA,119969,62086,57883
2022,7,IXB,195988,102442,93546
2022,7,IXC,258412,126740,131672
2022,7,IXD,41455,21161,20294
2022,7,IXE,94249,45065,49184
2022,7,IXG,27249,13926,13323
2022,7,IXI,1843,1049,794
2022,7,IXJ,120303,59535,60768
2022,7,IXL,145729,79137,66592
2022,7,IXM,71880,35974,35906
2022,7,IXP,796,390,406
2022,7,IXR,172065,89094,82971
2022,7,IXS,36122,18203,17919
2022,7,IXT,751,412,339
2022,7,IXU,32960,16607,16353
2022,7,IXX,1507,813,694
2022,7,IXY,6943,3357,3586
2022,7,IXZ,73505,34519,38986
2022,7,JAI,286850,140181,146669
2022,7,JDH,55477,27478,27999
2022,7,JGA,7368,3403,3965
2022,7,JGB,4553,2305,2248
2022,7,JLR,31748,16010,15738
2022,7,JRG,17750,9056,8694
2022,7,JRH,14083,7090,6993
2022,7,KBK,2793,1508,1285
2022,7,KJB,2726,1392,1334
2022,7,KLH,10670,5031,5639
2022,7,KNU,19001,9600,9401
2022,7,KQH,6847,3292,3555
2022,7,KUU,1207,249,958
2022,7,LKO,296524,152587,143937
2022,7,MAA,1016000,507854,508146
2022,7,MAQ,34722,16665,18057
2022,7,MYQ,14477,7126,7351
2022,7,NAG,162937,83937,79000
2022,7,PAB,2355,1283,1072
2022,7,PAT,281012,144527,136485
2022,7,PBD,3354,1467,1887
2022,7,PGH,5280,2755,2525
2022,7,PNQ,556227,273818,282409
2022,7,PNY,7075,3592,3483
2022,7,RAJ,53159,26499,26660
2022,7,RJA,32072,16273,15799
2022,7,RPR,170095,86966,83129
2022,7,RUP,4073,2020,2053
2022,7,SAG,62857,31372,31485
2022,7,SDW,2887,1376,1511
2022,7,SHL,8438,4006,4432
2022,7,STV,88972,44811,44161
2022,7,SXR,412732,207192,205540
2022,7,TCR,17645,8677,8968
2022,7,TEI,767,418,349
2022,7,TEZ,387,267,120
2022,7,TIR,79554,39460,40094
2022,7,TRV,125029,61569,63460
2022,7,TRZ,31077,14814,16263
2022,7,UDR,77598,38800,38798
2022,7,VGA,75024,38234,36790
2022,7,VNS,155136,78503,76633
2022,7,VTZ,175823,88444,87379
2022,8,AGR,10963,5337,5626
2022,8,AGX,3729,1673,2056
2022,8,AJL,24773,12579,12194
2022,8,AMD,608529,305382,303147
2022,8,ATQ,121476,60315,61161
2022,8,BBI,247192,126061,121131
2022,8,BDQ,89631,45504,44127
2022,8,BEK,11187,5915,5272
2022,8,BHJ,3051,1473,1578
2022,8,BHO,86068,44883,41185
2022,8,BHU,6865,3334,3531
2022,8,BKB,2607,1265,1342
2022,8,BLR,2052620,1010120,1042500
2022,8,BOM,2470446,1200490,1269956
2022,8,CCJ,48044,24358,23686
2022,8,CCU,1171763,590904,580859
2022,8,CDP,5888,2994,2894
2022,8,CJB,201452,100917,100535
2022,8,COK,342054,169381,172673
2022,8,DBR,41682,22194,19488
2022,8,DED,120759,60366,60393
2022,8,DEL,3785467,1882821,1902646
2022,8,DEP,9029,4647,4382
2022,8,DGH,37327,20754,16573
2022,8,DHM,12070,5589,6481
2022,8,DIB,51560,25826,25734
2022,8,DIU,3554,1855,1699
2022,8,DMU,22178,11475,10703
2022,8,GAU,361695,183444,178251
2022,8,GAY,9269,4804,4465
2022,8,GBI,7142,3575,3567
2022,8,GDB,996,449,547
2022,8,GOI,567074,285541,281533
2022,8,GOP,50582,26649,23933
2022,8,GWL,17760,8941,8819
2022,8,HBX,23969,12087,11882
2022,8,HDO,2194,1092,1102
2022,8,HJR,968,498,470
2022,8,HYD,1357382,688688,668694
2022,8,IDR,214826,108808,106018
2022,8,IMF,86827,46102,40725
2022,8,ISK,14660,7226,7434
2022,8,IXA,110170,57408,52762
2022,8,IXB,192691,102177,90514
2022,8,IXC,258781,125717,133064
2022,8,IXD,40310,20651,19659
2022,8,IXE,101859,50479,51380
2022,8,IXG,26148,13143,13005
2022,8,IXI,1871,984,887
2022,8,IXJ,113750,56350,57400
2022,8,IXL,128057,68229,59828
2022,8,IXM,74460,37493,36967
2022,8,IXP,1196,592,604
2022,8,IXR,171549,89463,82086
2022,8,IXS,27657,14560,13097
2022,8,IXT,883,469,414
2022,8,IXU,31754,16381,15373
2022,8,IXX,1366,689,677
2022,8,IXY,7150,3496,3654
2022,8,IXZ,78382,37981,40401
2022,8,JAI,311916,152311,159605
2022,8,JDH,58089,28979,29110
2022,8,JGA,8865,4204,4661
2022,8,JGB,5676,2861,2815
2022,8,JLR,34332,17548,16784
2022,8,JRG,14341,7303,7038
2022,8,JRH,13537,6751,6786
2022,8,KBK,1367,754,613
2022,8,KJB,3233,1664,1569
2022,8,KLH,11948,5654,6294
2022,8,KNU,19704,9804,9900
2022,8,KQH,4882,2396,2486
2022,8,KUU,1586,361,1225
2022,8,LKO,323111,166170,156941
2022,8,MAA,1050888,523974,526914
2022,8,MAQ,37250,18451,18799
2022,8,MYQ,15963,7774,8189
2022,8,NAG,175203,88252,86951
2022,8,PAB,2226,957,1269
2022,8,PAT,281422,146501,134921
2022,8,PBD,1936,887,1049
2022,8,PGH,6423,3307,3116
2022,8,PNQ,599823,294128,305695
2022,8,PNY,7260,3682,3578
2022,8,PYG,1999,915,1084
2022,8,RAJ,63377,32146,31231
2022,8,RJA,36772,19097,17675
2022,8,RPR,181443,91080,90363
2022,8,RUP,3578,1818,1760
2022,8,SAG,61447,30637,30810
2022,8,SDW,3466,1715,1751
2022,8,SHL,8766,4285,4481
2022,8,STV,95893,47685,48208
2022,8,SXR,319870,165001,154869
2022,8,TCR,18510,9089,9421
2022,8,TEI,985,546,439
2022,8,TEZ,471,299,172
2022,8,TIR,79499,39725,39774
2022,8,TRV,129693,65908,63785
2022,8,TRZ,33325,15899,17426
2022,8,UDR,87530,44892,42638
2022,8,VGA,79004,40789,38215
2022,8,VNS,159897,82362,77535
2022,8,VTZ,199630,104600,95030
2022,9,AGR,10081,4967,5114
2022,9,AGX,2979,1382,1597
2022,9,AJL,25590,13335,12255
2022,9,AMD,678164,335205,342959
2022,9,ATQ,121362,57998,63364
2022,9,BBI,263592,130592,133000
2022,9,BDQ,86437,43043,43394
2022,9,BEK,10412,5055,5357
2022,9,BHJ,3326,1652,1674
2022,9,BHO,81725,41793,39932
2022,9,BHU,5630,2783,2847
2022,9,BKB,2596,1237,1359
2022,9,BLR,2110892,1087547,1023345
2022,9,BOM,2645808,1310114,1335694
2022,9,CCJ,48533,25368,23165
2022,9,CCU,1205458,582311,623147
2022,9,CDP,5459,2808,2651
2022,9,CJB,205233,105409,99824
2022,9,COK,402974,205986,196988
2022,9,DBR,36879,17342,19537
2022,9,DED,137940,65741,72199
2022,9,DEL,3867382,1917097,1950285
2022,9,DEP,6544,3197,3347
2022,9,DGH,36582,17515,19067
2022,9,DHM,12599,5865,6734
2022,9,DIB,50369,24715,25654
2022,9,DIU,3350,1677,1673
2022,9,DMU,22163,11437,10726
2022,9,GAU,374246,182784,191462
2022,9,GAY,10329,5100,5229
2022,9,GBI,6587,3321,3266
2022,9,GOI,604220,302427,301793
2022,9,GOP,49709,24205,25504
2022,9,GWL,11039,5788,5251
2022,9,HBX,23717,12075,11642
2022,9,HDO,1969,969,1000
2022,9,HJR,848,396,452
2022,9,HYD,1339914,691940,647974
2022,9,IDR,203765,102525,101240
2022,9,IMF,89680,47375,42305
2022,9,ISK,14151,7201,6950
2022,9,IXA,109432,53542,55890
2022,9,IXB,202097,99279,102818
2022,9,IXC,259880,123558,136322
2022,9,IXD,39738,19613,20125
2022,9,IXE,101136,52284,48852
2022,9,IXG,23478,12359,11119
2022,9,IXI,1833,971,862
2022,9,IXJ,126460,60766,65694
2022,9,IXL,103439,56645,46794
2022,9,IXM,71345,36301,35044
2022,9,IXP,1100,576,524
2022,9,IXR,168955,81917,87038
2022,9,IXS,30788,15339,15449
2022,9,IXT,1076,539,537
2022,9,IXU,34003,17972,16031
2022,9,IXX,1193,607,586
2022,9,IXY,6885,3392,3493
2022,9,IXZ,102193,48906,53287
2022,9,JAI,298179,144388,153791
2022,9,JDH,64119,31398,32721
2022,9,JGA,9382,4249,5133
2022,9,JGB,5226,2693,2533
2022,9,JLR,31060,15616,15444
2022,9,JRG,10903,5639,5264
2022,9,JRH,11363,5412,5951
2022,9,KBK,455,223,232
2022,9,KJB,2195,1159,1036
2022,9,KLH,11756,5498,6258
2022,9,KNU,16356,8100,8256
2022,9,KQH,1250,598,652
2022,9,KUU,1708,468,1240
2022,9,LKO,336344,165160,171184
2022,9,MAA,1082348,559271,523077
2022,9,MAQ,34072,17269,16803
2022,9,MYQ,14806,7133,7673
2022,9,NAG,168013,87360,80653
2022,9,PAB,2321,1078,1243
2022,9,PAT,286441,137973,148468
2022,9,PGH,7659,3797,3862
2022,9,PNQ,581604,292223,289381
2022,9,PNY,6546,3262,3284
2022,9,PYG,2197,938,1259
2022,9,RAJ,64919,31787,33132
2022,9,RJA,32435,16371,16064
2022,9,RPR,175459,88470,86989
2022,9,RUP,4094,1930,2164
2022,9,SAG,58461,28878,29583
2022,9,SDW,3503,1721,1782
2022,9,SHL,7232,3327,3905
2022,9,STV,89372,44538,44834
2022,9,SXR,315529,157169,158360
2022,9,TCR,15144,7400,7744
2022,9,TEI,1905,963,942
2022,9,TEZ,463,286,177
2022,9,TIR,67815,33600,34215
2022,9,TRV,132076,68486,63590
2022,9,TRZ,31351,15549,15802
2022,9,UDR,91992,45308,46684
2022,9,VGA,67195,35110,32085
2022,9,VNS,172984,82892,90092
2022,9,VTZ,170170,88300,81870
2022,10,AGR,11910,5693,6217
2022,10,AGX,3897,1860,2037
2022,10,AJL,27118,14100,13018
2022,10,AMD,769868,407521,362347
2022,10,ATQ,141270,67104,74166
2022,10,BBI,317944,151910,166034
2022,10,BDQ,90956,48340,42616
2022,10,BEK,13439,6028,7411
2022,10,BHJ,3061,1485,1576
2022,10,BHO,90726,44055,46671
2022,10,BHU,5223,2545,2678
2022,10,BKB,2323,1131,1192
2022,10,BLR,2421924,1242136,1179788
2022,10,BOM,2699199,1426133,1273066
2022,10,CCJ,49644,25428,24216
2022,10,CCU,1455209,695968,759241
2022,10,CDP,5929,3182,2747
2022,10,CJB,193047,96695,96352
2022,10,COK,392625,197795,194830
2022,10,DBR,58568,25097,33471
2022,10,DED,161770,79886,81884
2022,10,DEL,4124832,2037818,2087014
2022,10,DEP,9796,4224,5572
2022,10,DGH,45743,22230,23513
2022,10,DHM,13942,6815,7127
2022,10,DIB,57860,29024,28836
2022,10,DIU,3001,1478,1523
2022,10,DMU,25462,12976,12486
2022,10,GAU,476087,230579,245508
2022,10,GAY,11626,5217,6409
2022,10,GBI,5759,2940,2819
2022,10,GOI,668920,338350,330570
2022,10,GOP,59826,26863,32963
2022,10,GWL,13524,6357,7167
2022,10,HBX,23780,12098,11682
2022,10,HDO,1708,811,897
2022,10,HJR,2280,1122,1158
2022,10,HYD,1465501,734780,730721
2022,10,IDR,228901,112675,116226
2022,10,IMF,102470,50912,51558
2022,10,ISK,17931,9277,8654
2022,10,IXA,120649,64754,55895
2022,10,IXB,250867,123103,127764
2022,10,IXC,297080,139244,157836
2022,10,IXD,51513,24369,27144
2022,10,IXE,114223,56389,57834
2022,10,IXG,28984,14606,14378
2022,10,IXI,2707,1339,1368
2022,10,IXJ,122774,57657,65117
2022,10,IXK,1379,674,705
2022,10,IXL,81596,49499,32097
2022,10,IXM,73833,35828,38005
2022,10,IXR,216726,99928,116798
2022,10,IXS,31708,16282,15426
2022,10,IXT,1139,596,543
2022,10,IXU,35260,18645,16615
2022,10,IXX,873,462,411
2022,10,IXY,7285,3634,3651
2022,10,IXZ,116103,58780,57323
2022,10,JAI,351420,165361,186059
2022,10,JDH,79385,39358,40027
2022,10,JGA,11539,5526,6013
2022,10,JGB,5924,3063,2861
2022,10,JLR,32531,15778,16753
2022,10,JRG,11268,5729,5539
2022,10,JRH,12819,6331,6488
2022,10,JSA,1333,727,606
2022,10,KBK,1277,536,741
2022,10,KJB,3024,1546,1478
2022,10,KLH,9763,4510,5253
2022,10,KNU,21376,9547,11829
2022,10,KQH,1003,427,576
2022,10,KUU,1513,589,924
2022,10,LKO,399452,183919,215533
2022,10,MAA,1111252,551568,559684
2022,10,MAQ,28026,14437,13589
2022,10,MYQ,17247,8645,8602
2022,10,NAG,192445,93582,98863
2022,10,PAB,3518,1756,1762
2022,10,PAT,326486,137843,188643
2022,10,PGH,5676,2703,2973
2022,10,PNQ,679994,360775,319219
2022,10,PNY,6103,2968,3135
2022,10,PYB,17,9,8
2022,10,PYG,3742,1787,1955
2022,10,RAJ,66579,34206,32373
2022,10,RJA,35994,17966,18028
2022,10,RPR,199861,96888,102973
2022,10,RUP,4393,2220,2173
2022,10,SAG,63490,32566,30924
2022,10,SDW,2956,1451,1505
2022,10,SHL,9203,4460,4743
2022,10,SLV,1422,551,871
2022,10,STV,97012,53078,43934
2022,10,SXR,350011,179242,170769
2022,10,TCR,15826,7638,8188
2022,10,TEI,4722,2327,2395
2022,10,TEZ,417,324,93
2022,10,TIR,68127,33690,34437
2022,10,TRV,135024,69972,65052
2022,10,TRZ,32007,15546,16461
2022,10,UDR,101694,49983,51711
2022,10,VDY,115,67,48
2022,10,VGA,73969,36686,37283
2022,10,VNS,201798,91515,110283
2022,10,VTZ,189898,95150,94748
2022,10,ZER,5,4,1
2022,11,AGR,10007,5277,4730
2022,11,AGX,3626,1609,2017
2022,11,AJL,33265,16548,16717
2022,11,AMD,821482,396908,424574
2022,11,ATQ,151020,75228,75792
2022,11,BBI,325289,162619,162670
2022,11,BDQ,85650,40522,45128
2022,11,BEK,12114,6286,5828
2022,11,BHJ,4027,1962,2065
2022,11,BHO,95189,48405,46784
2022,11,BHU,5099,2524,2575
2022,11,BKB,2886,1427,1459
2022,11,BLR,2475340,1200052,1275288
2022,11,BOM,2939245,1429718,1509527
2022,11,CCJ,47302,24693,22609
2022,11,CCU,1269833,638518,631315
2022,11,CDP,4374,2303,2071
2022,11,CJB,185541,94235,91306
2022,11,COK,410129,207020,203109
2022,11,DBR,54648,28410,26238
2022,11,DED,115618,59314,56304
2022,11,DEL,4291325,2183448,2107877
2022,11,DEP,9232,4814,4418
2022,11,DGH,41991,22217,19774
2022,11,DHM,13589,6439,7150
2022,11,DIB,56954,28099,28855
2022,11,DIU,3549,1796,1753
2022,11,DMU,25364,12875,12489
2022,11,GAU,473935,236010,237925
2022,11,GAY,15012,8013,6999
2022,11,GBI,6876,3472,3404
2022,11,GOI,716103,357172,358931
2022,11,GOP,65206,32597,32609
2022,11,GWL,13913,7443,6470
2022,11,HBX,29493,14771,14722
2022,11,HDO,2006,1047,959
2022,11,HGI,449,185,264
2022,11,HJR,3832,2065,1767
2022,11,HYD,1450851,725268,725583
2022,11,IDR,250456,127374,123082
2022,11,IMF,102905,52366,50539
2022,11,ISK,5710,2694,3016
2022,11,IXA,106002,52297,53705
2022,11,IXB,232654,120468,112186
2022,11,IXC,289992,145075,144917
2022,11,IXD,51622,26227,25395
2022,11,IXE,98504,49474,49030
2022,11,IXG,23243,11632,11611
2022,11,IXI,2966,1533,1433
2022,11,IXJ,138633,63356,75277
2022,11,IXK,1401,674,727
2022,11,IXL,56648,35338,21310
2022,11,IXM,82112,41568,40544
2022,11,IXR,206898,112566,94332
2022,11,IXS,32333,15572,16761
2022,11,IXT,1535,762,773
2022,11,IXU,41196,21499,19697
2022,11,IXX,873,454,419
2022,11,IXY,7501,3661,3840
2022,11,IXZ,103563,51351,52212
2022,11,JAI,387422,198304,189118
2022,11,JDH,90552,45722,44830
2022,11,JGA,11977,5762,6215
2022,11,JGB,5845,3026,2819
2022,11,JLR,42099,22116,19983
2022,11,JRG,12800,6347,6453
2022,11,JRH,10843,5234,5609
2022,11,JSA,20436,10636,9800
2022,11,KBK,495,239,256
2022,11,KJB,2081,1057,1024
2022,11,KLH,10194,4691,5503
2022,11,KNU,25365,13499,11866
2022,11,KQH,951,482,469
2022,11,KUU,1350,537,813
2022,11,LKO,432871,222620,210251
2022,11,MAA,1168408,587404,581004
2022,11,MAQ,31132,15812,15320
2022,11,MYQ,12411,6081,6330
2022,11,NAG,221400,113248,108152
2022,11,PAB,3785,1951,1834
2022,11,PAT,343387,183014,160373
2022,11,PGH,5320,2780,2540
2022,11,PNQ,729190,348501,380689
2022,11,PNY,4320,2127,2193
2022,11,PYB,644,324,320
2022,11,RAJ,62865,30103,32762
2022,11,RJA,34556,17367,17189
2022,11,RPR,199699,101193,98506
2022,11,RUP,5328,2763,2565
2022,11,SAG,62086,30407,31679
2022,11,SDW,2849,1431,1418
2022,11,SHL,9168,4461,4707
2022,11,SLV,1717,701,1016
2022,11,STV,90535,41712,48823
2022,11,SXR,302375,161452,140923
2022,11,TCR,14782,7231,7551
2022,11,TEI,2789,1441,1348
2022,11,TEZ,134,73,61
2022,11,TIR,76173,37904,38269
2022,11,TRV,149468,78943,70525
2022,11,TRZ,32107,16520,15587
2022,11,UDR,142659,71174,71485
2022,11,VDY,3905,2019,1886
2022,11,VGA,74595,37058,37537
2022,11,VNS,229613,116095,113518
2022,11,VTZ,176326,89758,86568
2022,11,ZER,46,12,34
2022,12,AGR,11023,5657,5366
2022,12,AGX,4397,1921,2476
2022,12,AJL,33962,16054,17908
2022,12,AMD,880548,438877,441671
2022,12,ATQ,164700,82774,81926
2022,12,BBI,372597,185373,187224
2022,12,BDQ,86264,41401,44863
2022,12,BEK,10401,5358,5043
2022,12,BHJ,5756,2888,2868
2022,12,BHO,100843,50760,50083
2022,12,BHU,7322,3607,3715
2022,12,BKB,2808,1360,1448
2022,12,BLR,2736243,1363702,1372541
2022,12,BOM,3214711,1600264,1614447
2022,12,CCJ,52368,24251,28117
2022,12,CCU,1452121,716044,736077
2022,12,CDP,5391,2611,2780
2022,12,CJB,209226,102371,106855
2022,12,COK,443526,212494,231032
2022,12,DBR,46341,24336,22005
2022,12,DED,122004,62410,59594
2022,12,DEL,4631973,2380663,2251310
2022,12,DEP,8293,4136,4157
2022,12,DGH,40853,19867,20986
2022,12,DHM,13611,6438,7173
2022,12,DIB,60223,29079,31144
2022,12,DIU,3492,1771,1721
2022,12,DMU,30592,14838,15754
2022,12,GAU,491397,238716,252681
2022,12,GAY,13965,6752,7213
2022,12,GBI,6838,3412,3426
2022,12,GOI,826706,401434,425272
2022,12,GOP,60596,31665,28931
2022,12,GWL,19303,10346,8957
2022,12,HBX,34201,17050,17151
2022,12,HDO,1702,887,815
2022,12,HGI,6897,2906,3991
2022,12,HJR,4510,2268,2242
2022,12,HYD,1559584,773075,786509
2022,12,IDR,254571,128592,125979
2022,12,IMF,107837,50145,57692
2022,12,ISK,13530,6436,7094
2022,12,IXA,115521,56651,58870
2022,12,IXB,248391,123991,124400
2022,12,IXC,307960,152597,155363
2022,12,IXD,51129,26641,24488
2022,12,IXE,113891,55793,58098
2022,12,IXG,21259,10551,10708
2022,12,IXI,2797,1423,1374
2022,12,IXJ,146866,70324,76542
2022,12,IXK,1432,693,739
2022,12,IXL,55871,35864,20007
2022,12,IXM,89745,43622,46123
2022,12,IXR,227437,113409,114028
2022,12,IXS,38787,18841,19946
2022,12,IXT,2232,1096,1136
2022,12,IXU,52756,26762,25994
2022,12,IXX,765,392,373
2022,12,IXY,5267,2557,2710
2022,12,IXZ,136822,65776,71046
2022,12,JAI,454289,229321,224968
2022,12,JDH,108663,55228,53435
2022,12,JGA,12552,6269,6283
2022,12,JGB,5949,2943,3006
2022,12,JLR,38978,19630,19348
2022,12,JRG,15845,7630,8215
2022,12,JRH,11912,5603,6309
2022,12,JSA,27273,13603,13670
2022,12,KBK,1270,635,635
2022,12,KJB,2833,1437,1396
2022,12,KLH,10237,4651,5586
2022,12,KNU,22565,11993,10572
2022,12,KQH,1208,623,585
2022,12,KUU,1520,558,962
2022,12,LKO,456630,241282,215348
2022,12,MAA,1251856,623238,628618
2022,12,MAQ,37064,17605,19459
2022,12,MYQ,14239,7084,7155
2022,12,NAG,233692,115864,117828
2022,12,PAB,4201,1989,2212
2022,12,PAT,320068,162812,157256
2022,12,PGH,4947,2499,2448
2022,12,PNQ,816708,404279,412429
2022,12,PNY,6642,3213,3429
2022,12,PYB,472,253,219
2022,12,RAJ,63469,31114,32355
2022,12,RJA,37106,18079,19027
2022,12,RPR,206509,100898,105611
2022,12,RUP,5178,2708,2470
2022,12,SAG,68495,34058,34437
2022,12,SDW,2267,1133,1134
2022,12,SHL,10094,5256,4838
2022,12,SLV,1924,782,1142
2022,12,STV,95319,47073,48246
2022,12,SXR,327633,167201,160432
2022,12,TCR,15907,7300,8607
2022,12,TEI,4928,2480,2448
2022,12,TEZ,190,96,94
2022,12,TIR,85322,42916,42406
2022,12,TRV,175236,84654,90582
2022,12,TRZ,34831,17250,17581
2022,12,UDR,174516,86663,87853
2022,12,VDY,5189,2605,2584
2022,12,VGA,79347,38893,40454
2022,12,VNS,202940,105710,97230
2022,12,VTZ,240623,116303,124320
2022,12,ZER,118,68,50
2023,1,AGR,10912,5504,5408
2023,1,AGX,4338,2023,2315
2023,1,AJL,32023,17045,14978
2023,1,AMD,907875,458154,449721
2023,1,ATQ,158708,76481,82227
2023,1,BBI,356737,181122,175615
2023,1,BDQ,91603,47188,44415
2023,1,BEK,8211,3960,4251
2023,1,BHJ,5468,2796,2672
2023,1,BHO,97157,49856,47301
2023,1,BHU,8354,4162,4192
2023,1,BKB,1605,819,786
2023,1,BLR,2780880,1371891,1408989
2023,1,BOM,3229020,1620045,1608975
2023,1,CCJ,51307,26073,25234
2023,1,CCU,1417946,697712,720234
2023,1,CDP,6372,3281,3091
2023,1,CJB,202863,103746,99117
2023,1,COK,464842,238313,226529
2023,1,DBR,41553,20147,21406
2023,1,DED,113754,56630,57124
2023,1,DEL,4379663,2164047,2215616
2023,1,DEP,5816,2907,2909
2023,1,DGH,43084,20825,22259
2023,1,DHM,10146,4830,5316
2023,1,DIB,54501,27333,27168
2023,1,DIU,3607,1844,1763
2023,1,DMU,28329,15716,12613
2023,1,GAU,470561,231008,239553
2023,1,GAY,13753,7698,6055
2023,1,GBI,5580,2816,2764
2023,1,GOI,785145,405839,379306
2023,1,GOP,59562,29140,30422
2023,1,GOX,156346,79225,77121
2023,1,GWL,18162,9304,8858
2023,1,HBX,31289,15756,15533
2023,1,HDO,827,448,379
2023,1,HGI,7359,3502,3857
2023,1,HJR,3998,2062,1936
2023,1,HYD,1563764,787520,776244
2023,1,IDR,258811,132832,125979
2023,1,IMF,105485,57595,47890
2023,1,ISK,13626,6851,6775
2023,1,IXA,110494,54198,56296
2023,1,IXB,231748,117772,113976
2023,1,IXC,286120,139110,147010
2023,1,IXD,42278,20900,21378
2023,1,IXE,113520,57916,55604
2023,1,IXG,16253,8217,8036
2023,1,IXI,2690,1466,1224
2023,1,IXJ,132986,65351,67635
2023,1,IXK,1048,484,564
2023,1,IXL,54160,30237,23923
2023,1,IXM,90109,45172,44937
2023,1,IXR,216453,111116,105337
2023,1,IXS,38420,17695,20725
2023,1,IXT,1374,755,619
2023,1,IXU,50129,26275,23854
2023,1,IXW,28,14,14
2023,1,IXX,617,321,296
2023,1,IXY,5176,2579,2597
2023,1,IXZ,134598,70128,64470
2023,1,JAI,438517,216248,222269
2023,1,JDH,102588,51722,50866
2023,1,JGA,12464,6228,6236
2023,1,JGB,6872,3541,3331
2023,1,JLR,39143,19881,19262
2023,1,JRG,18523,9562,8961
2023,1,JRH,12516,6194,6322
2023,1,JSA,25779,13501,12278
2023,1,KBK,498,228,270
2023,1,KJB,3003,1597,1406
2023,1,KLH,12064,5791,6273
2023,1,KNU,11483,5777,5706
2023,1,KQH,1081,541,540
2023,1,KUU,1052,416,636
2023,1,LKO,448982,223771,225211
2023,1,MAA,1283442,631537,651905
2023,1,MAQ,36455,18754,17701
2023,1,MYQ,13791,7146,6645
2023,1,NAG,238091,122469,115622
2023,1,PAB,3373,1866,1507
2023,1,PAT,291302,141729,149573
2023,1,PGH,910,429,481
2023,1,PNQ,811590,404008,407582
2023,1,PNY,8238,4101,4137
2023,1,PYB,961,506,455
2023,1,RAJ,70024,34920,35104
2023,1,RJA,36746,18474,18272
2023,1,RPR,196466,99190,97276
2023,1,RRK,2218,1190,1028
2023,1,RUP,3061,1527,1534
2023,1,SAG,66887,33799,33088
2023,1,SDW,1954,968,986
2023,1,SHL,9267,4325,4942
2023,1,SLV,1364,567,797
2023,1,STV,92007,46284,45723
2023,1,SXR,293847,151610,142237
2023,1,TCR,16320,8061,8259
2023,1,TEI,3309,1640,1669
2023,1,TEZ,1158,581,577
2023,1,TIR,82504,41309,41195
2023,1,TRV,156561,85597,70964
2023,1,TRZ,36186,17398,18788
2023,1,UDR,154864,80190,74674
2023,1,VDY,5495,2828,2667
2023,1,VGA,76148,39012,37136
2023,1,VNS,191177,95118,96059
2023,1,VTZ,242571,123118,119453
2023,1,ZER,61,27,34
2023,2,AGR,11101,5366,5735
2023,2,AGX,3353,1527,1826
2023,2,AJL,27446,14541,12905
2023,2,AMD,845633,433030,412603
2023,2,ATQ,174939,85852,89087
2023,2,BBI,333913,168803,165110
2023,2,BDQ,84690,44590,40100
2023,2,BEK,9997,4803,5194
2023,2,BHJ,4737,2306,2431
2023,2,BHO,95070,48364,46706
2023,2,BHU,7119,3501,3618
2023,2,BKB,1593,774,819
2023,2,BLR,2530415,1266169,1264246
2023,2,BOM,3065306,1542156,1523150
2023,2,CCJ,47286,24093,23193
2023,2,CCU,1326938,655766,671172
2023,2,CDP,5999,3299,2700
2023,2,CJB,194744,98043,96701
2023,2,COH,79,41,38
2023,2,COK,429709,217227,212482
2023,2,DBR,47052,22430,24622
2023,2,DED,116519,55812,60707
2023,2,DEL,4368385,2164558,2203827
2023,2,DEP,11404,5777,5627
2023,2,DGH,38390,18857,19533
2023,2,DHM,10961,4893,6068
2023,2,DIB,51349,25595,25754
2023,2,DIU,3360,1735,1625
2023,2,DMU,20930,11100,9830
2023,2,GAU,428467,209994,218473
2023,2,GAY,16344,8218,8126
2023,2,GBI,4846,2451,2395
2023,2,GOI,674210,341346,332864
2023,2,GOP,63589,30849,32740
2023,2,GOX,232745,117836,114909
2023,2,GWL,22715,11618,11097
2023,2,HBX,28564,14816,13748
2023,2,HGI,8440,4171,4269
2023,2,HJR,4180,2060,2120
2023,2,HYD,1527718,769304,758414
2023,2,IDR,253954,128213,125741
2023,2,IMF,98772,52710,46062
2023,2,ISK,12273,6209,6064
2023,2,IXA,95328,49828,45500
2023,2,IXB,218944,107841,111103
2023,2,IXC,302177,146258,155919
2023,2,IXD,50342,24396,25946
2023,2,IXE,94303,47209,47094
2023,2,IXG,16429,8266,8163
2023,2,IXI,1799,939,860
2023,2,IXJ,145032,74538,70494
2023,2,IXK,1200,617,583
2023,2,IXL,58335,23816,34519
2023,2,IXM,82859,41825,41034
2023,2,IXR,210420,104818,105602
2023,2,IXS,30763,15489,15274
2023,2,IXT,590,316,274
2023,2,IXU,48568,25419,23149
2023,2,IXW,673,363,310
2023,2,IXX,752,422,330
2023,2,IXY,4486,2210,2276
2023,2,IXZ,110152,56280,53872
2023,2,JAI,422799,210662,212137
2023,2,JDH,103701,52338,51363
2023,2,JGA,10804,5445,5359
2023,2,JGB,5201,2700,2501
2023,2,JLR,41427,20578,20849
2023,2,JRG,18373,9446,8927
2023,2,JRH,13026,6599,6427
2023,2,JSA,20880,10716,10164
2023,2,KBK,1763,754,1009
2023,2,KJB,1975,1056,919
2023,2,KLH,12115,5783,6332
2023,2,KNU,17923,8437,9486
2023,2,KQH,1221,576,645
2023,2,KUU,1329,499,830
2023,2,LKO,443695,217343,226352
2023,2,MAA,1198263,605176,593087
2023,2,MAQ,31517,16083,15434
2023,2,MYQ,11906,6012,5894
2023,2,NAG,248002,125475,122527
2023,2,PAB,3518,1842,1676
2023,2,PAT,312548,150821,161727
2023,2,PGH,4166,2145,2021
2023,2,PNQ,777524,388890,388634
2023,2,PNY,5429,2852,2577
2023,2,PYB,880,450,430
2023,2,RAJ,60457,30305,30152
2023,2,RJA,33121,16564,16557
2023,2,RPR,190344,95057,95287
2023,2,RRK,2626,1317,1309
2023,2,RUP,3121,1542,1579
2023,2,SAG,58025,28936,29089
2023,2,SDW,1594,790,804
2023,2,SHL,7771,3354,4417
2023,2,SLV,1620,662,958
2023,2,STV,87449,44499,42950
2023,2,SXR,318526,155545,162981
2023,2,TCR,14984,7221,7763
2023,2,TEI,2205,1133,1072
2023,2,TEZ,77,50,27
2023,2,TIR,76912,38362,38550
2023,2,TRV,140816,73448,67368
2023,2,TRZ,32392,16053,16339
2023,2,UDR,157120,79727,77393
2023,2,VDY,4996,2498,2498
2023,2,VGA,71561,36438,35123
2023,2,VNS,219747,107893,111854
2023,2,VTZ,222909,112647,110262
2023,3,AGR,11211,5658,5553
2023,3,AGX,3613,1686,1927
2023,3,AJL,33962,17159,16803
2023,3,AMD,869065,436283,432782
2023,3,ATQ,177463,89928,87535
2023,3,BBI,369822,187613,182209
2023,3,BDQ,84284,43899,40385
2023,3,BEK,10891,5546,5345
2023,3,BHJ,4654,2335,2319
2023,3,BHO,103046,52185,50861
2023,3,BHU,6277,3169,3108
2023,3,BKB,933,484,449
2023,3,BLR,2818642,1404082,1414560
2023,3,BOM,3124277,1552374,1571903
2023,3,CCJ,48734,25081,23653
2023,3,CCU,1457696,715523,742173
2023,3,CDP,7153,3785,3368
2023,3,CJB,211543,105220,106323
2023,3,COH,340,170,170
2023,3,COK,450327,226761,223566
2023,3,DBR,54660,27430,27230
2023,3,DED,136095,67314,68781
2023,3,DEL,4620754,2335117,2285637
2023,3,DEP,12870,6615,6255
2023,3,DGH,44584,21989,22595
2023,3,DHM,14733,6695,8038
2023,3,DIB,58924,28919,30005
2023,3,DIU,3313,1707,1606
2023,3,DMU,25309,13317,11992
2023,3,GAU,508990,247721,261269
2023,3,GAY,18870,9957,8913
2023,3,GBI,4931,2552,2379
2023,3,GOI,694185,350826,343359
2023,3,GOP,67061,33078,33983
2023,3,GOX,286436,143360,143076
2023,3,GWL,23871,12453,11418
2023,3,HBX,30478,15603,14875
2023,3,HGI,10425,5327,5098
2023,3,HJR,3923,2063,1860
2023,3,HYD,1653545,826196,827349
2023,3,IDR,270946,137054,133892
2023,3,IMF,116682,58543,58139
2023,3,ISK,14024,7091,6933
2023,3,IXA,123064,62073,60991
2023,3,IXB,258449,127779,130670
2023,3,IXC,324459,160195,164264
2023,3,IXD,51942,26686,25256
2023,3,IXE,101863,51182,50681
2023,3,IXG,18492,9175,9317
2023,3,IXI,2653,1429,1224
2023,3,IXJ,156268,82001,74267
2023,3,IXK,1380,681,699
2023,3,IXL,73002,25203,47799
2023,3,IXM,88795,43566,45229
2023,3,IXR,213891,105922,107969
2023,3,IXS,30416,15218,15198
2023,3,IXT,288,107,181
2023,3,IXU,49738,25943,23795
2023,3,IXW,518,297,221
2023,3,IXX,1237,668,569
2023,3,IXY,4789,2310,2479
2023,3,IXZ,117686,60304,57382
2023,3,JAI,416031,208577,207454
2023,3,JDH,94392,47200,47192
2023,3,JGA,11108,5451,5657
2023,3,JGB,5509,2758,2751
2023,3,JLR,28517,14224,14293
2023,3,JRG,19137,9669,9468
2023,3,JRH,14008,6990,7018
2023,3,JSA,5164,2625,2539
2023,3,KBK,1863,915,948
2023,3,KJB,2901,1514,1387
2023,3,KLH,13539,6434,7105
2023,3,KNU,24556,12435,12121
2023,3,KQH,1411,651,760
2023,3,KUU,1779,690,1089
2023,3,LKO,462534,235761,226773
2023,3,MAA,1285228,646990,638238
2023,3,MAQ,32534,16952,15582
2023,3,MYQ,11542,5890,5652
2023,3,NAG,259800,130162,129638
2023,3,PAB,2734,1304,1430
2023,3,PAT,346463,173618,172845
2023,3,PGH,6476,3155,3321
2023,3,PNQ,788141,393574,394567
2023,3,PNY,5798,2983,2815
2023,3,PYB,922,479,443
2023,3,PYG,514,220,294
2023,3,RAJ,63479,31526,31953
2023,3,RJA,35466,17747,17719
2023,3,RPR,201494,100509,100985
2023,3,RRK,2377,1192,1185
2023,3,RUP,4659,2258,2401
2023,3,SAG,68455,33787,34668
2023,3,SDW,1549,745,804
2023,3,SHL,9895,4673,5222
2023,3,SLV,1536,663,873
2023,3,STV,106637,52882,53755
2023,3,SXR,357348,171974,185374
2023,3,TCR,17056,8198,8858
2023,3,TEI,1080,560,520
2023,3,TEZ,301,158,143
2023,3,TIR,82094,40727,41367
2023,3,TRV,153924,78774,75150
2023,3,TRZ,34544,16713,17831
2023,3,UDR,139855,71787,68068
2023,3,VDY,3928,2010,1918
2023,3,VGA,78385,39316,39069
2023,3,VNS,238939,119741,119198
2023,3,VTZ,252320,125429,126891
2023,4,AGR,11825,5865,5960
2023,4,AGX,3362,1485,1877
2023,4,AJL,30185,15193,14992
2023,4,AMD,844854,426102,418752
2023,4,ATQ,169710,86261,83449
2023,4,BBI,391391,193987,197404
2023,4,BDQ,81746,43089,38657
2023,4,BEK,10735,5218,5517
2023,4,BHJ,4849,2223,2626
2023,4,BHO,102275,52872,49403
2023,4,BHU,6561,3188,3373
2023,4,BKB,508,239,269
2023,4,BLR,2848105,1463205,1384900
2023,4,BOM,3064885,1561298,1503587
2023,4,CCJ,49399,25054,24345
2023,4,CCU,1374739,659143,715596
2023,4,CDP,6316,3330,2986
2023,4,CJB,222651,112533,110118
2023,4,COH,217,104,113
2023,4,COK,487470,247046,240424
2023,4,DBR,53785,25688,28097
2023,4,DED,141648,69053,72595
2023,4,DEL,4634985,2295700,2339285
2023,4,DEP,14274,7181,7093
2023,4,DGH,49073,22979,26094
2023,4,DHM,23659,11031,12628
2023,4,DIB,61409,30257,31152
2023,4,DIU,2822,1400,1422
2023,4,DMU,25935,13240,12695
2023,4,GAU,501986,242027,259959
2023,4,GAY,17166,8629,8537
2023,4,GBI,4542,2312,2230
2023,4,GOI,649987,329999,319988
2023,4,GOP,58883,27779,31104
2023,4,GOX,340901,172365,168536
2023,4,GWL,22624,11080,11544
2023,4,HBX,29561,15219,14342
2023,4,HGI,11831,6124,5707
2023,4,HJR,3215,1597,1618
2023,4,HYD,1710061,864936,845125
2023,4,IDR,281819,141419,140400
2023,4,IMF,108453,54932,53521
2023,4,ISK,15311,7854,7457
2023,4,IXA,129931,64888,65043
2023,4,IXB,257604,125431,132173
2023,4,IXC,327061,158290,168771
2023,4,IXD,52431,24528,27903
2023,4,IXE,97815,48883,48932
2023,4,IXG,18900,9441,9459
2023,4,IXI,3437,1741,1696
2023,4,IXJ,134686,67943,66743
2023,4,IXK,1467,713,754
2023,4,IXL,122814,55550,67264
2023,4,IXM,84328,41681,42647
2023,4,IXR,233760,112620,121140
2023,4,IXS,30473,14946,15527
2023,4,IXT,381,194,187
2023,4,IXU,46361,24200,22161
2023,4,IXW,775,392,383
2023,4,IXX,1311,683,628
2023,4,IXY,7200,3593,3607
2023,4,IXZ,118716,64433,54283
2023,4,JAI,391380,189416,201964
2023,4,JDH,78814,37418,41396
2023,4,JGA,10315,5000,5315
2023,4,JGB,6343,3185,3158
2023,4,JLR,28113,14024,14089
2023,4,JRG,17941,9029,8912
2023,4,JRH,14121,6964,7157
2023,4,KBK,1710,756,954
2023,4,KJB,2913,1571,1342
2023,4,KLH,13891,6687,7204
2023,4,KNU,21397,9617,11780
2023,4,KQH,983,427,556
2023,4,KUU,1366,572,794
2023,4,LKO,473205,226180,247025
2023,4,MAA,1291144,656972,634172
2023,4,MAQ,36003,18336,17667
2023,4,MYQ,12471,6145,6326
2023,4,NAG,265338,132265,133073
2023,4,PAB,2028,1192,836
2023,4,PAT,306118,145024,161094
2023,4,PGH,12026,5816,6210
2023,4,PNQ,769657,391534,378123
2023,4,PNY,5638,2893,2745
2023,4,PYB,946,484,462
2023,4,PYG,3073,1522,1551
2023,4,RAJ,64025,31877,32148
2023,4,RJA,32511,16541,15970
2023,4,RPR,200270,100493,99777
2023,4,RRK,2529,1284,1245
2023,4,RUP,5099,2453,2646
2023,4,SAG,64791,32613,32178
2023,4,SDW,1548,672,876
2023,4,SHL,11421,5403,6018
2023,4,SLV,1491,555,936
2023,4,STV,108290,54716,53574
2023,4,SXR,393143,195129,198014
2023,4,TCR,17491,8411,9080
2023,4,TEI,1562,797,765
2023,4,TEZ,1692,877,815
2023,4,TIR,75217,37253,37964
2023,4,TRV,170852,86396,84456
2023,4,TRZ,31647,15231,16416
2023,4,UDR,106046,52199,53847
2023,4,VDY,3163,1617,1546
2023,4,VGA,79508,40621,38887
2023,4,VNS,235906,112631,123275
2023,4,VTZ,256451,127193,129258
2023,4,ZER,15,3,12
2023,4,name:uttarlai,54,30,24
2023,5,AGR,13558,7030,6528
2023,5,AGX,3972,1886,2086
2023,5,AJL,33627,16789,16838
2023,5,AMD,846478,430789,415689
2023,5,ATQ,156369,79143,77226
2023,5,BBI,400372,202002,198370
2023,5,BDQ,116057,61635,54422
2023,5,BEK,10790,5381,5409
2023,5,BHJ,5210,2745,2465
2023,5,BHO,111758,56550,55208
2023,5,BHU,7704,3974,3730
2023,5,BKB,281,141,140
2023,5,BLR,2919618,1421320,1498298
2023,5,BOM,3195348,1614649,1580699
2023,5,CCJ,55692,27249,28443
2023,5,CCU,1442159,718776,723383
2023,5,CDP,7441,4039,3402
2023,5,CJB,256509,125305,131204
2023,5,COH,87,43,44
2023,5,COK,492950,240518,252432
2023,5,DBR,55672,27643,28029
2023,5,DED,159534,79206,80328
2023,5,DEL,4609624,2329890,2279734
2023,5,DEP,16211,8233,7978
2023,5,DGH,50192,24931,25261
2023,5,DHM,28081,12887,15194
2023,5,DIB,59149,27783,31366
2023,5,DIU,3549,1831,1718
2023,5,DMU,25622,12796,12826
2023,5,GAU,522008,264918,257090
2023,5,GAY,18513,8856,9657
2023,5,GBI,5300,2624,2676
2023,5,GOI,596850,298407,298443
2023,5,GOP,66532,32506,34026
2023,5,GOX,345117,172440,172677
2023,5,GWL,26368,13297,13071
2023,5,HBX,32111,15994,16117
2023,5,HGI,10871,5336,5535
2023,5,HJR,4043,2046,1997
2023,5,HYD,1825204,896363,928841
2023,5,IDR,313282,159733,153549
2023,5,IMF,101776,61868,39908
2023,5,ISK,23651,16118,7533
2023,5,IXA,128247,63571,64676
2023,5,IXB,261863,130521,131342
2023,5,IXC,335433,168171,167262
2023,5,IXD,63865,31090,32775
2023,5,IXE,107970,53492,54478
2023,5,IXG,23596,11780,11816
2023,5,IXI,3121,1589,1532
2023,5,IXJ,102934,51772,51162
2023,5,IXK,1538,771,767
2023,5,IXL,96309,47818,48491
2023,5,IXM,86057,41977,44080
2023,5,IXR,214477,107331,107146
2023,5,IXS,32930,16253,16677
2023,5,IXT,591,248,343
2023,5,IXU,47998,24711,23287
2023,5,IXW,619,333,286
2023,5,IXX,1831,1021,810
2023,5,IXY,8201,4114,4087
2023,5,IXZ,108954,56307,52647
2023,5,JAI,406574,204540,202034
2023,5,JDH,79406,40314,39092
2023,5,JGA,12448,6217,6231
2023,5,JGB,7036,3572,3464
2023,5,JLR,30814,15464,15350
2023,5,JRG,20828,10622,10206
2023,5,JRH,13379,6524,6855
2023,5,KBK,4174,2020,2154
2023,5,KJB,4116,2340,1776
2023,5,KLH,14136,6490,7646
2023,5,KNU,21693,10779,10914
2023,5,KQH,1410,690,720
2023,5,KUU,1827,813,1014
2023,5,LKO,481497,240007,241490
2023,5,MAA,1364108,671396,692712
2023,5,MAQ,28704,14675,14029
2023,5,MYQ,15299,7319,7980
2023,5,NAG,245711,124194,121517
2023,5,PAB,3475,1739,1736
2023,5,PAT,305935,152991,152944
2023,5,PGH,13783,6686,7097
2023,5,PNQ,775469,388063,387406
2023,5,PNY,5441,2757,2684
2023,5,PYB,728,373,355
2023,5,PYG,3391,1627,1764
2023,5,RAJ,82139,41331,40808
2023,5,RJA,33646,17108,16538
2023,5,RPR,218296,112313,105983
2023,5,RRK,2658,1314,1344
2023,5,RUP,4625,2292,2333
2023,5,SAG,62953,31649,31304
2023,5,SDW,2077,1027,1050
2023,5,SHL,12145,5509,6636
2023,5,SLV,1718,652,1066
2023,5,STV,122167,61645,60522
2023,5,SXR,378259,187056,191203
2023,5,TCR,18565,8885,9680
2023,5,TEI,2822,1288,1534
2023,5,TEZ,1123,599,524
2023,5,TIR,78136,38515,39621
2023,5,TRV,190245,93667,96578
2023,5,TRZ,34468,17012,17456
2023,5,UDR,111438,57437,54001
2023,5,VDY,3642,1842,1800
2023,5,VGA,86269,43130,43139
2023,5,VNS,226316,111058,115258
2023,5,VTZ,291480,148092,143388
2023,5,ZER,21,9,12
2023,6,AGR,11473,5877,5596
2023,6,AGX,2014,745,1269
2023,6,AJL,29903,15774,14129
2023,6,AMD,795560,393352,402208
2023,6,ATQ,154867,80589,74278
2023,6,BBI,395585,194819,200766
2023,6,BDQ,102848,48939,53909
2023,6,BEK,10986,5546,5440
2023,6,BHJ,3371,1585,1786
2023,6,BHO,113021,55716,57305
2023,6,BHU,5458,2665,2793
2023,6,BLR,2646497,1317460,1329037
2023,6,BOM,3077801,1538534,1539267
2023,6,CCJ,49270,24821,24449
2023,6,CCU,1398822,686043,712779
2023,6,CDP,6641,3367,3274
2023,6,CJB,225384,111523,113861
2023,6,COH,33,16,17
2023,6,COK,464050,230072,233978
2023,6,DBR,40774,20554,20220
2023,6,DED,147573,74634,72939
2023,6,DEL,4410719,2265314,2145405
2023,6,DEP,16172,8210,7962
2023,6,DGH,38351,18802,19549
2023,6,DHM,29456,13326,16130
2023,6,DIB,58015,28163,29852
2023,6,DIU,1704,862,842
2023,6,DMU,25577,13186,12391
2023,6,GAU,497188,247885,249303
2023,6,GAY,18165,9265,8900
2023,6,GBI,4704,2517,2187
2023,6,GOI,519910,260017,259893
2023,6,GOP,62494,31429,31065
2023,6,GOX,307390,153240,154150
2023,6,GWL,24278,12333,11945
2023,6,HBX,30066,14803,15263
2023,6,HGI,10717,5381,5336
2023,6,HJR,3661,1760,1901
2023,6,HYD,1692883,833142,859741
2023,6,IDR,294566,148402,146164
2023,6,IMF,93519,52394,41125
2023,6,ISK,20568,9948,10620
2023,6,IXA,119983,57021,62962
2023,6,IXB,278594,137776,140818
2023,6,IXC,300781,153109,147672
2023,6,IXD,63238,32385,30853
2023,6,IXE,109808,53761,56047
2023,6,IXG,22322,11143,11179
2023,6,IXI,2854,1587,1267
2023,6,IXJ,112462,56275,56187
2023,6,IXK,914,468,446
2023,6,IXL,108608,55188,53420
2023,6,IXM,83877,40990,42887
2023,6,IXR,222116,109824,112292
2023,6,IXS,32401,16212,16189
2023,6,IXT,616,318,298
2023,6,IXU,44714,22243,22471
2023,6,IXW,572,332,240
2023,6,IXX,2194,1185,1009
2023,6,IXY,5978,2814,3164
2023,6,IXZ,115248,55738,59510
2023,6,JAI,393635,197549,196086
2023,6,JDH,80729,39491,41238
2023,6,JGA,9964,4465,5499
2023,6,JGB,6473,3248,3225
2023,6,JLR,27794,13947,13847
2023,6,JRG,19524,9749,9775
2023,6,JRH,12266,5881,6385
2023,6,KBK,4341,2159,2182
2023,6,KJB,3538,1804,1734
2023,6,KLH,11151,5050,6101
2023,6,KNU,19190,9921,9269
2023,6,KQH,1273,620,653
2023,6,KUU,1495,615,880
2023,6,LKO,460721,235208,225513
2023,6,MAA,1249750,622090,627660
2023,6,MAQ,25670,12120,13550
2023,6,MYQ,13099,6349,6750
2023,6,NAG,230870,114757,116113
2023,6,PAB,2545,1022,1523
2023,6,PAT,290700,145697,145003
2023,6,PGH,13720,6851,6869
2023,6,PNQ,780115,384800,395315
2023,6,PNY,1990,1025,965
2023,6,PYB,771,388,383
2023,6,PYG,1409,618,791
2023,6,RAJ,70123,33649,36474
2023,6,RJA,33254,16891,16363
2023,6,RPR,207556,103738,103818
2023,6,RRK,2616,1291,1325
2023,6,RUP,3899,1912,1987
2023,6,SAG,46048,22460,23588
2023,6,SDW,1350,739,611
2023,6,SHL,12319,5697,6622
2023,6,SLV,1464,547,917
2023,6,STV,108506,50911,57595
2023,6,SXR,381487,187204,194283
2023,6,TCR,17343,8202,9141
2023,6,TEI,2713,1244,1469
2023,6,TEZ,1381,737,644
2023,6,TIR,73671,36590,37081
2023,6,TRV,174406,86292,88114
2023,6,TRZ,33553,16428,17125
2023,6,UDR,103068,50080,52988
2023,6,VDY,2761,1398,1363
2023,6,VGA,84397,41985,42412
2023,6,VNS,228801,115851,112950
2023,6,VTZ,250431,125947,124484
2023,6,ZER,8,5,3
2023,7,AGR,10466,5011,5455
2023,7,AGX,1283,569,714
2023,7,AJL,30899,16223,14676
2023,7,AMD,763737,382389,381348
2023,7,ATQ,147381,73349,74032
2023,7,BBI,354792,186223,168569
2023,7,BDQ,99836,49989,49847
2023,7,BEK,10465,5488,4977
2023,7,BHJ,4116,2049,2067
2023,7,BHO,103838,52543,51295
2023,7,BHU,5067,2553,2514
2023,7,BLR,2598949,1263887,1335062
2023,7,BOM,2996995,1495514,1501481
2023,7,CCJ,48375,22251,26124
2023,7,CCU,1325149,675856,649293
2023,7,CDP,6830,3572,3258
2023,7,CJB,225566,112277,113289
2023,7,COH,14,7,7
2023,7,COK,459173,224777,234396
2023,7,DBR,48581,25157,23424
2023,7,DED,130519,65108,65411
2023,7,DEL,4330412,2169136,2161276
2023,7,DEP,14646,7919,6727
2023,7,DGH,51285,27999,23286
2023,7,DHM,16247,8023,8224
2023,7,DIB,63629,32449,31180
2023,7,DIU,974,500,474
2023,7,DMU,27307,14130,13177
2023,7,GAU,511945,258673,253272
2023,7,GAY,16784,8725,8059
2023,7,GBI,4896,2459,2437
2023,7,GOI,478218,244852,233366
2023,7,GOP,51307,26098,25209
2023,7,GOX,272677,138083,134594
2023,7,GWL,24994,12652,12342
2023,7,HBX,28215,14019,14196
2023,7,HGI,11609,5934,5675
2023,7,HJR,3384,1732,1652
2023,7,HYD,1637987,810801,827186
2023,7,IDR,281085,142569,138516
2023,7,IMF,100022,51009,49013
2023,7,ISK,20212,10236,9976
2023,7,IXA,116959,59383,57576
2023,7,IXB,255408,133382,122026
2023,7,IXC,259690,129926,129764
2023,7,IXD,51127,26145,24982
2023,7,IXE,116745,55676,61069
2023,7,IXG,23184,11717,11467
2023,7,IXI,3756,2187,1569
2023,7,IXJ,121782,60577,61205
2023,7,IXK,418,208,210
2023,7,IXL,106405,54677,51728
2023,7,IXM,88274,43353,44921
2023,7,IXR,207469,108608,98861
2023,7,IXS,36939,18651,18288
2023,7,IXT,520,268,252
2023,7,IXU,52000,26569,25431
2023,7,IXW,389,214,175
2023,7,IXX,2550,1340,1210
2023,7,IXY,6638,3154,3484
2023,7,IXZ,69012,32529,36483
2023,7,JAI,374367,186531,187836
2023,7,JDH,80672,39226,41446
2023,7,JGA,12340,5801,6539
2023,7,JGB,4208,2160,2048
2023,7,JLR,27204,13967,13237
2023,7,JRG,17077,8495,8582
2023,7,JRH,13867,6642,7225
2023,7,KBK,2765,1613,1152
2023,7,KJB,3324,1802,1522
2023,7,KLH,11206,4952,6254
2023,7,KNU,25912,13542,12370
2023,7,KQH,1143,520,623
2023,7,KUU,866,389,477
2023,7,LKO,434838,221311,213527
2023,7,MAA,1200195,591655,608540
2023,7,MAQ,36317,17367,18950
2023,7,MYQ,12120,5822,6298
2023,7,NAG,218037,111466,106571
2023,7,PAB,1634,791,843
2023,7,PAT,271191,141249,129942
2023,7,PGH,8031,4280,3751
2023,7,PNQ,792163,388114,404049
2023,7,PYB,380,209,171
2023,7,RAJ,79193,38499,40694
2023,7,RJA,34344,17368,16976
2023,7,RPR,196677,99452,97225
2023,7,RRK,1764,813,951
2023,7,RUP,4571,2376,2195
2023,7,SAG,46486,23016,23470
2023,7,SDW,451,239,212
2023,7,SHL,13723,6109,7614
2023,7,SLV,798,294,504
2023,7,STV,95788,45321,50467
2023,7,SXR,390943,201769,189174
2023,7,TCR,14939,7150,7789
2023,7,TEI,4161,1976,2185
2023,7,TEZ,3774,2015,1759
2023,7,TIR,73806,36386,37420
2023,7,TRV,178541,87025,91516
2023,7,TRZ,35907,17561,18346
2023,7,UDR,104876,51480,53396
2023,7,VDY,2881,1439,1442
2023,7,VGA,83439,42071,41368
2023,7,VNS,220542,113722,106820
2023,7,VTZ,223448,114681,108767
2023,7,ZER,20,10,10
2023,8,AGR,10980,5269,5711
2023,8,AGX,1917,833,1084
2023,8,AJL,31185,15961,15224
2023,8,AMD,778600,389044,389556
2023,8,ATQ,146887,70307,76580
2023,8,BBI,362521,182160,180361
2023,8,BDQ,106954,53802,53152
2023,8,BEK,10960,5450,5510
2023,8,BHJ,5134,2519,2615
2023,8,BHO,109307,54393,54914
2023,8,BHU,6158,3037,3121
2023,8,BLR,2615221,1321726,1293495
2023,8,BOM,3200436,1585734,1614702
2023,8,CCJ,53940,27301,26639
2023,8,CCU,1345966,674528,671438
2023,8,CDP,7044,3653,3391
2023,8,CJB,236526,120429,116097
2023,8,COH,11,8,3
2023,8,COK,459433,229610,229823
2023,8,DBR,45521,22395,23126
2023,8,DED,120161,59002,61159
2023,8,DEL,4420100,2188533,2231567
2023,8,DEP,11479,5895,5584
2023,8,DGH,51311,27165,24146
2023,8,DHM,10915,4812,6103
2023,8,DIB,56625,28530,28095
2023,8,DIU,2438,1234,1204
2023,8,DMU,25704,13173,12531
2023,8,GAU,484422,247009,237413
2023,8,GAY,15787,7716,8071
2023,8,GBI,4522,2375,2147
2023,8,GOI,513701,258322,255379
2023,8,GOP,53233,25978,27255
2023,8,GOX,297586,149665,147921
2023,8,GWL,23194,11102,12092
2023,8,HBX,28853,14350,14503
2023,8,HGI,10850,5496,5354
2023,8,HJR,3842,1905,1937
2023,8,HYD,1695042,851932,843110
2023,8,IDR,297424,147783,149641
2023,8,IMF,98677,51583,47094
2023,8,ISK,20083,10035,10048
2023,8,IXA,118233,60091,58142
2023,8,IXB,249026,124783,124243
2023,8,IXC,271527,129974,141553
2023,8,IXD,54060,26572,27488
2023,8,IXE,122411,62589,59822
2023,8,IXG,23804,12053,11751
2023,8,IXI,2441,1365,1076
2023,8,IXJ,114496,54541,59955
2023,8,IXK,1233,582,651
2023,8,IXL,110333,58932,51401
2023,8,IXM,95453,48044,47409
2023,8,IXR,212682,108050,104632
2023,8,IXS,35096,17884,17212
2023,8,IXT,482,230,252
2023,8,IXU,51876,26946,24930
2023,8,IXW,555,306,249
2023,8,IXX,2034,1161,873
2023,8,IXY,6282,3068,3214
2023,8,IXZ,79816,39503,40313
2023,8,JAI,385755,188833,196922
2023,8,JDH,88820,43167,45653
2023,8,JGA,13111,6289,6822
2023,8,JGB,5846,2957,2889
2023,8,JLR,26881,13507,13374
2023,8,JRG,16410,8074,8336
2023,8,JRH,13176,6303,6873
2023,8,KBK,1816,939,877
2023,8,KJB,3423,1781,1642
2023,8,KLH,12084,5353,6731
2023,8,KNU,27367,13591,13776
2023,8,KQH,1320,670,650
2023,8,KUU,914,391,523
2023,8,LKO,442965,217649,225316
2023,8,MAA,1256548,633929,622619
2023,8,MAQ,39053,20152,18901
2023,8,MYQ,10765,5296,5469
2023,8,NAG,222243,111821,110422
2023,8,PAB,1828,944,884
2023,8,PAT,282239,141992,140247
2023,8,PGH,7467,3767,3700
2023,8,PNQ,829302,418058,411244
2023,8,PYB,593,313,280
2023,8,RAJ,84756,41829,42927
2023,8,RJA,35187,17693,17494
2023,8,RPR,207752,103911,103841
2023,8,RQY,145,73,72
2023,8,RRK,2144,1067,1077
2023,8,RUP,3396,1703,1693
2023,8,SAG,55911,27664,28247
2023,8,SDW,911,401,510
2023,8,SHL,11407,5369,6038
2023,8,SLV,551,216,335
2023,8,STV,104043,50186,53857
2023,8,SXR,324343,170576,153767
2023,8,TCR,16286,7837,8449
2023,8,TEI,4002,1927,2075
2023,8,TEZ,2269,1269,1000
2023,8,TIR,74490,36866,37624
2023,8,TRV,194877,99244,95633
2023,8,TRZ,36815,17970,18845
2023,8,UDR,113207,55762,57445
2023,8,UKE,15,6,9
2023,8,VDY,2634,1411,1223
2023,8,VGA,82075,41343,40732
2023,8,VNS,227531,113809,113722
2023,8,VTZ,238160,120330,117830
2023,8,ZER,23,7,16
2023,9,AGR,11342,5537,5805
2023,9,AGX,3236,1281,1955
2023,9,AJL,30573,15732,14841
2023,9,AMD,779944,389712,390232
2023,9,ATQ,162262,78552,83710
2023,9,BBI,362514,180218,182296
2023,9,BDQ,111377,56489,54888
2023,9,BEK,10474,5209,5265
2023,9,BHJ,4254,2067,2187
2023,9,BHO,104670,53087,51583
2023,9,BHU,7008,3601,3407
2023,9,BLR,2517362,1260594,1256768
2023,9,BOM,3157424,1571924,1585500
2023,9,BUP,87,42,45
2023,9,CCJ,50303,26878,23425
2023,9,CCU,1361775,678000,683775
2023,9,CDP,6368,3377,2991
2023,9,CJB,233845,119544,114301
2023,9,COH,105,49,56
2023,9,COK,443129,228231,214898
2023,9,DBR,42013,19948,22065
2023,9,DED,141548,67555,73993
2023,9,DEL,4305257,2165417,2139840
2023,9,DEP,11353,5868,5485
2023,9,DGH,50400,25054,25346
2023,9,DHM,15676,6863,8813
2023,9,DIB,55699,27343,28356
2023,9,DIU,2349,1147,1202
2023,9,DMU,24135,12307,11828
2023,9,GAU,471775,233001,238774
2023,9,GAY,17703,8393,9310
2023,9,GBI,4293,2199,2094
2023,9,GOI,496885,242961,253924
2023,9,GOP,54619,26817,27802
2023,9,GOX,324630,157348,167282
2023,9,GWL,25583,13010,12573
2023,9,HBX,26263,12941,13322
2023,9,HDO,408,200,208
2023,9,HGI,11204,5566,5638
2023,9,HJR,4217,2150,2067
2023,9,HSR,58211,28011,30200
2023,9,HYD,1655392,827334,828058
2023,9,IDR,299056,152535,146521
2023,9,IMF,91922,47053,44869
2023,9,ISK,19799,9889,9910
2023,9,IXA,112520,56218,56302
2023,9,IXB,239811,116619,123192
2023,9,IXC,293483,143730,149753
2023,9,IXD,55908,27971,27937
2023,9,IXE,116305,59961,56344
2023,9,IXG,21882,10885,10997
2023,9,IXI,2019,1056,963
2023,9,IXJ,118397,57329,61068
2023,9,IXK,831,419,412
2023,9,IXL,109477,55939,53538
2023,9,IXM,93156,45716,47440
2023,9,IXR,203744,103297,100447
2023,9,IXS,34353,17203,17150
2023,9,IXT,792,390,402
2023,9,IXU,49100,25025,24075
2023,9,IXW,555,309,246
2023,9,IXX,1952,1032,920
2023,9,IXY,7255,3506,3749
2023,9,IXZ,100108,47567,52541
2023,9,JAI,376246,187984,188262
2023,9,JDH,92024,44719,47305
2023,9,JGA,13861,6743,7118
2023,9,JGB,4916,2500,2416
2023,9,JLR,26286,13448,12838
2023,9,JRG,16683,8478,8205
2023,9,JRH,13672,6601,7071
2023,9,KBK,2213,1291,922
2023,9,KJB,3278,1701,1577
2023,9,KLH,12230,5647,6583
2023,9,KNU,25143,12730,12413
2023,9,KQH,1447,736,711
2023,9,KUU,1141,398,743
2023,9,LKO,428932,212793,216139
2023,9,LUH,268,138,130
2023,9,MAA,1232132,626716,605416
2023,9,MAQ,34036,18660,15376
2023,9,MYQ,8056,3776,4280
2023,9,NAG,214213,108283,105930
2023,9,PAB,2247,1165,1082
2023,9,PAT,281985,141986,139999
2023,9,PGH,9825,4784,5041
2023,9,PNQ,800119,397516,402603
2023,9,PYB,748,386,362
2023,9,PYG,1690,753,937
2023,9,RAJ,22045,11369,10676
2023,9,RJA,32416,16515,15901
2023,9,RPR,211167,106679,104488
2023,9,RQY,3163,1579,1584
2023,9,RRK,2389,1162,1227
2023,9,RUP,6060,3021,3039
2023,9,SAG,54045,26398,27647
2023,9,SDW,1324,513,811
2023,9,SHL,11451,5254,6197
2023,9,SLV,1060,366,694
2023,9,STV,107666,53162,54504
2023,9,SXR,335776,161954,173822
2023,9,TCR,17011,8189,8822
2023,9,TEI,5412,2615,2797
2023,9,TEZ,3996,2029,1967
2023,9,TIR,67261,32918,34343
2023,9,TRV,190879,101748,89131
2023,9,TRZ,35286,17404,17882
2023,9,UDR,120751,59050,61701
2023,9,UKE,103,62,41
2023,9,VDY,2806,1445,1361
2023,9,VGA,76108,39249,36859
2023,9,VNS,231236,115389,115847
2023,9,VTZ,220117,113306,106811
2023,9,ZER,89,35,54
2023,10,AGR,11878,5821,6057
2023,10,AGX,3859,1747,2112
2023,10,AIP,271,140,131
2023,10,AJL,33236,16623,16613
2023,10,AMD,762183,383219,378964
2023,10,ATQ,175697,84393,91304
2023,10,BBI,385002,188091,196911
2023,10,BDQ,104672,52376,52296
2023,10,BEK,11020,5224,5796
2023,10,BHJ,4829,2366,2463
2023,10,BHO,111943,54062,57881
2023,10,BHU,3571,1744,1827
2023,10,BKB,290,163,127
2023,10,BLR,2654603,1378583,1276020
2023,10,BOM,3099819,1581438,1518381
2023,10,BUP,773,406,367
2023,10,CCJ,49712,25722,23990
2023,10,CCU,1504531,729120,775411
2023,10,CDP,6222,3237,2985
2023,10,CJB,225890,113534,112356
2023,10,COH,250,134,116
2023,10,COK,433077,221329,211748
2023,10,DBR,41437,19071,22366
2023,10,DED,146066,72329,73737
2023,10,DEL,4483912,2215637,2268275
2023,10,DEP,14561,7208,7353
2023,10,DGH,51950,22496,29454
2023,10,DHM,17023,7803,9220
2023,10,DIB,61650,29062,32588
2023,10,DIU,3532,1853,1679
2023,10,DMU,26807,13462,13345
2023,10,GAU,527983,259528,268455
2023,10,GAY,18568,9166,9402
2023,10,GBI,4401,2243,2158
2023,10,GOI,526137,269657,256480
2023,10,GOP,56999,26510,30489
2023,10,GOX,336936,171591,165345
2023,10,GWL,20876,9951,10925
2023,10,HBX,30331,15290,15041
2023,10,HDO,407,178,229
2023,10,HGI,16003,8156,7847
2023,10,HJR,5677,3071,2606
2023,10,HSR,84771,41752,43019
2023,10,HYD,1709859,860719,849140
2023,10,IDR,286794,142312,144482
2023,10,IMF,100058,50901,49157
2023,10,ISK,20904,10456,10448
2023,10,IXA,121253,57550,63703
2023,10,IXB,274772,130134,144638
2023,10,IXC,308812,147857,160955
2023,10,IXD,55557,25989,29568
2023,10,IXE,118171,61007,57164
2023,10,IXG,31234,15784,15450
2023,10,IXI,2278,1326,952
2023,10,IXJ,121276,56769,64507
2023,10,IXK,1315,597,718
2023,10,IXL,82688,49328,33360
2023,10,IXM,88821,43658,45163
2023,10,IXR,223951,103769,120182
2023,10,IXS,37133,18075,19058
2023,10,IXT,869,427,442
2023,10,IXU,50575,25818,24757
2023,10,IXW,519,301,218
2023,10,IXX,2716,1406,1310
2023,10,IXY,5128,2448,2680
2023,10,IXZ,126975,63952,63023
2023,10,JAI,375159,182828,192331
2023,10,JDH,92413,45669,46744
2023,10,JGA,14295,6763,7532
2023,10,JGB,5711,2887,2824
2023,10,JLR,27861,13828,14033
2023,10,JRG,16679,8279,8400
2023,10,JRH,14491,6896,7595
2023,10,JSA,6256,3270,2986
2023,10,KBK,708,324,384
2023,10,KJB,3789,1918,1871
2023,10,KLH,13657,6272,7385
2023,10,KNU,25561,12098,13463
2023,10,KQH,3153,1500,1653
2023,10,KUU,1956,890,1066
2023,10,LKO,447571,209154,238417
2023,10,LUH,214,123,91
2023,10,MAA,1227828,622416,605412
2023,10,MAQ,29722,15884,13838
2023,10,MYQ,8585,4219,4366
2023,10,NAG,214056,105678,108378
2023,10,PAB,2584,1302,1282
2023,10,PAT,319851,150607,169244
2023,10,PGH,11065,5645,5420
2023,10,PNQ,807980,412886,395094
2023,10,PNY,6386,3233,3153
2023,10,PYB,930,477,453
2023,10,PYG,150,65,85
2023,10,RJA,33364,16603,16761
2023,10,RPR,212173,104307,107866
2023,10,RQY,3276,1650,1626
2023,10,RRK,1686,807,879
2023,10,RUP,4984,2485,2499
2023,10,SAG,58235,29327,28908
2023,10,SDW,1428,756,672
2023,10,SHL,13983,6640,7343
2023,10,SLV,1916,750,1166
2023,10,STV,109232,53301,55931
2023,10,SXR,327367,174161,153206
2023,10,SXV,1032,581,451
2023,10,TCR,16042,7635,8407
2023,10,TEI,3715,1659,2056
2023,10,TEZ,3021,1455,1566
2023,10,TIR,67813,33376,34437
2023,10,TRV,189114,99536,89578
2023,10,TRZ,34130,16238,17892
2023,10,UDR,123549,61228,62321
2023,10,UKE,114,65,49
2023,10,VDY,3530,1903,1627
2023,10,VGA,79507,39184,40323
2023,10,VNS,241129,115186,125943
2023,10,VTZ,233489,116704,116785
2023,10,ZER,31,25,6
2023,11,AGR,18697,9437,9260
2023,11,AGX,3682,1662,2020
2023,11,AJL,32441,16313,16128
2023,11,AMD,828342,422408,405934
2023,11,ATQ,194345,95280,99065
2023,11,BBI,369791,179194,190597
2023,11,BDQ,106598,53758,52840
2023,11,BEK,10959,5224,5735
2023,11,BHJ,5263,2368,2895
2023,11,BHO,119875,58951,60924
2023,11,BHU,6580,3265,3315
2023,11,BKB,500,224,276
2023,11,BLR,2669108,1342376,1326732
2023,11,BOM,3167606,1645144,1522462
2023,11,BUP,956,493,463
2023,11,CCJ,52223,26514,25709
2023,11,CCU,1544558,749391,795167
2023,11,CDP,3601,1881,1720
2023,11,CJB,211424,105894,105530
2023,11,COH,472,238,234
2023,11,COK,451350,224603,226747
2023,11,DBR,55080,24534,30546
2023,11,DED,129581,64718,64863
2023,11,DEL,4397498,2205385,2192113
2023,11,DEP,15412,7324,8088
2023,11,DGH,35730,17098,18632
2023,11,DHM,14076,6772,7304
2023,11,DIB,65320,31877,33443
2023,11,DIU,7406,3528,3878
2023,11,DMU,24533,11745,12788
2023,11,GAU,517968,255824,262144
2023,11,GAY,17787,8230,9557
2023,11,GBI,5440,2738,2702
2023,11,GOI,502324,250854,251470
2023,11,GOP,66535,31352,35183
2023,11,GOX,387877,190552,197325
2023,11,GWL,22176,10732,11444
2023,11,HBX,31437,15281,16156
2023,11,HDO,350,167,183
2023,11,HGI,13286,6479,6807
2023,11,HJR,8672,4880,3792
2023,11,HSR,86691,43108,43583
2023,11,HYD,1686889,848606,838283
2023,11,IDR,282804,141151,141653
2023,11,IMF,102978,51607,51371
2023,11,ISK,20375,10127,10248
2023,11,IXA,117746,59620,58126
2023,11,IXB,284270,138102,146168
2023,11,IXC,282291,139430,142861
2023,11,IXD,50426,23379,27047
2023,11,IXE,136143,68174,67969
2023,11,IXG,32246,16048,16198
2023,11,IXI,2439,1370,1069
2023,11,IXJ,125713,59448,66265
2023,11,IXK,1057,506,551
2023,11,IXL,57171,31004,26167
2023,11,IXM,81495,39626,41869
2023,11,IXR,208418,98480,109938
2023,11,IXS,33129,16723,16406
2023,11,IXT,941,497,444
2023,11,IXU,52979,27011,25968
2023,11,IXW,880,475,405
2023,11,IXX,2516,1286,1230
2023,11,IXY,8952,4456,4496
2023,11,IXZ,134601,67708,66893
2023,11,JAI,446186,214675,231511
2023,11,JDH,100243,47825,52418
2023,11,JGA,14421,6764,7657
2023,11,JGB,3323,1709,1614
2023,11,JLR,27447,13088,14359
2023,11,JRG,19033,9651,9382
2023,11,JRH,13809,6696,7113
2023,11,JSA,22104,10987,11117
2023,11,KBK,395,161,234
2023,11,KJB,2916,1498,1418
2023,11,KLH,15562,7648,7914
2023,11,KNU,27674,12672,15002
2023,11,KQH,4451,1915,2536
2023,11,KUU,1373,580,793
2023,11,LKO,463915,217891,246024
2023,11,LUH,138,68,70
2023,11,MAA,1270065,646836,623229
2023,11,MAQ,32927,17321,15606
2023,11,MYQ,8107,3803,4304
2023,11,NAG,212091,104276,107815
2023,11,PAB,2837,1478,1359
2023,11,PAT,315263,145771,169492
2023,11,PGH,8901,4481,4420
2023,11,PNQ,767544,392754,374790
2023,11,PNY,4445,2186,2259
2023,11,PYB,1017,524,493
2023,11,RJA,33671,16771,16900
2023,11,RPR,194953,96666,98287
2023,11,RQY,5013,2596,2417
2023,11,RRK,2238,1092,1146
2023,11,RUP,1310,698,612
2023,11,SAG,69809,35027,34782
2023,11,SDW,1310,632,678
2023,11,SHL,16066,7752,8314
2023,11,SLV,2119,854,1265
2023,11,STV,115787,59320,56467
2023,11,SXR,292749,151029,141720
2023,11,SXV,7123,3804,3319
2023,11,TCR,15424,7326,8098
2023,11,TEI,557,283,274
2023,11,TEZ,4175,2044,2131
2023,11,TIR,71182,34801,36381
2023,11,TRV,208395,105400,102995
2023,11,TRZ,41483,20274,21209
2023,11,UDR,137103,66061,71042
2023,11,UKE,154,93,61
2023,11,VDY,2612,1374,1238
2023,11,VGA,73671,36695,36976
2023,11,VNS,270770,124860,145910
2023,11,VTZ,206915,104053,102862
2023,11,ZER,3,1,2
2023,12,AGR,20124,10671,9453
2023,12,AGX,3981,1728,2253
2023,12,AJL,33738,15751,17987
2023,12,AMD,886292,438454,447838
2023,12,ATQ,204043,103565,100478
2023,12,AYJ,424,229,195
2023,12,BBI,387390,192832,194558
2023,12,BDQ,114485,56600,57885
2023,12,BEK,10872,5550,5322
2023,12,BHJ,6207,3035,3172
2023,12,BHO,133847,66601,67246
2023,12,BHU,8224,4107,4117
2023,12,BKB,590,275,315
2023,12,BLR,2943835,1451246,1492589
2023,12,BOM,3479875,1733975,1745900
2023,12,BUP,1133,553,580
2023,12,CCJ,57077,27439,29638
2023,12,CCU,1605523,805095,800428
2023,12,CDP,3303,1760,1543
2023,12,CJB,233766,113583,120183
2023,12,COH,471,237,234
2023,12,COK,507131,246109,261022
2023,12,DBR,56044,28953,27091
2023,12,DED,127389,65347,62042
2023,12,DEL,4767641,2457390,2310251
2023,12,DEP,13626,6789,6837
2023,12,DGH,40520,20628,19892
2023,12,DHM,14484,6698,7786
2023,12,DIB,73696,35332,38364
2023,12,DIU,8687,4342,4345
2023,12,DMU,28554,13534,15020
2023,12,GAU,535469,264258,271211
2023,12,GAY,18118,9259,8859
2023,12,GBI,4848,2473,2375
2023,12,GDB,1603,864,739
2023,12,GOI,556968,271065,285903
2023,12,GOP,68145,34450,33695
2023,12,GOX,466380,225649,240731
2023,12,GWL,20691,11110,9581
2023,12,HBX,34561,16746,17815
2023,12,HDO,206,105,101
2023,12,HGI,13415,6217,7198
2023,12,HJR,8500,4197,4303
2023,12,HSR,95540,46756,48784
2023,12,HYD,1853027,915802,937225
2023,12,IDR,320996,163559,157437
2023,12,IMF,109262,51198,58064
2023,12,ISK,24293,11897,12396
2023,12,IXA,120331,59171,61160
2023,12,IXB,309113,154772,154341
2023,12,IXC,291838,146623,145215
2023,12,IXD,47632,24570,23062
2023,12,IXE,159034,77795,81239
2023,12,IXG,35176,16869,18307
2023,12,IXI,2762,1499,1263
2023,12,IXJ,124556,61164,63392
2023,12,IXK,651,303,348
2023,12,IXL,62220,33071,29149
2023,12,IXM,86298,41784,44514
2023,12,IXR,226444,113064,113380
2023,12,IXS,34743,16485,18258
2023,12,IXT,1186,593,593
2023,12,IXU,56124,27811,28313
2023,12,IXW,862,443,419
2023,12,IXX,751,403,348
2023,12,IXY,9672,4786,4886
2023,12,IXZ,161704,78086,83618
2023,12,JAI,486519,250191,236328
2023,12,JDH,110978,55688,55290
2023,12,JGA,15196,7265,7931
2023,12,JGB,3633,1910,1723
2023,12,JLR,29402,14651,14751
2023,12,JRG,26070,13040,13030
2023,12,JRH,15530,7391,8139
2023,12,JSA,36956,18763,18193
2023,12,KJB,3340,1684,1656
2023,12,KLH,15661,7593,8068
2023,12,KNU,30942,16118,14824
2023,12,KQH,6432,3285,3147
2023,12,KUU,1016,427,589
2023,12,LKO,506278,260538,245740
2023,12,LUH,36,18,18
2023,12,MAA,1318203,662526,655677
2023,12,MAQ,41893,19623,22270
2023,12,MYQ,8675,3976,4699
2023,12,NAG,234543,117066,117477
2023,12,PAB,2805,1265,1540
2023,12,PAT,317983,161841,156142
2023,12,PGH,8130,4076,4054
2023,12,PNQ,838181,413504,424677
2023,12,PNY,8604,4277,4327
2023,12,PYB,1090,553,537
2023,12,RJA,34288,16669,17619
2023,12,RPR,212528,106159,106369
2023,12,RQY,7803,4159,3644
2023,12,RRK,2022,988,1034
2023,12,SAG,74487,37111,37376
2023,12,SDW,1378,652,726
2023,12,SHL,17581,8819,8762
2023,12,SLV,2210,874,1336
2023,12,STV,130070,63224,66846
2023,12,SXR,312342,156078,156264
2023,12,SXV,7709,4045,3664
2023,12,TCR,13975,6452,7523
2023,12,TEI,31,16,15
2023,12,TEZ,5077,2562,2515
2023,12,TIR,72059,35229,36830
2023,12,TRV,238938,116082,122856
2023,12,TRZ,46763,22614,24149
2023,12,UDR,150613,74379,76234
2023,12,UKE,165,103,62
2023,12,VDY,3705,2005,1700
2023,12,VGA,79045,38179,40866
2023,12,VNS,263710,134398,129312
2023,12,VTZ,213915,105967,107948
2023,12,ZER,31,14,17
2023,12,name:uttarlai,72,0,72
2024,1,AGR,17813,8924,8889
2024,1,AGX,4077,1765,2312
2024,1,AJL,33474,17711,15763
2024,1,AMD,863675,433436,430239
2024,1,ATQ,174841,84419,90422
2024,1,AYJ,24620,11456,13164
2024,1,BBI,366022,184237,181785
2024,1,BDQ,104872,52438,52434
2024,1,BEK,7583,3767,3816
2024,1,BHJ,6102,2979,3123
2024,1,BHO,117719,60104,57615
2024,1,BHU,8507,4331,4176
2024,1,BKB,553,272,281
2024,1,BLR,2812034,1384576,1427458
2024,1,BOM,3440669,1723418,1717251
2024,1,BUP,1238,605,633
2024,1,CCJ,59181,30929,28252
2024,1,CCU,1489426,738860,750566
2024,1,CDP,3821,2127,1694
2024,1,CJB,205792,104486,101306
2024,1,COH,409,204,205
2024,1,COK,478200,244990,233210
2024,1,DBR,29194,14248,14946
2024,1,DED,109928,54269,55659
2024,1,DEL,4487104,2230468,2256636
2024,1,DEP,6887,3354,3533
2024,1,DGH,38203,18928,19275
2024,1,DHM,13267,6367,6900
2024,1,DIB,69707,34163,35544
2024,1,DIU,9859,5139,4720
2024,1,DMU,28073,15049,13024
2024,1,GAU,504755,252992,251763
2024,1,GAY,18173,9570,8603
2024,1,GBI,5436,2823,2613
2024,1,GDB,1282,624,658
2024,1,GOI,559338,286544,272794
2024,1,GOP,60877,30195,30682
2024,1,GOX,474366,241429,232937
2024,1,GWL,23783,12305,11478
2024,1,HBX,31387,15495,15892
2024,1,HDO,84,31,53
2024,1,HGI,12536,6418,6118
2024,1,HJR,6450,3366,3084
2024,1,HSR,89159,44174,44985
2024,1,HYD,1802348,907819,894529
2024,1,IDR,306435,155473,150962
2024,1,IMF,106059,55666,50393
2024,1,ISK,23404,11412,11992
2024,1,IXA,112664,53351,59313
2024,1,IXB,283851,141559,142292
2024,1,IXC,249105,123454,125651
2024,1,IXD,37115,18846,18269
2024,1,IXE,140754,71654,69100
2024,1,IXG,29592,15370,14222
2024,1,IXI,3908,2244,1664
2024,1,IXJ,101777,49801,51976
2024,1,IXK,1017,454,563
2024,1,IXL,56926,28877,28049
2024,1,IXM,80803,40484,40319
2024,1,IXR,201535,100606,100929
2024,1,IXS,33944,16076,17868
2024,1,IXT,1056,566,490
2024,1,IXU,57150,29747,27403
2024,1,IXW,751,381,370
2024,1,IXY,9654,4787,4867
2024,1,IXZ,164538,84798,79740
2024,1,JAI,462624,230931,231693
2024,1,JDH,98720,48734,49986
2024,1,JGA,14499,6899,7600
2024,1,JGB,3833,2045,1788
2024,1,JLR,25531,13005,12526
2024,1,JRG,26304,13187,13117
2024,1,JRH,15149,7416,7733
2024,1,JSA,34762,17836,16926
2024,1,KJB,3352,1780,1572
2024,1,KLH,13518,6764,6754
2024,1,KNU,18580,9358,9222
2024,1,KQH,6121,2876,3245
2024,1,KUU,451,205,246
2024,1,LKO,459183,231182,228001
2024,1,MAA,1342196,659341,682855
2024,1,MAQ,41604,21655,19949
2024,1,MYQ,8677,4255,4422
2024,1,NAG,217613,110961,106652
2024,1,PAB,2286,1072,1214
2024,1,PAT,256822,128388,128434
2024,1,PGH,114,56,58
2024,1,PNQ,805141,404458,400683
2024,1,PNY,9103,4616,4487
2024,1,PYB,1094,559,535
2024,1,RJA,36134,18354,17780
2024,1,RPR,207333,104324,103009
2024,1,RQY,6686,3696,2990
2024,1,RRK,154,85,69
2024,1,SAG,76054,38129,37925
2024,1,SDW,1579,818,761
2024,1,SHL,18923,9014,9909
2024,1,SLV,1899,703,1196
2024,1,STV,130230,64240,65990
2024,1,SXR,279552,142991,136561
2024,1,SXV,8590,4707,3883
2024,1,TCR,17406,8595,8811
2024,1,TEI,31,15,16
2024,1,TEZ,5998,3018,2980
2024,1,TIR,75184,36788,38396
2024,1,TRV,229382,120639,108743
2024,1,TRZ,53809,25789,28020
2024,1,UDR,145732,72670,73062
2024,1,UKE,157,98,59
2024,1,VDY,4640,2533,2107
2024,1,VGA,80538,41314,39224
2024,1,VNS,212299,106722,105577
2024,1,VTZ,198735,101357,97378
2024,1,ZER,22,15,7
2024,2,AGR,18645,9283,9362
2024,2,AGX,4571,1981,2590
2024,2,AJL,30203,15518,14685
2024,2,AMD,824744,419307,405437
2024,2,ATQ,190111,94068,96043
2024,2,AYJ,93014,45372,47642
2024,2,BBI,360201,180766,179435
2024,2,BDQ,99207,52254,46953
2024,2,BEK,10547,5226,5321
2024,2,BHJ,5982,2923,3059
2024,2,BHO,114069,57384,56685
2024,2,BHU,7398,3779,3619
2024,2,BKB,582,288,294
2024,2,BLR,2646633,1328344,1318289
2024,2,BOM,3268775,1645789,1622986
2024,2,BUP,1914,963,951
2024,2,CCJ,53669,27519,26150
2024,2,CCU,1383603,686946,696657
2024,2,CDP,3737,2113,1624
2024,2,CJB,200210,101404,98806
2024,2,COH,423,205,218
2024,2,COK,419739,213646,206093
2024,2,DBR,36486,17597,18889
2024,2,DED,113359,55216,58143
2024,2,DEL,4505651,2238421,2267230
2024,2,DEP,13018,6405,6613
2024,2,DGH,33919,16755,17164
2024,2,DHM,14007,6466,7541
2024,2,DIB,61506,29891,31615
2024,2,DIU,8546,4338,4208
2024,2,DMU,23796,12599,11197
2024,2,GAU,461398,230784,230614
2024,2,GAY,17599,8538,9061
2024,2,GBI,4586,2375,2211
2024,2,GDB,2145,1121,1024
2024,2,GOI,517535,262888,254647
2024,2,GOP,45464,21829,23635
2024,2,GOX,400445,202600,197845
2024,2,GWL,33460,16864,16596
2024,2,HBX,27676,13586,14090
2024,2,HDO,722,362,360
2024,2,HGI,12011,5894,6117
2024,2,HJR,4703,2345,2358
2024,2,HSR,85241,42214,43027
2024,2,HYD,1729614,864542,865072
2024,2,IDR,298188,150855,147333
2024,2,IMF,97463,48161,49302
2024,2,ISK,21846,10774,11072
2024,2,IXA,106506,52490,54016
2024,2,IXB,245888,119814,126074
2024,2,IXC,266216,132321,133895
2024,2,IXD,48101,23380,24721
2024,2,IXE,125115,63104,62011
2024,2,IXG,29455,15103,14352
2024,2,IXI,2718,1603,1115
2024,2,IXJ,120144,60485,59659
2024,2,IXK,1239,600,639
2024,2,IXL,53166,22425,30741
2024,2,IXM,77440,38390,39050
2024,2,IXR,204619,101578,103041
2024,2,IXS,31154,15390,15764
2024,2,IXT,323,181,142
2024,2,IXU,52636,27066,25570
2024,2,IXW,729,399,330
2024,2,IXY,8902,4468,4434
2024,2,IXZ,144940,72606,72334
2024,2,JAI,438348,218677,219671
2024,2,JDH,94579,46860,47719
2024,2,JGA,14739,7087,7652
2024,2,JGB,4066,2122,1944
2024,2,JLR,25461,12763,12698
2024,2,JRG,24695,12372,12323
2024,2,JRH,13835,6594,7241
2024,2,JSA,25624,13241,12383
2024,2,KJB,2547,1306,1241
2024,2,KLH,12852,6252,6600
2024,2,KNU,18192,8948,9244
2024,2,KQH,7856,3856,4000
2024,2,KUU,1516,616,900
2024,2,LKO,447599,220436,227163
2024,2,LUH,32,22,10
2024,2,MAA,1262692,636277,626415
2024,2,MAQ,34934,18370,16564
2024,2,MYQ,7357,3476,3881
2024,2,NAG,201876,101457,100419
2024,2,NNS,280,148,132
2024,2,PAB,3050,1517,1533
2024,2,PAT,280844,137749,143095
2024,2,PGH,8537,4235,4302
2024,2,PNQ,792925,398308,394617
2024,2,PNY,7524,3797,3727
2024,2,PYB,957,520,437
2024,2,RJA,33037,16020,17017
2024,2,RPR,189351,95147,94204
2024,2,RQY,7811,4178,3633
2024,2,RRK,1876,1000,876
2024,2,SAG,68628,34196,34432
2024,2,SDW,1671,825,846
2024,2,SHL,15486,6923,8563
2024,2,SLV,1532,559,973
2024,2,STV,112735,56542,56193
2024,2,SXR,300430,144647,155783
2024,2,SXV,8443,4470,3973
2024,2,TCR,16055,7775,8280
2024,2,TEI,32,11,21
2024,2,TEZ,4324,2175,2149
2024,2,TIR,72815,35658,37157
2024,2,TRV,199998,103822,96176
2024,2,TRZ,47738,23199,24539
2024,2,UDR,141389,70854,70535
2024,2,UKE,160,96,64
2024,2,VDY,4258,2216,2042
2024,2,VGA,73908,37121,36787
2024,2,VNS,240643,117324,123319
2024,2,VTZ,191701,95628,96073
2024,2,ZER,22,13,9
2024,3,AGR,20459,10172,10287
2024,3,AGX,4782,2132,2650
2024,3,AIP,117,54,63
2024,3,AJL,37375,18905,18470
2024,3,AMD,863636,438862,424774
2024,3,ATQ,216715,109638,107077
2024,3,AYJ,98346,48153,50193
2024,3,AZH,80,42,38
2024,3,BBI,384863,191884,192979
2024,3,BDQ,104911,54095,50816
2024,3,BEK,10762,5219,5543
2024,3,BHJ,11225,5526,5699
2024,3,BHO,122725,60437,62288
2024,3,BHU,6772,3415,3357
2024,3,BKB,586,261,325
2024,3,BLR,2811201,1435274,1375927
2024,3,BOM,3240571,1621013,1619558
2024,3,BUP,2071,991,1080
2024,3,CCJ,56902,29412,27490
2024,3,CCU,1544862,753403,791459
2024,3,CDP,3217,1732,1485
2024,3,CJB,211697,106368,105329
2024,3,COH,520,258,262
2024,3,COK,430356,213477,216879
2024,3,CWK,82,46,36
2024,3,DBR,39228,18890,20338
2024,3,DED,137210,67217,69993
2024,3,DEL,4736290,2382637,2353653
2024,3,DEP,17513,8534,8979
2024,3,DGH,34201,16755,17446
2024,3,DHM,17109,7787,9322
2024,3,DIB,72329,35048,37281
2024,3,DIU,9532,4976,4556
2024,3,DMU,26179,13144,13035
2024,3,GAU,501574,244347,257227
2024,3,GAY,19484,9611,9873
2024,3,GBI,4851,2472,2379
2024,3,GDB,2559,1269,1290
2024,3,GOI,537946,271271,266675
2024,3,GOP,48182,22870,25312
2024,3,GOX,410303,206786,203517
2024,3,GWL,35320,17423,17897
2024,3,HBX,22650,11144,11506
2024,3,HDO,1331,694,637
2024,3,HGI,13116,6460,6656
2024,3,HJR,4688,2393,2295
2024,3,HRH,86,51,35
2024,3,HSR,83334,42544,40790
2024,3,HYD,1860690,933305,927385
2024,3,IDR,317305,160919,156386
2024,3,IMF,109634,55597,54037
2024,3,ISK,22066,10923,11143
2024,3,IXA,121008,59627,61381
2024,3,IXB,266484,129671,136813
2024,3,IXC,300209,149172,151037
2024,3,IXD,50396,24596,25800
2024,3,IXE,129505,65421,64084
2024,3,IXG,28293,14810,13483
2024,3,IXI,4100,2269,1831
2024,3,IXJ,140876,71029,69847
2024,3,IXK,1341,646,695
2024,3,IXL,56590,24121,32469
2024,3,IXM,87361,42640,44721
2024,3,IXR,221842,105960,115882
2024,3,IXS,33862,16752,17110
2024,3,IXT,603,340,263
2024,3,IXU,54372,27499,26873
2024,3,IXW,907,489,418
2024,3,IXY,7961,3906,4055
2024,3,IXZ,154219,77204,77015
2024,3,JAI,453083,227180,225903
2024,3,JDH,92996,46014,46982
2024,3,JGA,13301,6553,6748
2024,3,JGB,4475,2343,2132
2024,3,JLR,25589,12809,12780
2024,3,JRG,25724,12597,13127
2024,3,JRH,15168,7293,7875
2024,3,JSA,10123,5284,4839
2024,3,KJB,2166,1103,1063
2024,3,KLH,13484,6391,7093
2024,3,KNU,20099,9629,10470
2024,3,KQH,8144,3970,4174
2024,3,KUU,2184,912,1272
2024,3,LKO,488914,240696,248218
2024,3,LUH,67,32,35
2024,3,MAA,1290240,652548,637692
2024,3,MAQ,32358,16786,15572
2024,3,MYQ,7430,3600,3830
2024,3,NAG,218899,109681,109218
2024,3,NDC,432,222,210
2024,3,NNS,533,263,270
2024,3,PAB,2156,1199,957
2024,3,PAT,324095,155727,168368
2024,3,PGH,10038,4889,5149
2024,3,PNQ,833101,419441,413660
2024,3,PNY,6505,3365,3140
2024,3,PYB,1034,553,481
2024,3,PYG,141,74,67
2024,3,RJA,35803,17729,18074
2024,3,RPR,199740,99658,100082
2024,3,RQY,6835,3471,3364
2024,3,RRK,3533,1860,1673
2024,3,SAG,72734,35880,36854
2024,3,SDW,2022,1029,993
2024,3,SHL,17875,8332,9543
2024,3,SLV,2492,945,1547
2024,3,STV,119030,58679,60351
2024,3,SXR,358168,172116,186052
2024,3,SXV,8498,4488,4010
2024,3,TCR,16018,7486,8532
2024,3,TEI,61,25,36
2024,3,TEZ,5644,2789,2855
2024,3,TIR,85562,41721,43841
2024,3,TRV,203676,101644,102032
2024,3,TRZ,46614,22213,24401
2024,3,UDR,143909,72090,71819
2024,3,UKE,159,97,62
2024,3,VDY,4224,2280,1944
2024,3,VGA,77739,38523,39216
2024,3,VNS,280409,136096,144313
2024,3,VSV,85,49,36
2024,3,VTZ,212142,105119,107023
2024,3,ZER,13,7,6
2024,4,AGR,11479,5730,5749
2024,4,AGX,6308,2752,3556
2024,4,AIP,3283,1724,1559
2024,4,AJL,39424,19335,20089
2024,4,AMD,840058,422930,417128
2024,4,ATQ,189185,97335,91850
2024,4,AYJ,91363,42411,48952
2024,4,AZH,69,35,34
2024,4,BBI,357230,178615,178615
2024,4,BDQ,97570,50001,47569
2024,4,BEK,9667,4701,4966
2024,4,BHJ,14107,6824,7283
2024,4,BHO,125768,61562,64206
2024,4,BHU,6143,3108,3035
2024,4,BKB,406,168,238
2024,4,BLR,2957001,1507003,1449998
2024,4,BOM,3174494,1626074,1548420
2024,4,BUP,1912,951,961
2024,4,CCJ,59105,29604,29501
2024,4,CCU,1532272,728635,803637
2024,4,CDP,3234,1817,1417
2024,4,CJB,229718,117276,112442
2024,4,COH,347,170,177
2024,4,COK,467381,234399,232982
2024,4,CWK,59,39,20
2024,4,DBR,44346,21154,23192
2024,4,DED,144226,70680,73546
2024,4,DEL,4600919,2285116,2315803
2024,4,DEP,16496,8012,8484
2024,4,DGH,33280,15675,17605
2024,4,DHM,20565,9147,11418
2024,4,DIB,72285,34316,37969
2024,4,DIU,7308,3859,3449
2024,4,DMU,24405,12169,12236
2024,4,GAU,501892,241581,260311
2024,4,GAY,18975,9186,9789
2024,4,GBI,2573,1318,1255
2024,4,GDB,3019,1522,1497
2024,4,GOI,503253,259303,243950
2024,4,GOP,48399,23096,25303
2024,4,GOX,354672,180183,174489
2024,4,GWL,36579,17939,18640
2024,4,HBX,23289,11609,11680
2024,4,HDO,8719,4182,4537
2024,4,HGI,13787,6674,7113
2024,4,HJR,3386,1683,1703
2024,4,HRH,122,84,38
2024,4,HSR,79065,38740,40325
2024,4,HYD,1857541,951685,905856
2024,4,IDR,294205,146653,147552
2024,4,IMF,105091,53095,51996
2024,4,ISK,15649,7806,7843
2024,4,IXA,101867,49239,52628
2024,4,IXB,290906,138640,152266
2024,4,IXC,309414,153087,156327
2024,4,IXD,40815,19401,21414
2024,4,IXE,146518,71364,75154
2024,4,IXG,29422,15159,14263
2024,4,IXI,4244,2248,1996
2024,4,IXJ,137390,68043,69347
2024,4,IXK,1164,573,591
2024,4,IXL,94569,40141,54428
2024,4,IXM,84319,41340,42979
2024,4,IXR,204266,99053,105213
2024,4,IXS,32924,15755,17169
2024,4,IXT,626,331,295
2024,4,IXU,50040,25470,24570
2024,4,IXW,607,333,274
2024,4,IXY,4994,2388,2606
2024,4,IXZ,133551,71611,61940
2024,4,JAI,413975,203844,210131
2024,4,JDH,75332,36407,38925
2024,4,JGA,13218,6264,6954
2024,4,JGB,6993,3625,3368
2024,4,JLG,1046,528,518
2024,4,JLR,24037,11914,12123
2024,4,JRG,15106,7284,7822
2024,4,JRH,10646,5221,5425
2024,4,KJB,1188,577,611
2024,4,KLH,13817,6620,7197
2024,4,KNU,22648,10693,11955
2024,4,KQH,7166,3500,3666
2024,4,KUU,2870,1088,1782
2024,4,LKO,449948,214059,235889
2024,4,LUH,79,42,37
2024,4,MAA,1274523,652780,621743
2024,4,MAQ,33162,16193,16969
2024,4,MYQ,6408,2987,3421
2024,4,NAG,204466,102891,101575
2024,4,NDC,10269,5298,4971
2024,4,NNS,718,352,366
2024,4,PAB,1255,757,498
2024,4,PAT,303923,145494,158429
2024,4,PGH,9853,4896,4957
2024,4,PNQ,826157,419924,406233
2024,4,PYB,940,491,449
2024,4,PYG,5183,2413,2770
2024,4,RJA,33269,16718,16551
2024,4,RPR,204961,101894,103067
2024,4,RQY,7705,4185,3520
2024,4,RRK,4618,2317,2301
2024,4,SAG,60000,30256,29744
2024,4,SDW,2337,1154,1183
2024,4,SHL,12432,5624,6808
2024,4,SLV,2539,889,1650
2024,4,STV,116804,57773,59031
2024,4,SXR,434331,212950,221381
2024,4,SXV,10233,5175,5058
2024,4,TCR,19469,9156,10313
2024,4,TEI,65,26,39
2024,4,TEZ,5622,2698,2924
2024,4,TIR,72951,35770,37181
2024,4,TRV,219662,111401,108261
2024,4,TRZ,45995,21855,24140
2024,4,UDR,113184,55466,57718
2024,4,UKE,149,85,64
2024,4,VDY,4472,2476,1996
2024,4,VGA,82037,42216,39821
2024,4,VNS,281013,132303,148710
2024,4,VSV,43,27,16
2024,4,VTZ,211974,107632,104342
2024,4,ZER,40,18,22
2024,5,AGR,12237,6380,5857
2024,5,AGX,10411,4801,5610
2024,5,AIP,3194,1625,1569
2024,5,AJL,40530,20011,20519
2024,5,AMD,913328,470250,443078
2024,5,ATQ,193628,99133,94495
2024,5,AYJ,80182,40746,39436
2024,5,AZH,181,101,80
2024,5,BBI,355294,179373,175921
2024,5,BDQ,105320,54075,51245
2024,5,BEK,10395,5250,5145
2024,5,BHJ,14324,7215,7109
2024,5,BHO,136500,70333,66167
2024,5,BHU,7149,3714,3435
2024,5,BKB,519,266,253
2024,5,BLR,3005228,1427724,1577504
2024,5,BOM,3362077,1695583,1666494
2024,5,BUP,2703,1374,1329
2024,5,CCJ,65121,30710,34411
2024,5,CCU,1544020,772672,771348
2024,5,CDP,3805,2050,1755
2024,5,CJB,258257,125666,132591
2024,5,COH,450,222,228
2024,5,COK,475237,229046,246191
2024,5,CWK,146,82,64
2024,5,DBR,41432,21175,20257
2024,5,DED,156112,77356,78756
2024,5,DEL,4797387,2445338,2352049
2024,5,DEP,15869,8015,7854
2024,5,DGH,36926,18654,18272
2024,5,DHM,21744,8949,12795
2024,5,DIB,66561,32437,34124
2024,5,DIU,8729,4316,4413
2024,5,DMU,25564,12846,12718
2024,5,GAU,506205,259218,246987
2024,5,GAY,18117,9626,8491
2024,5,GBI,3960,2087,1873
2024,5,GDB,3706,2075,1631
2024,5,GOI,543797,268603,275194
2024,5,GOP,53176,26388,26788
2024,5,GOX,389404,191458,197946
2024,5,GWL,37073,19459,17614
2024,5,HBX,24455,11703,12752
2024,5,HDO,9069,4487,4582
2024,5,HGI,14484,7278,7206
2024,5,HJR,2172,1106,1066
2024,5,HRH,146,77,69
2024,5,HSR,86749,43460,43289
2024,5,HYD,1970832,983659,987173
2024,5,IDR,305229,157275,147954
2024,5,IMF,104253,50178,54075
2024,5,ISK,26102,12579,13523
2024,5,IXA,108038,54795,53243
2024,5,IXB,318741,158966,159775
2024,5,IXC,339138,169206,169932
2024,5,IXD,44830,23457,21373
2024,5,IXE,144266,71308,72958
2024,5,IXG,30994,15522,15472
2024,5,IXI,3518,1930,1588
2024,5,IXJ,136315,68700,67615
2024,5,IXK,1504,712,792
2024,5,IXL,117019,53264,63755
2024,5,IXM,88766,43167,45599
2024,5,IXR,209960,107287,102673
2024,5,IXS,35140,17939,17201
2024,5,IXT,773,393,380
2024,5,IXU,58395,29096,29299
2024,5,IXW,638,367,271
2024,5,IXY,6062,2954,3108
2024,5,IXZ,133385,69793,63592
2024,5,JAI,400521,210512,190009
2024,5,JDH,76323,39588,36735
2024,5,JGA,13652,6758,6894
2024,5,JGB,6900,3458,3442
2024,5,JLG,4012,2081,1931
2024,5,JLR,24722,12535,12187
2024,5,JRG,20577,10364,10213
2024,5,JRH,10807,5421,5386
2024,5,KJB,1581,830,751
2024,5,KLH,14720,7163,7557
2024,5,KNU,22050,11214,10836
2024,5,KQH,6790,3458,3332
2024,5,KUU,3308,1169,2139
2024,5,LKO,464831,238131,226700
2024,5,LUH,434,223,211
2024,5,MAA,1371280,672309,698971
2024,5,MAQ,31109,14684,16425
2024,5,MYQ,7876,3498,4378
2024,5,NAG,220677,112056,108621
2024,5,NDC,10790,5602,5188
2024,5,NNS,418,186,232
2024,5,PAB,1546,767,779
2024,5,PAT,303227,153822,149405
2024,5,PGH,10348,4942,5406
2024,5,PNQ,887316,445899,441417
2024,5,PYB,978,504,474
2024,5,PYG,5626,2601,3025
2024,5,RJA,35470,17772,17698
2024,5,RPR,205225,104358,100867
2024,5,RQY,7610,4021,3589
2024,5,RRK,4227,2199,2028
2024,5,SAG,48516,24300,24216
2024,5,SDW,2742,1350,1392
2024,5,SHL,13420,5959,7461
2024,5,SLV,2877,1128,1749
2024,5,STV,137113,68248,68865
2024,5,SXR,467544,227334,240210
2024,5,SXV,11928,5895,6033
2024,5,TCR,22270,10602,11668
2024,5,TEI,19,13,6
2024,5,TEZ,5560,2676,2884
2024,5,TIR,69388,33230,36158
2024,5,TRV,226383,108491,117892
2024,5,TRZ,50422,23771,26651
2024,5,UDR,106785,54313,52472
2024,5,UKE,144,89,55
2024,5,VDY,4593,2454,2139
2024,5,VGA,87386,44375,43011
2024,5,VNS,287362,150879,136483
2024,5,VSV,101,63,38
2024,5,VTZ,224113,114944,109169
2024,5,ZER,14,2,12
2024,6,AGR,11640,6071,5569
2024,6,AGX,4062,1780,2282
2024,6,AIP,3085,1661,1424
2024,6,AJL,42277,21864,20413
2024,6,AMD,836676,405838,430838
2024,6,ATQ,176444,95282,81162
2024,6,AYJ,100993,51338,49655
2024,6,AZH,157,92,65
2024,6,BBI,357254,175729,181525
2024,6,BDQ,93028,45074,47954
2024,6,BEK,10269,5082,5187
2024,6,BHJ,13930,7021,6909
2024,6,BHO,128761,63407,65354
2024,6,BHU,2866,1391,1475
2024,6,BKB,408,203,205
2024,6,BLR,2858141,1414769,1443372
2024,6,BOM,3096191,1534654,1561537
2024,6,BUP,2630,1333,1297
2024,6,CCJ,57714,28878,28836
2024,6,CCU,1523440,743991,779449
2024,6,CDP,3740,2189,1551
2024,6,CJB,248634,125921,122713
2024,6,COH,422,209,213
2024,6,COK,436075,220626,215449
2024,6,CWK,184,103,81
2024,6,DBR,43710,21950,21760
2024,6,DED,156458,81390,75068
2024,6,DEL,4673502,2432222,2241280
2024,6,DEP,18611,9010,9601
2024,6,DGH,40878,19803,21075
2024,6,DHM,19951,8191,11760
2024,6,DIB,62987,30936,32051
2024,6,DIU,7209,3784,3425
2024,6,DMU,24247,12369,11878
2024,6,GAU,503349,256480,246869
2024,6,GAY,18725,9306,9419
2024,6,GBI,3902,2026,1876
2024,6,GDB,3325,1732,1593
2024,6,GOI,525587,266395,259192
2024,6,GOP,64976,32652,32324
2024,6,GOX,364039,182997,181042
2024,6,GWL,41240,20874,20366
2024,6,HBX,23288,11104,12184
2024,6,HDO,8569,4325,4244
2024,6,HGI,13581,6684,6897
2024,6,HJR,1643,807,836
2024,6,HRH,191,103,88
2024,6,HSR,79401,37674,41727
2024,6,HYD,1840904,898752,942152
2024,6,IDR,296862,147921,148941
2024,6,IMF,109765,53914,55851
2024,6,ISK,25099,12047,13052
2024,6,IXA,114037,56001,58036
2024,6,IXB,298233,153432,144801
2024,6,IXC,325283,167009,158274
2024,6,IXD,50972,26195,24777
2024,6,IXE,125957,62679,63278
2024,6,IXG,28784,14178,14606
2024,6,IXI,3089,1716,1373
2024,6,IXJ,138205,69195,69010
2024,6,IXK,1143,571,572
2024,6,IXL,119809,60874,58935
2024,6,IXM,87054,43278,43776
2024,6,IXR,209509,102252,107257
2024,6,IXS,35573,18361,17212
2024,6,IXT,243,166,77
2024,6,IXU,55557,26516,29041
2024,6,IXW,559,314,245
2024,6,IXY,3370,1536,1834
2024,6,IXZ,108676,52146,56530
2024,6,JAI,395267,202742,192525
2024,6,JDH,73092,35641,37451
2024,6,JGA,13248,6317,6931
2024,6,JGB,6812,3389,3423
2024,6,JLG,6024,2921,3103
2024,6,JLR,23569,11721,11848
2024,6,JRG,25224,12502,12722
2024,6,JRH,10235,5109,5126
2024,6,KJB,1269,611,658
2024,6,KLH,13040,6296,6744
2024,6,KNU,23313,11746,11567
2024,6,KQH,5675,2636,3039
2024,6,KUU,3902,1251,2651
2024,6,LKO,456987,230885,226102
2024,6,LUH,307,160,147
2024,6,MAA,1282101,628398,653703
2024,6,MAQ,27757,13650,14107
2024,6,MYQ,7191,3226,3965
2024,6,NAG,212240,104583,107657
2024,6,NDC,10810,5418,5392
2024,6,NNS,794,384,410
2024,6,PAB,3580,1909,1671
2024,6,PAT,292046,145019,147027
2024,6,PGH,9462,4552,4910
2024,6,PNQ,835670,406716,428954
2024,6,PYB,727,364,363
2024,6,PYG,1879,902,977
2024,6,RJA,36285,17919,18366
2024,6,RPR,202468,100099,102369
2024,6,RQY,6142,3351,2791
2024,6,RRK,4408,2180,2228
2024,6,SAG,57827,28006,29821
2024,6,SDW,1421,757,664
2024,6,SHL,13424,6219,7205
2024,6,SLV,2425,869,1556
2024,6,STV,130576,63038,67538
2024,6,SXR,446645,221207,225438
2024,6,SXV,11154,5776,5378
2024,6,TCR,20212,9801,10411
2024,6,TEI,17,8,9
2024,6,TEZ,5742,3021,2721
2024,6,TIR,72044,35054,36990
2024,6,TRV,203959,104571,99388
2024,6,TRZ,49374,23969,25405
2024,6,UDR,111639,53914,57725
2024,6,UKE,144,86,58
2024,6,VDY,4773,2545,2228
2024,6,VGA,94624,45921,48703
2024,6,VNS,286094,144605,141489
2024,6,VSV,84,55,29
2024,6,VTZ,220881,107436,113445
2024,7,AGR,11605,5823,5782
2024,7,AGX,3178,1361,1817
2024,7,AIP,2494,1280,1214
2024,7,AJL,44266,23184,21082
2024,7,AMD,832731,409837,422894
2024,7,ATQ,170124,84419,85705
2024,7,AYJ,85884,43707,42177
2024,7,AZH,105,64,41
2024,7,BBI,337728,169050,168678
2024,7,BDQ,91968,46104,45864
2024,7,BEK,9603,4898,4705
2024,7,BHJ,13337,6467,6870
2024,7,BHO,123368,61756,61612
2024,7,BHU,6496,3150,3346
2024,7,BKB,641,304,337
2024,7,BLR,2816730,1386724,1430006
2024,7,BOM,3054539,1531651,1522888
2024,7,BUP,2596,1305,1291
2024,7,CCJ,55732,26762,28970
2024,7,CCU,1515343,775971,739372
2024,7,CDP,3545,2076,1469
2024,7,CJB,244218,120059,124159
2024,7,COH,338,169,169
2024,7,COK,440196,212288,227908
2024,7,CWK,103,44,59
2024,7,DBR,38287,19721,18566
2024,7,DED,135923,68269,67654
2024,7,DEL,4598946,2311250,2287696
2024,7,DEP,19799,10162,9637
2024,7,DGH,42705,22791,19914
2024,7,DHM,16320,7294,9026
2024,7,DIB,73453,36762,36691
2024,7,DIU,3016,1391,1625
2024,7,DMU,28144,14724,13420
2024,7,GAU,517175,263137,254038
2024,7,GAY,18852,9566,9286
2024,7,GBI,3806,1970,1836
2024,7,GDB,2417,1260,1157
2024,7,GOI,475929,242903,233026
2024,7,GOP,63197,32220,30977
2024,7,GOX,320955,162526,158429
2024,7,GWL,31764,15514,16250
2024,7,HBX,26647,13158,13489
2024,7,HDO,7250,3753,3497
2024,7,HGI,13956,7254,6702
2024,7,HJR,1416,763,653
2024,7,HRH,171,100,71
2024,7,HSR,75484,36447,39037
2024,7,HYD,1851535,915166,936369
2024,7,IDR,299088,151343,147745
2024,7,IMF,108973,57250,51723
2024,7,ISK,21489,10555,10934
2024,7,IXA,114250,58143,56107
2024,7,IXB,256010,134414,121596
2024,7,IXC,301615,149493,152122
2024,7,IXD,48193,24914,23279
2024,7,IXE,131914,61840,70074
2024,7,IXG,25008,12666,12342
2024,7,IXI,4460,2462,1998
2024,7,IXJ,129030,64462,64568
2024,7,IXK,398,192,206
2024,7,IXL,114252,58800,55452
2024,7,IXM,89700,43992,45708
2024,7,IXR,209022,108524,100498
2024,7,IXS,40089,20126,19963
2024,7,IXT,378,183,195
2024,7,IXU,53069,26081,26988
2024,7,IXW,642,366,276
2024,7,IXY,4944,2271,2673
2024,7,IXZ,79347,37465,41882
2024,7,JAI,413252,207562,205690
2024,7,JDH,75119,36592,38527
2024,7,JGA,12841,6127,6714
2024,7,JGB,5822,2992,2830
2024,7,JLG,6660,3404,3256
2024,7,JLR,31291,15674,15617
2024,7,JRG,24681,12623,12058
2024,7,JRH,10559,5300,5259
2024,7,KJB,1223,594,629
2024,7,KLH,11157,5468,5689
2024,7,KNU,23691,11829,11862
2024,7,KQH,4782,2057,2725
2024,7,KUU,1839,698,1141
2024,7,LKO,446034,230571,215463
2024,7,LUH,143,75,68
2024,7,MAA,1301642,634356,667286
2024,7,MAQ,28387,12813,15574
2024,7,MYQ,7082,3308,3774
2024,7,NAG,214608,107383,107225
2024,7,NDC,11740,5898,5842
2024,7,NNS,285,163,122
2024,7,PAB,3205,1752,1453
2024,7,PAT,289612,149334,140278
2024,7,PGH,7380,3469,3911
2024,7,PNQ,852242,422425,429817
2024,7,PYB,528,262,266
2024,7,RJA,34481,17279,17202
2024,7,RPR,203472,101859,101613
2024,7,RQY,6198,3284,2914
2024,7,RRK,3915,1918,1997
2024,7,SAG,64598,31906,32692
2024,7,SDW,743,401,342
2024,7,SHL,14214,6461,7753
2024,7,SLV,295,97,198
2024,7,STV,129017,62296,66721
2024,7,SXR,386730,196083,190647
2024,7,SXV,10839,5529,5310
2024,7,TCR,20398,9658,10740
2024,7,TEI,37,27,10
2024,7,TEZ,6557,3282,3275
2024,7,TIR,73114,35769,37345
2024,7,TRV,193662,94761,98901
2024,7,TRZ,48471,23310,25161
2024,7,UDR,118840,58479,60361
2024,7,UKE,161,93,68
2024,7,VDY,4346,2319,2027
2024,7,VGA,99975,49807,50168
2024,7,VNS,284113,147406,136707
2024,7,VSV,86,49,37
2024,7,VTZ,216237,109199,107038
2024,7,ZER,20,8,12
2024,8,AGR,11812,6040,5772
2024,8,AGX,3869,1642,2227
2024,8,AIP,2039,1063,976
2024,8,AJL,36754,18897,17857
2024,8,AMD,862760,430115,432645
2024,8,ATQ,171872,83190,88682
2024,8,AYJ,76478,38528,37950
2024,8,AZH,138,80,58
2024,8,BBI,364857,184298,180559
2024,8,BDQ,95938,48973,46965
2024,8,BEK,10074,5048,5026
2024,8,BHJ,13845,6782,7063
2024,8,BHO,129179,65508,63671
2024,8,BHU,6040,3021,3019
2024,8,BKB,648,323,325
2024,8,BLR,2897294,1447540,1449754
2024,8,BOM,3177785,1554671,1623114
2024,8,BUP,2894,1485,1409
2024,8,CCJ,54651,27638,27013
2024,8,CCU,1459898,739936,719962
2024,8,CDP,3661,2101,1560
2024,8,CJB,249614,127190,122424
2024,8,COH,369,201,168
2024,8,COK,466839,237424,229415
2024,8,CWK,187,104,83
2024,8,DBR,35021,17541,17480
2024,8,DED,132994,65445,67549
2024,8,DEL,4575111,2270546,2304565
2024,8,DEP,19630,10050,9580
2024,8,DGH,37805,19282,18523
2024,8,DHM,14120,6330,7790
2024,8,DIB,61075,30169,30906
2024,8,DIU,7677,3732,3945
2024,8,DMU,25681,13341,12340
2024,8,GAU,467915,236574,231341
2024,8,GAY,18172,9059,9113
2024,8,GBI,3840,1954,1886
2024,8,GDB,2319,1209,1110
2024,8,GOI,515432,255977,259455
2024,8,GOP,62898,31147,31751
2024,8,GOX,349621,171700,177921
2024,8,GWL,31923,15587,16336
2024,8,HBX,29721,15060,14661
2024,8,HDO,6799,3332,3467
2024,8,HGI,14155,7042,7113
2024,8,HJR,792,314,478
2024,8,HRH,274,161,113
2024,8,HSR,80331,39787,40544
2024,8,HYD,1925507,971451,954056
2024,8,IDR,309164,157026,152138
2024,8,IMF,103581,55677,47904
2024,8,ISK,22187,10883,11304
2024,8,IXA,107172,52217,54955
2024,8,IXB,237603,122211,115392
2024,8,IXC,290737,142411,148326
2024,8,IXD,48775,25314,23461
2024,8,IXE,145725,73783,71942
2024,8,IXG,25522,12657,12865
2024,8,IXI,2370,1255,1115
2024,8,IXJ,118464,58182,60282
2024,8,IXK,855,401,454
2024,8,IXL,112613,58899,53714
2024,8,IXM,87424,43380,44044
2024,8,IXR,206811,105735,101076
2024,8,IXS,36368,18451,17917
2024,8,IXT,529,299,230
2024,8,IXU,58802,29618,29184
2024,8,IXW,815,453,362
2024,8,IXY,3031,1481,1550
2024,8,IXZ,85407,41331,44076
2024,8,JAI,417201,208093,209108
2024,8,JDH,76177,37397,38780
2024,8,JGA,13309,6673,6636
2024,8,JGB,6877,3590,3287
2024,8,JLG,7404,3814,3590
2024,8,JLR,30939,15509,15430
2024,8,JRG,24409,12382,12027
2024,8,JRH,9869,4891,4978
2024,8,KJB,1579,763,816
2024,8,KLH,11565,5560,6005
2024,8,KNU,22974,11837,11137
2024,8,KQH,5469,2442,3027
2024,8,KUU,1463,529,934
2024,8,LKO,449787,230506,219281
2024,8,LUH,257,136,121
2024,8,MAA,1346538,677220,669318
2024,8,MAQ,29920,14498,15422
2024,8,MYQ,6727,3126,3601
2024,8,MZS,186,108,78
2024,8,NAG,219266,109813,109453
2024,8,NDC,12864,6558,6306
2024,8,NNS,605,322,283
2024,8,PAB,3584,1987,1597
2024,8,PAT,290195,147168,143027
2024,8,PGH,8686,4122,4564
2024,8,PNQ,847590,422087,425503
2024,8,PYB,785,433,352
2024,8,RJA,36727,18634,18093
2024,8,RPR,208001,104522,103479
2024,8,RQY,3415,1691,1724
2024,8,RRK,4791,2454,2337
2024,8,SAG,62150,30701,31449
2024,8,SDW,1528,713,815
2024,8,SHL,10861,4937,5924
2024,8,SLV,860,314,546
2024,8,STV,130251,63736,66515
2024,8,SXR,294961,152194,142767
2024,8,SXV,10798,5568,5230
2024,8,TCR,18887,9065,9822
2024,8,TEI,16,5,11
2024,8,TEZ,4518,2285,2233
2024,8,TIR,74713,36928,37785
2024,8,TRV,210250,108202,102048
2024,8,TRZ,51674,25276,26398
2024,8,UDR,126016,62328,63688
2024,8,UKE,174,107,67
2024,8,VDY,5004,2657,2347
2024,8,VGA,104718,53689,51029
2024,8,VNS,288786,149493,139293
2024,8,VSV,104,58,46
2024,8,VTZ,243190,123066,120124
2024,8,ZER,13,8,5
2024,9,AGR,11456,5704,5752
2024,9,AGX,10306,4176,6130
2024,9,AIP,1698,881,817
2024,9,AJL,35902,18496,17406
2024,9,AMD,850681,424051,426630
2024,9,ATQ,180860,87561,93299
2024,9,AYJ,84902,41740,43162
2024,9,AZH,162,84,78
2024,9,BBI,357603,176558,181045
2024,9,BDQ,97977,49601,48376
2024,9,BEK,9483,4651,4832
2024,9,BHJ,13785,6750,7035
2024,9,BHO,119224,59718,59506
2024,9,BHU,3852,1928,1924
2024,9,BKB,824,397,427
2024,9,BLR,2901400,1473349,1428051
2024,9,BOM,3171640,1573620,1598020
2024,9,BUP,2549,1323,1226
2024,9,CCJ,55544,28461,27083
2024,9,CCU,1474502,718964,755538
2024,9,CDP,3160,1819,1341
2024,9,CJB,249762,128647,121115
2024,9,COH,412,212,200
2024,9,COK,489579,250376,239203
2024,9,CWK,180,98,82
2024,9,DBR,33593,15678,17915
2024,9,DED,140509,68100,72409
2024,9,DEL,4477266,2236933,2240333
2024,9,DEP,19851,9801,10050
2024,9,DGH,37118,17259,19859
2024,9,DHM,15898,6932,8966
2024,9,DIB,56733,26899,29834
2024,9,DIU,7024,3620,3404
2024,9,DMU,23875,12353,11522
2024,9,GAU,487791,239392,248399
2024,9,GAY,18278,9000,9278
2024,9,GBI,2917,1402,1515
2024,9,GDB,1538,694,844
2024,9,GOI,572426,287238,285188
2024,9,GOP,64911,31252,33659
2024,9,GOX,318316,158978,159338
2024,9,GWL,29335,14098,15237
2024,9,HBX,29524,14869,14655
2024,9,HDO,5343,2620,2723
2024,9,HGI,14721,7093,7628
2024,9,HRH,159,80,79
2024,9,HSR,84997,40426,44571
2024,9,HYD,1895018,957167,937851
2024,9,IDR,305589,155728,149861
2024,9,IMF,96052,51400,44652
2024,9,ISK,28964,14648,14316
2024,9,IXA,112900,53961,58939
2024,9,IXB,236035,114866,121169
2024,9,IXC,284646,139407,145239
2024,9,IXD,43516,21264,22252
2024,9,IXE,134623,68525,66098
2024,9,IXG,24899,12555,12344
2024,9,IXI,2455,1219,1236
2024,9,IXJ,115432,56334,59098
2024,9,IXK,1150,547,603
2024,9,IXL,105983,56133,49850
2024,9,IXM,85410,42757,42653
2024,9,IXR,191251,93102,98149
2024,9,IXS,34715,16568,18147
2024,9,IXT,950,535,415
2024,9,IXU,57425,28803,28622
2024,9,IXW,680,397,283
2024,9,IXY,1960,828,1132
2024,9,IXZ,102659,49150,53509
2024,9,JAI,415054,208306,206748
2024,9,JDH,76196,37307,38889
2024,9,JGA,11917,5539,6378
2024,9,JGB,6595,3333,3262
2024,9,JLG,7045,3613,3432
2024,9,JLR,34267,17177,17090
2024,9,JRG,23881,11722,12159
2024,9,JRH,9189,4380,4809
2024,9,KJB,1438,680,758
2024,9,KLH,11680,5692,5988
2024,9,KNU,22425,11028,11397
2024,9,KQH,6097,2976,3121
2024,9,KUU,2341,796,1545
2024,9,LKO,434209,218326,215883
2024,9,LUH,229,116,113
2024,9,MAA,1331438,682754,648684
2024,9,MAQ,29711,14806,14905
2024,9,MYQ,6393,3028,3365
2024,9,MZS,165,97,68
2024,9,NAG,221943,111612,110331
2024,9,NDC,8515,4306,4209
2024,9,NNS,579,283,296
2024,9,PAB,3111,1748,1363
2024,9,PAT,282542,135452,147090
2024,9,PGH,8439,4052,4387
2024,9,PNQ,830291,419054,411237
2024,9,PYB,961,517,444
2024,9,RJA,32256,16338,15918
2024,9,RPR,202316,101170,101146
2024,9,RQY,6071,3130,2941
2024,9,RRK,3667,1871,1796
2024,9,SAG,51153,25595,25558
2024,9,SDW,3206,1488,1718
2024,9,SHL,9814,4388,5426
2024,9,SLV,1148,416,732
2024,9,STV,129109,63119,65990
2024,9,SXR,279094,136151,142943
2024,9,SXV,10394,5507,4887
2024,9,TCR,16572,8076,8496
2024,9,TEI,16,8,8
2024,9,TEZ,4126,2085,2041
2024,9,TIR,73393,36326,37067
2024,9,TRV,221267,113923,107344
2024,9,TRZ,48360,24662,23698
2024,9,UDR,123087,60823,62264
2024,9,UKE,210,123,87
2024,9,VDY,4585,2425,2160
2024,9,VGA,100232,51306,48926
2024,9,VNS,298072,149714,148358
2024,9,VSV,103,60,43
2024,9,VTZ,217888,110152,107736
2024,9,ZER,4,4,0
2024,10,AGR,13282,6050,7232
2024,10,AGX,11917,5209,6708
2024,10,AIP,3139,1561,1578
2024,10,AJL,40420,20758,19662
2024,10,AMD,888016,456676,431340
2024,10,ATQ,193824,88182,105642
2024,10,AYJ,78741,34758,43983
2024,10,AZH,124,63,61
2024,10,BBI,397380,189474,207906
2024,10,BDQ,99911,51523,48388
2024,10,BEK,9464,4204,5260
2024,10,BHJ,13645,6668,6977
2024,10,BHO,117750,54310,63440
2024,10,BHU,5381,2446,2935
2024,10,BKB,1002,441,561
2024,10,BLR,3040368,1619518,1420850
2024,10,BOM,3124405,1656722,1467683
2024,10,BUP,2558,1194,1364
2024,10,CCJ,52501,26404,26097
2024,10,CCU,1687125,797786,889339
2024,10,CDP,3712,2106,1606
2024,10,CJB,239747,117081,122666
2024,10,COH,368,184,184
2024,10,COK,484345,245042,239303
2024,10,CWK,234,119,115
2024,10,DBR,36572,14320,22252
2024,10,DED,138417,67747,70670
2024,10,DEL,4606612,2258225,2348387
2024,10,DEP,21086,9556,11530
2024,10,DGH,49131,21283,27848
2024,10,DHM,19481,8936,10545
2024,10,DIB,73057,35450,37607
2024,10,DIU,8432,4082,4350
2024,10,DMU,26384,13309,13075
2024,10,GAU,555360,275674,279686
2024,10,GAY,17786,8073,9713
2024,10,GBI,2399,1113,1286
2024,10,GDB,1884,661,1223
2024,10,GOI,565159,290702,274457
2024,10,GOP,68451,30903,37548
2024,10,GOX,329778,169334,160444
2024,10,GWL,28540,11947,16593
2024,10,HBX,31144,15663,15481
2024,10,HDO,8695,4388,4307
2024,10,HGI,16224,8080,8144
2024,10,HJR,3209,1503,1706
2024,10,HRH,168,93,75
2024,10,HSR,88918,43245,45673
2024,10,HYD,2079009,1071588,1007421
2024,10,IDR,300699,143052,157647
2024,10,IMF,110817,54618,56199
2024,10,ISK,32788,16290,16498
2024,10,IXA,122830,60207,62623
2024,10,IXB,279361,133242,146119
2024,10,IXC,321459,149364,172095
2024,10,IXD,48189,21061,27128
2024,10,IXE,144335,72186,72149
2024,10,IXG,26566,13403,13163
2024,10,IXI,1797,930,867
2024,10,IXJ,122318,56518,65800
2024,10,IXK,1134,494,640
2024,10,IXL,83210,50865,32345
2024,10,IXM,79831,37183,42648
2024,10,IXR,216520,98088,118432
2024,10,IXS,43488,21026,22462
2024,10,IXT,577,299,278
2024,10,IXU,61952,30693,31259
2024,10,IXW,692,377,315
2024,10,IXY,3028,1299,1729
2024,10,IXZ,131776,64685,67091
2024,10,JAI,450917,210626,240291
2024,10,JDH,80142,36775,43367
2024,10,JGA,14228,6812,7416
2024,10,JGB,7301,3627,3674
2024,10,JLG,8205,3627,4578
2024,10,JLR,34424,15669,18755
2024,10,JRG,24967,11934,13033
2024,10,JRH,10116,4996,5120
2024,10,JSA,14601,6962,7639
2024,10,KJB,2006,959,1047
2024,10,KLH,12104,5846,6258
2024,10,KNU,26278,11077,15201
2024,10,KQH,6500,2864,3636
2024,10,KUU,3606,1423,2183
2024,10,LKO,458527,201674,256853
2024,10,LUH,176,87,89
2024,10,MAA,1330187,680306,649881
2024,10,MAQ,24546,12118,12428
2024,10,MYQ,7123,3384,3739
2024,10,MZS,152,101,51
2024,10,NAG,230147,108303,121844
2024,10,NDC,12139,5806,6333
2024,10,NNS,842,408,434
2024,10,PAB,4381,2363,2018
2024,10,PAT,301699,127143,174556
2024,10,PGH,9295,4326,4969
2024,10,PNQ,850630,445471,405159
2024,10,PYB,829,407,422
2024,10,RJA,35830,17303,18527
2024,10,RPR,215421,102628,112793
2024,10,RQY,11647,5840,5807
2024,10,RRK,3489,1714,1775
2024,10,RUP,887,499,388
2024,10,SAG,56124,28559,27565
2024,10,SDW,1678,739,939
2024,10,SHL,10965,5090,5875
2024,10,SLV,2987,1222,1765
2024,10,STV,127572,65500,62072
2024,10,SXR,321913,169327,152586
2024,10,SXV,10670,5213,5457
2024,10,TCR,15433,7308,8125
2024,10,TEI,425,216,209
2024,10,TIR,77101,38749,38352
2024,10,TRV,214195,109760,104435
2024,10,TRZ,42799,19774,23025
2024,10,UDR,127314,60644,66670
2024,10,UKE,235,124,111
2024,10,VDY,3691,1884,1807
2024,10,VGA,115779,57118,58661
2024,10,VNS,315869,139197,176672
2024,10,VSV,109,69,40
2024,10,VTZ,257554,123380,134174
2024,10,ZER,9,8,1
2024,11,AGR,14287,7573,6714
2024,11,AGX,10618,4724,5894
2024,11,AIP,3198,1670,1528
2024,11,AJL,40606,19789,20817
2024,11,AMD,987076,486675,500401
2024,11,ATQ,197751,99866,97885
2024,11,AYJ,87876,43735,44141
2024,11,AZH,29,12,17
2024,11,BBI,395370,196325,199045
2024,11,BDQ,112846,55482,57364
2024,11,BEK,10217,5079,5138
2024,11,BHJ,12752,6174,6578
2024,11,BHO,137414,71394,66020
2024,11,BHU,7051,3571,3480
2024,11,BKB,1905,935,970
2024,11,BLR,3003688,1455420,1548268
2024,11,BOM,3335252,1655794,1679458
2024,11,BUP,2688,1356,1332
2024,11,CCJ,57210,29726,27484
2024,11,CCU,1664106,836992,827114
2024,11,CDP,5207,2951,2256
2024,11,CJB,248777,125389,123388
2024,11,COH,496,253,243
2024,11,COK,526327,265949,260378
2024,11,CWK,76,41,35
2024,11,DBR,46492,22795,23697
2024,11,DED,136378,69711,66667
2024,11,DEL,4835683,2472442,2363241
2024,11,DEP,26805,13533,13272
2024,11,DGH,44805,23008,21797
2024,11,DHM,16714,7891,8823
2024,11,DIB,70360,34069,36291
2024,11,DIU,11035,5591,5444
2024,11,DMU,26650,12348,14302
2024,11,GAU,540943,268450,272493
2024,11,GAY,19771,9969,9802
2024,11,GBI,955,476,479
2024,11,GDB,3237,1795,1442
2024,11,GOI,597129,293381,303748
2024,11,GOP,74142,36003,38139
2024,11,GOX,377962,184753,193209
2024,11,GWL,28386,15378,13008
2024,11,HBX,31504,15630,15874
2024,11,HDO,8721,4358,4363
2024,11,HGI,13967,6721,7246
2024,11,HJR,12180,6656,5524
2024,11,HRH,67,33,34
2024,11,HSR,99805,48963,50842
2024,11,HYD,2110660,1048175,1062485
2024,11,IDR,322079,166368,155711
2024,11,IMF,108133,55718,52415
2024,11,ISK,32794,16615,16179
2024,11,IXA,118989,58497,60492
2024,11,IXB,265862,133955,131907
2024,11,IXC,332829,168764,164065
2024,11,IXD,55956,27899,28057
2024,11,IXE,139867,69768,70099
2024,11,IXG,23456,11387,12069
2024,11,IXI,1236,628,608
2024,11,IXJ,130265,63715,66550
2024,11,IXK,3318,1614,1704
2024,11,IXL,63456,33501,29955
2024,11,IXM,89501,44849,44652
2024,11,IXR,234144,118445,115699
2024,11,IXS,43214,21071,22143
2024,11,IXT,940,520,420
2024,11,IXU,64379,32414,31965
2024,11,IXW,780,460,320
2024,11,IXY,4526,2159,2367
2024,11,IXZ,159583,78603,80980
2024,11,JAI,502295,254729,247566
2024,11,JDH,99794,49546,50248
2024,11,JGA,11175,5446,5729
2024,11,JGB,5039,2589,2450
2024,11,JLG,11669,6077,5592
2024,11,JLR,37189,18885,18304
2024,11,JRG,25964,13125,12839
2024,11,JRH,10314,5146,5168
2024,11,JSA,19729,9887,9842
2024,11,KJB,1791,906,885
2024,11,KLH,13389,6654,6735
2024,11,KNU,30402,15497,14905
2024,11,KQH,7962,3860,4102
2024,11,KUU,2699,931,1768
2024,11,LKO,511586,255395,256191
2024,11,LUH,20,6,14
2024,11,MAA,1353263,679997,673266
2024,11,MAQ,26032,12749,13283
2024,11,MYQ,7498,3462,4036
2024,11,MZS,11,11,0
2024,11,NAG,248402,126448,121954
2024,11,NDC,13408,7121,6287
2024,11,NNS,1491,735,756
2024,11,PAB,4161,2275,1886
2024,11,PAT,369039,180492,188547
2024,11,PGH,8460,4190,4270
2024,11,PNQ,888571,439347,449224
2024,11,PYB,1075,557,518
2024,11,REW,89,46,43
2024,11,RJA,35985,18296,17689
2024,11,RPR,232487,120227,112260
2024,11,RQY,12209,6284,5925
2024,11,RRK,3032,1557,1475
2024,11,RUP,2247,1153,1094
2024,11,SAG,67495,32942,34553
2024,11,SDW,621,285,336
2024,11,SHL,9745,4394,5351
2024,11,SLV,2461,985,1476
2024,11,STV,139785,68168,71617
2024,11,SXR,303634,153289,150345
2024,11,SXV,10179,5365,4814
2024,11,TCR,16885,8234,8651
2024,11,TEI,1487,745,742
2024,11,TIR,83453,40551,42902
2024,11,TRV,227961,119358,108603
2024,11,TRZ,45963,23674,22289
2024,11,UDR,154167,76317,77850
2024,11,UKE,256,152,104
2024,11,VDY,3225,1692,1533
2024,11,VGA,119081,60450,58631
2024,11,VNS,379959,190650,189309
2024,11,VSV,14,10,4
2024,11,VTZ,243193,123420,119773
2024,11,ZER,10,5,5
2024,12,AGR,14462,7332,7130
2024,12,AGX,12157,5109,7048
2024,12,AHA,109,47,62
2024,12,AIP,3727,1709,2018
2024,12,AJL,45867,20397,25470
2024,12,AMD,1038976,512550,526426
2024,12,ATQ,222864,113422,109442
2024,12,AYJ,95278,49714,45564
2024,12,BBI,407758,202180,205578
2024,12,BDQ,116863,56207,60656
2024,12,BEK,10527,5347,5180
2024,12,BHJ,15684,7667,8017
2024,12,BHO,148266,74821,73445
2024,12,BHU,7584,3757,3827
2024,12,BKB,549,278,271
2024,12,BLR,3091130,1544163,1546967
2024,12,BOM,3449744,1725994,1723750
2024,12,BUP,2620,1333,1287
2024,12,CCJ,62455,30251,32204
2024,12,CCU,1737662,860137,877525
2024,12,CDP,4569,2354,2215
2024,12,CJB,277843,135286,142557
2024,12,COH,526,263,263
2024,12,COK,549864,263385,286479
2024,12,CWK,16,9,7
2024,12,DBR,58773,30257,28516
2024,12,DED,136027,69701,66326
2024,12,DEL,4947654,2554689,2392965
2024,12,DEP,32705,16567,16138
2024,12,DGH,49902,24458,25444
2024,12,DHM,16074,7422,8652
2024,12,DIB,68072,32884,35188
2024,12,DIU,10427,5195,5232
2024,12,DMU,31841,14879,16962
2024,12,GAU,582138,288285,293853
2024,12,GAY,19976,10621,9355
2024,12,GBI,1604,821,783
2024,12,GDB,2676,1466,1210
2024,12,GOI,698522,341198,357324
2024,12,GOP,86464,43682,42782
2024,12,GOX,367351,179666,187685
2024,12,GWL,31974,16831,15143
2024,12,HBX,33542,16407,17135
2024,12,HDO,9245,4971,4274
2024,12,HGI,14749,6861,7888
2024,12,HJR,10999,5850,5149
2024,12,HRH,24,11,13
2024,12,HSR,103790,50871,52919
2024,12,HYD,2252291,1110245,1142046
2024,12,IDR,348776,174458,174318
2024,12,IMF,113025,54268,58757
2024,12,ISK,31739,15854,15885
2024,12,IXA,127843,63065,64778
2024,12,IXB,268263,133644,134619
2024,12,IXC,354415,177311,177104
2024,12,IXD,57142,29351,27791
2024,12,IXE,146616,71631,74985
2024,12,IXG,27085,12830,14255
2024,12,IXI,1435,707,728
2024,12,IXJ,135215,66053,69162
2024,12,IXK,2264,1025,1239
2024,12,IXL,63220,34224,28996
2024,12,IXM,98918,47110,51808
2024,12,IXR,241906,120762,121144
2024,12,IXS,43598,21202,22396
2024,12,IXT,1288,676,612
2024,12,IXU,63645,30817,32828
2024,12,IXW,936,497,439
2024,12,IXY,4718,2274,2444
2024,12,IXZ,195891,94506,101385
2024,12,JAI,527600,269453,258147
2024,12,JDH,106673,52425,54248
2024,12,JGA,9485,4518,4967
2024,12,JGB,5323,2657,2666
2024,12,JLG,12436,6391,6045
2024,12,JLR,38484,19551,18933
2024,12,JRG,26403,13124,13279
2024,12,JRH,11431,5762,5669
2024,12,JSA,24669,12172,12497
2024,12,KJB,1678,780,898
2024,12,KLH,13341,6614,6727
2024,12,KNU,30639,16090,14549
2024,12,KQH,7966,3679,4287
2024,12,KUU,1602,503,1099
2024,12,LKO,509730,265447,244283
2024,12,MAA,1510938,751856,759082
2024,12,MAQ,38292,17905,20387
2024,12,MYQ,7949,3896,4053
2024,12,NAG,264892,130481,134411
2024,12,NDC,14751,7081,7670
2024,12,NNS,1114,541,573
2024,12,PAB,4410,2275,2135
2024,12,PAT,318676,160372,158304
2024,12,PGH,9001,4500,4501
2024,12,PNQ,938963,466169,472794
2024,12,PNY,3255,1611,1644
2024,12,PYB,1301,650,651
2024,12,REW,224,120,104
2024,12,RJA,50732,23450,27282
2024,12,RPR,239097,118455,120642
2024,12,RQY,14311,7046,7265
2024,12,RRK,3064,1559,1505
2024,12,RUP,1996,982,1014
2024,12,SAG,72024,35347,36677
2024,12,SDW,637,220,417
2024,12,SHL,10091,4713,5378
2024,12,SLV,2077,834,1243
2024,12,STV,148095,71800,76295
2024,12,SXR,321326,163115,158211
2024,12,SXV,10361,5177,5184
2024,12,TCR,18451,8477,9974
2024,12,TEI,3870,1839,2031
2024,12,TIR,100476,48890,51586
2024,12,TRV,248492,122313,126179
2024,12,TRZ,48811,23160,25651
2024,12,UDR,169366,83376,85990
2024,12,UKE,368,205,163
2024,12,VDY,4194,2192,2002
2024,12,VGA,135349,66751,68598
2024,12,VNS,329019,171174,157845
2024,12,VSV,13,8,5
2024,12,VTZ,267293,128786,138507
2024,12,ZER,107,45,62
2025,1,AGR,16332,8136,8196
2025,1,AGX,11829,5229,6600
2025,1,AHA,228,114,114
2025,1,AIP,2748,1431,1317
2025,1,AJL,43376,23954,19422
2025,1,AMD,1072845,541608,531237
2025,1,ATQ,206622,101325,105297
2025,1,AYJ,105571,52666,52905
2025,1,BBI,431746,216294,215452
2025,1,BDQ,118225,58991,59234
2025,1,BEK,9825,4848,4977
2025,1,BHJ,15145,7494,7651
2025,1,BHO,144885,73371,71514
2025,1,BHU,7195,3682,3513
2025,1,BKB,185,83,102
2025,1,BLR,3075406,1525416,1549990
2025,1,BOM,3416689,1718401,1698288
2025,1,BUP,2465,1250,1215
2025,1,CCJ,63386,32176,31210
2025,1,CCU,1691732,840146,851586
2025,1,CDP,5826,3085,2741
2025,1,CJB,272401,137038,135363
2025,1,COH,521,260,261
2025,1,COK,543276,278399,264877
2025,1,DBR,31534,15946,15588
2025,1,DED,123823,60594,63229
2025,1,DEL,4731795,2344515,2387280
2025,1,DEP,31308,15930,15378
2025,1,DGH,47641,23691,23950
2025,1,DHM,13014,6316,6698
2025,1,DIB,63895,31414,32481
2025,1,DIU,10511,5372,5139
2025,1,DMU,34093,19055,15038
2025,1,GAU,555267,279873,275394
2025,1,GAY,18157,8965,9192
2025,1,GBI,1444,812,632
2025,1,GDB,2004,1102,902
2025,1,GOI,673374,344522,328852
2025,1,GOP,93334,46131,47203
2025,1,GOX,393361,201350,192011
2025,1,GWL,24477,12261,12216
2025,1,HBX,31630,15931,15699
2025,1,HDO,7910,3931,3979
2025,1,HGI,14256,7097,7159
2025,1,HJR,10180,5497,4683
2025,1,HSR,107435,53501,53934
2025,1,HYD,2187054,1094368,1092686
2025,1,IDR,354043,178201,175842
2025,1,IMF,108532,54284,54248
2025,1,ISK,31356,15991,15365
2025,1,IXA,118380,57206,61174
2025,1,IXB,252869,127915,124954
2025,1,IXC,326109,160198,165911
2025,1,IXD,122896,59551,63345
2025,1,IXE,151973,76399,75574
2025,1,IXG,26010,13159,12851
2025,1,IXI,1471,766,705
2025,1,IXJ,118439,60131,58308
2025,1,IXK,1826,836,990
2025,1,IXL,56663,31227,25436
2025,1,IXM,106424,52509,53915
2025,1,IXR,232301,116950,115351
2025,1,IXS,39971,19207,20764
2025,1,IXT,1109,642,467
2025,1,IXU,56256,28823,27433
2025,1,IXW,644,361,283
2025,1,IXY,5594,2730,2864
2025,1,IXZ,193494,100785,92709
2025,1,JAI,499103,245734,253369
2025,1,JDH,103429,51520,51909
2025,1,JGA,10318,5060,5258
2025,1,JGB,4050,1936,2114
2025,1,JLG,10044,5219,4825
2025,1,JLR,39015,19659,19356
2025,1,JRG,29934,14874,15060
2025,1,JRH,13421,6695,6726
2025,1,JSA,24998,12655,12343
2025,1,KJB,1953,1002,951
2025,1,KLH,13124,6675,6449
2025,1,KNU,30401,15397,15004
2025,1,KQH,9070,4434,4636
2025,1,KUU,2003,756,1247
2025,1,LKO,500050,248469,251581
2025,1,MAA,1490770,738124,752646
2025,1,MAQ,40438,20516,19922
2025,1,MYQ,8163,3993,4170
2025,1,NAG,254600,128444,126156
2025,1,NDC,13188,6691,6497
2025,1,NNS,878,413,465
2025,1,PAB,3889,2077,1812
2025,1,PAT,301431,148892,152539
2025,1,PGH,7009,3462,3547
2025,1,PNQ,929581,463606,465975
2025,1,PNY,8570,4259,4311
2025,1,PYB,1390,738,652
2025,1,REW,223,116,107
2025,1,RJA,52823,27057,25766
2025,1,RPR,228406,115757,112649
2025,1,RQY,14481,7505,6976
2025,1,RRK,2442,1300,1142
2025,1,RUP,616,342,274
2025,1,SAG,65610,32613,32997
2025,1,SDW,368,141,227
2025,1,SHL,9745,4427,5318
2025,1,SLV,2231,886,1345
2025,1,STV,149658,75403,74255
2025,1,SXR,305197,151480,153717
2025,1,SXV,10925,5640,5285
2025,1,TCR,19776,9772,10004
2025,1,TEI,2214,1019,1195
2025,1,TIR,94180,46254,47926
2025,1,TRV,212955,111219,101736
2025,1,TRZ,49810,23979,25831
2025,1,UDR,165986,84074,81912
2025,1,UKE,305,164,141
2025,1,VDY,3291,1777,1514
2025,1,VGA,126670,65579,61091
2025,1,VNS,317714,158634,159080
2025,1,VTZ,260423,131704,128719
2025,1,ZER,103,60,43
2025,2,AGR,15254,7505,7749
2025,2,AGX,10494,4603,5891
2025,2,AHA,138,84,54
2025,2,AIP,3339,1686,1653
2025,2,AJL,32350,16818,15532
2025,2,AMD,1001242,507533,493709
2025,2,ATQ,216411,104844,111567
2025,2,AYJ,101125,50524,50601
2025,2,BBI,414068,205307,208761
2025,2,BDQ,107783,54611,53172
2025,2,BEK,8956,4490,4466
2025,2,BHJ,20880,10394,10486
2025,2,BHO,144050,72437,71613
2025,2,BHU,5730,2870,2860
2025,2,BKB,2891,1543,1348
2025,2,BLR,2753785,1385015,1368770
2025,2,BOM,3208087,1627794,1580293
2025,2,BUP,2275,1136,1139
2025,2,CCJ,60376,30517,29859
2025,2,CCU,1567866,775994,791872
2025,2,CDP,5304,2915,2389
2025,2,CJB,251495,123594,127901
2025,2,COH,461,229,232
2025,2,COK,458576,231600,226976
2025,2,DBR,39925,19258,20667
2025,2,DED,133757,64898,68859
2025,2,DEL,4759853,2358419,2401434
2025,2,DEP,27466,13624,13842
2025,2,DGH,42212,20253,21959
2025,2,DHM,11592,5608,5984
2025,2,DIB,60850,29664,31186
2025,2,DIU,10101,5105,4996
2025,2,DMU,28107,14774,13333
2025,2,GAU,532595,261749,270846
2025,2,GAY,18894,9509,9385
2025,2,GBI,1236,615,621
2025,2,GDB,2264,1203,1061
2025,2,GOI,599564,303162,296402
2025,2,GOP,87883,42805,45078
2025,2,GOX,339976,172456,167520
2025,2,GWL,26880,13169,13711
2025,2,HBX,30505,15276,15229
2025,2,HDO,8566,4309,4257
2025,2,HGI,11883,5677,6206
2025,2,HJR,9723,5074,4649
2025,2,HSR,92382,46349,46033
2025,2,HYD,2130031,1069305,1060726
2025,2,IDR,346366,173136,173230
2025,2,IMF,103990,53749,50241
2025,2,ISK,30288,15270,15018
2025,2,IXA,109795,54048,55747
2025,2,IXB,240952,117669,123283
2025,2,IXC,329896,161090,168806
2025,2,IXD,463233,229978,233255
2025,2,IXE,140654,69754,70900
2025,2,IXG,25165,12656,12509
2025,2,IXI,1267,658,609
2025,2,IXJ,122045,62002,60043
2025,2,IXK,2251,1030,1221
2025,2,IXL,51110,22855,28255
2025,2,IXM,91378,45184,46194
2025,2,IXR,218377,108151,110226
2025,2,IXS,38266,18563,19703
2025,2,IXT,578,307,271
2025,2,IXU,52660,26700,25960
2025,2,IXW,721,402,319
2025,2,IXY,4181,2099,2082
2025,2,IXZ,150043,75669,74374
2025,2,JAI,496533,244912,251621
2025,2,JDH,96021,47261,48760
2025,2,JGA,9895,4906,4989
2025,2,JGB,3843,1959,1884
2025,2,JLG,7639,3798,3841
2025,2,JLR,36503,18226,18277
2025,2,JRG,27355,13710,13645
2025,2,JRH,10855,5220,5635
2025,2,JSA,23480,11552,11928
2025,2,KJB,1449,717,732
2025,2,KLH,12244,6219,6025
2025,2,KNU,30894,15355,15539
2025,2,KQH,8525,4052,4473
2025,2,KUU,1400,489,911
2025,2,LKO,514602,255513,259089
2025,2,MAA,1379391,700123,679268
2025,2,MAQ,35235,17633,17602
2025,2,MYQ,7324,3509,3815
2025,2,NAG,240755,120720,120035
2025,2,NDC,13485,6802,6683
2025,2,NNS,866,418,448
2025,2,PAB,3970,2084,1886
2025,2,PAT,333858,164136,169722
2025,2,PGH,7481,3735,3746
2025,2,PNQ,835743,419799,415944
2025,2,PNY,7757,3948,3809
2025,2,PYB,1232,617,615
2025,2,REW,186,106,80
2025,2,RJA,45626,23031,22595
2025,2,RPR,224431,112820,111611
2025,2,RQY,11011,5649,5362
2025,2,RRK,2461,1283,1178
2025,2,RUP,194,109,85
2025,2,SAG,54774,27449,27325
2025,2,SHL,7760,3224,4536
2025,2,SLV,2234,888,1346
2025,2,STV,131860,66460,65400
2025,2,SXR,297498,144352,153146
2025,2,SXV,8876,4660,4216
2025,2,TCR,17027,8273,8754
2025,2,TEI,65,36,29
2025,2,TIR,92703,45414,47289
2025,2,TRV,179778,92768,87010
2025,2,TRZ,45347,22759,22588
2025,2,UDR,153589,76968,76621
2025,2,UKE,307,169,138
2025,2,VGA,122404,62752,59652
2025,2,VNS,375751,188156,187595
2025,2,VTZ,240595,120592,120003
2025,2,ZER,71,35,36
2025,3,AGR,17786,8738,9048
2025,3,AGX,11046,4821,6225
2025,3,AHA,147,74,73
2025,3,AIP,3741,1902,1839
2025,3,AJL,40411,20310,20101
2025,3,AMD,1005258,514336,490922
2025,3,ATQ,223526,113518,110008
2025,3,AYJ,121260,58983,62277
2025,3,BBI,442689,218986,223703
2025,3,BDQ,106497,54880,51617
2025,3,BEK,10174,5040,5134
2025,3,BHJ,22865,11359,11506
2025,3,BHO,148094,73327,74767
2025,3,BHU,6264,3239,3025
2025,3,BKB,3303,1742,1561
2025,3,BLR,3045069,1530335,1514734
2025,3,BOM,3249384,1631482,1617902
2025,3,BUP,2265,1134,1131
2025,3,CCJ,60000,30087,29913
2025,3,CCU,1695577,827946,867631
2025,3,CDP,5452,2939,2513
2025,3,CJB,266020,134004,132016
2025,3,COH,528,261,267
2025,3,COK,462206,232284,229922
2025,3,DBR,69031,32563,36468
2025,3,DED,155055,77044,78011
2025,3,DEL,4898530,2478215,2420315
2025,3,DEP,28922,14225,14697
2025,3,DGH,47760,22827,24933
2025,3,DHM,17272,7882,9390
2025,3,DIB,69160,33811,35349
2025,3,DIU,9076,4812,4264
2025,3,DMU,32048,15943,16105
2025,3,GAU,593791,294009,299782
2025,3,GAY,20401,10175,10226
2025,3,GBI,1442,721,721
2025,3,GDB,2632,1415,1217
2025,3,GOI,604013,309843,294170
2025,3,GOP,106523,51360,55163
2025,3,GOX,380088,190641,189447
2025,3,GWL,27552,13518,14034
2025,3,HBX,31310,15687,15623
2025,3,HDO,49099,24646,24453
2025,3,HGI,13673,6561,7112
2025,3,HJR,10399,5794,4605
2025,3,HSR,95018,47739,47279
2025,3,HYD,2149920,1073593,1076327
2025,3,IDR,360531,181106,179425
2025,3,IMF,121333,59155,62178
2025,3,ISK,34080,17242,16838
2025,3,IXA,122144,60517,61627
2025,3,IXB,278753,136622,142131
2025,3,IXC,369839,184949,184890
2025,3,IXD,56014,27666,28348
2025,3,IXE,150089,75226,74863
2025,3,IXG,26042,12956,13086
2025,3,IXI,1558,822,736
2025,3,IXJ,143673,72458,71215
2025,3,IXK,1217,503,714
2025,3,IXL,67129,27006,40123
2025,3,IXM,97539,47362,50177
2025,3,IXR,236815,114444,122371
2025,3,IXS,42055,20238,21817
2025,3,IXT,69,39,30
2025,3,IXU,57110,28793,28317
2025,3,IXW,812,458,354
2025,3,IXY,3667,1783,1884
2025,3,IXZ,161143,81715,79428
2025,3,JAI,474073,238556,235517
2025,3,JDH,95402,46685,48717
2025,3,JGA,10098,4997,5101
2025,3,JGB,5083,2536,2547
2025,3,JLG,7239,3530,3709
2025,3,JLR,40120,20290,19830
2025,3,JRG,38176,19093,19083
2025,3,JRH,12694,6073,6621
2025,3,JSA,9225,4615,4610
2025,3,KJB,1653,808,845
2025,3,KLH,13549,6415,7134
2025,3,KNU,31891,15792,16099
2025,3,KQH,9859,4746,5113
2025,3,KUU,2233,791,1442
2025,3,LKO,432749,211573,221176
2025,3,LUH,113,42,71
2025,3,MAA,1425035,719447,705588
2025,3,MAQ,32709,15668,17041
2025,3,MYQ,7491,3476,4015
2025,3,NAG,236116,116569,119547
2025,3,NDC,14768,7458,7310
2025,3,NNS,1182,538,644
2025,3,PAB,4289,2297,1992
2025,3,PAT,378500,181264,197236
2025,3,PBD,55,17,38
2025,3,PGH,8040,3959,4081
2025,3,PNQ,906256,453345,452911
2025,3,PNY,8372,4189,4183
2025,3,PYB,1363,700,663
2025,3,REW,163,89,74
2025,3,RJA,48480,23802,24678
2025,3,RPR,234245,117829,116416
2025,3,RQY,12396,6229,6167
2025,3,RRK,2435,1329,1106
2025,3,RUP,763,362,401
2025,3,SAG,67493,33577,33916
2025,3,SHL,8093,3471,4622
2025,3,SLV,2481,988,1493
2025,3,STV,138158,68241,69917
2025,3,SXR,354177,168760,185417
2025,3,SXV,10721,5635,5086
2025,3,TCR,19939,9382,10557
2025,3,TEI,80,40,40
2025,3,TIR,108227,53001,55226
2025,3,TRV,188896,97067,91829
2025,3,TRZ,53429,25850,27579
2025,3,UDR,147219,73639,73580
2025,3,UKE,289,157,132
2025,3,VDY,1857,963,894
2025,3,VGA,123161,62727,60434
2025,3,VNS,409759,204634,205125
2025,3,VTZ,248649,122611,126038
2025,3,ZER,32,19,13
2025,4,AGR,21685,10361,11324
2025,4,AGX,11549,4969,6580
2025,4,AHA,204,106,98
2025,4,AIP,3264,1621,1643
2025,4,AJL,37279,18094,19185
2025,4,AMD,983585,489528,494057
2025,4,ATQ,184709,93308,91401
2025,4,AVR,544,259,285
2025,4,AYJ,108504,52291,56213
2025,4,BBI,448002,216602,231400
2025,4,BDQ,102552,52881,49671
2025,4,BEK,10103,4954,5149
2025,4,BHJ,22929,11163,11766
2025,4,BHO,128927,63510,65417
2025,4,BHU,6570,3080,3490
2025,4,BKB,4183,1970,2213
2025,4,BLR,3115810,1593267,1522543
2025,4,BOM,3193657,1634934,1558723
2025,4,BUP,1686,818,868
2025,4,CCJ,76282,38155,38127
2025,4,CCU,1611364,789373,821991
2025,4,CDP,5581,3150,2431
2025,4,CJB,282452,142079,140373
2025,4,COH,517,253,264
2025,4,COK,514878,255137,259741
2025,4,DBR,59467,28626,30841
2025,4,DED,185445,87078,98367
2025,4,DEL,4680387,2330050,2350337
2025,4,DEP,36016,17352,18664
2025,4,DGH,46027,21392,24635
2025,4,DHM,20553,9060,11493
2025,4,DIB,68886,32951,35935
2025,4,DIU,8669,4434,4235
2025,4,DMU,32135,15612,16523
2025,4,GAU,582561,286956,295605
2025,4,GAY,18839,9251,9588
2025,4,GBI,2189,1070,1119
2025,4,GDB,3224,1686,1538
2025,4,GOI,520806,261806,259000
2025,4,GOP,102867,49520,53347
2025,4,GOX,344289,175239,169050
2025,4,GWL,29297,13900,15397
2025,4,HBX,33295,16854,16441
2025,4,HDO,64585,32030,32555
2025,4,HGI,15661,7639,8022
2025,4,HSR,93797,44693,49104
2025,4,HSS,716,437,279
2025,4,HYD,2203262,1117985,1085277
2025,4,IDR,354985,175138,179847
2025,4,IMF,113594,58764,54830
2025,4,ISK,36055,18286,17769
2025,4,IXA,136590,64574,72016
2025,4,IXB,303463,148214,155249
2025,4,IXC,365978,178998,186980
2025,4,IXD,48824,23553,25271
2025,4,IXE,156083,76559,79524
2025,4,IXG,25536,13093,12443
2025,4,IXI,1281,616,665
2025,4,IXJ,150219,75871,74348
2025,4,IXK,610,282,328
2025,4,IXL,98804,45118,53686
2025,4,IXM,95310,46807,48503
2025,4,IXR,241477,115620,125857
2025,4,IXS,37404,18781,18623
2025,4,IXT,9,5,4
2025,4,IXU,53330,27280,26050
2025,4,IXW,767,424,343
2025,4,IXX,1402,704,698
2025,4,IXY,2511,1125,1386
2025,4,IXZ,131687,69609,62078
2025,4,JAI,340301,168301,172000
2025,4,JDH,75009,35316,39693
2025,4,JGA,9440,4579,4861
2025,4,JGB,5666,2753,2913
2025,4,JLG,10785,5196,5589
2025,4,JLR,44712,21563,23149
2025,4,JRG,39852,19334,20518
2025,4,JRH,10585,5277,5308
2025,4,KJB,1674,848,826
2025,4,KLH,12858,5881,6977
2025,4,KNU,35390,16892,18498
2025,4,KQH,9500,4392,5108
2025,4,KUU,2771,1014,1757
2025,4,LKO,428446,201647,226799
2025,4,LUH,189,102,87
2025,4,MAA,1442338,733526,708812
2025,4,MAQ,43999,20866,23133
2025,4,MYQ,7361,3452,3909
2025,4,NAG,224441,110747,113694
2025,4,NDC,14160,7228,6932
2025,4,NNS,1188,543,645
2025,4,PAB,3987,2119,1868
2025,4,PAT,383466,178725,204741
2025,4,PBD,752,351,401
2025,4,PGH,7061,3452,3609
2025,4,PNQ,911355,464772,446583
2025,4,PNY,7872,3946,3926
2025,4,PYB,1262,646,616
2025,4,REW,185,80,105
2025,4,RJA,48569,24175,24394
2025,4,RPR,241221,119729,121492
2025,4,RQY,14111,7638,6473
2025,4,RRK,3046,1579,1467
2025,4,RUP,361,225,136
2025,4,SAG,63512,32484,31028
2025,4,SDW,906,392,514
2025,4,SHL,7521,3157,4364
2025,4,SLV,2366,906,1460
2025,4,STV,133647,65902,67745
2025,4,SXR,442502,232443,210059
2025,4,SXV,10828,5606,5222
2025,4,TCR,23598,11121,12477
2025,4,TEI,953,435,518
2025,4,TIR,102731,51055,51676
2025,4,TRV,209381,105104,104277
2025,4,TRZ,66307,32201,34106
2025,4,UDR,114591,55279,59312
2025,4,UKE,340,186,154
2025,4,VDY,1690,866,824
2025,4,VGA,103908,54046,49862
2025,4,VNS,337399,162182,175217
2025,4,VTZ,237504,117488,120016
2025,4,ZER,71,36,35
2025,5,AGR,22039,11760,10279
2025,5,AGX,10504,4622,5882
2025,5,AHA,485,224,261
2025,5,AIP,2401,1167,1234
2025,5,AJL,36081,17562,18519
2025,5,AMD,981920,514209,467711
2025,5,ATQ,94700,48858,45842
2025,5,AVR,939,460,479
2025,5,AYJ,97392,48945,48447
2025,5,BBI,456829,229365,227464
2025,5,BDQ,104538,55408,49130
2025,5,BEK,10493,5280,5213
2025,5,BHJ,18113,9255,8858
2025,5,BHO,132165,66712,65453
2025,5,BHU,5080,2679,2401
2025,5,BKB,2786,1416,1370
2025,5,BLR,3187463,1526187,1661276
2025,5,BOM,3178186,1621909,1556277
2025,5,BUP,873,430,443
2025,5,CCJ,74209,35737,38472
2025,5,CCU,1564699,760295,804404
2025,5,CDP,6165,3095,3070
2025,5,CJB,299871,145960,153911
2025,5,COH,517,257,260
2025,5,COK,541501,260753,280748
2025,5,DBR,66293,32544,33749
2025,5,DED,198200,99244,98956
2025,5,DEL,4384693,2287081,2097612
2025,5,DEP,36771,18153,18618
2025,5,DGH,50607,24514,26093
2025,5,DHM,13495,5677,7818
2025,5,DIB,65485,31140,34345
2025,5,DIU,9734,4630,5104
2025,5,DMU,31389,15006,16383
2025,5,DPP,24,15,9
2025,5,GAU,580077,285461,294616
2025,5,GAY,18666,9296,9370
2025,5,GBI,3681,2464,1217
2025,5,GDB,3109,1772,1337
2025,5,GOI,502143,247141,255002
2025,5,GOP,105304,51834,53470
2025,5,GOX,411890,203275,208615
2025,5,GWL,24937,12816,12121
2025,5,HBX,30985,14744,16241
2025,5,HDO,48821,26254,22567
2025,5,HGI,15476,7290,8186
2025,5,HJR,14,7,7
2025,5,HSR,69716,35684,34032
2025,5,HSS,642,391,251
2025,5,HYD,2317811,1146834,1170977
2025,5,IDR,354686,183156,171530
2025,5,IMF,111089,52343,58746
2025,5,ISK,37536,18882,18654
2025,5,IXA,137655,67616,70039
2025,5,IXB,349637,169944,179693
2025,5,IXC,236189,115673,120516
2025,5,IXD,55900,27508,28392
2025,5,IXE,161646,80843,80803
2025,5,IXG,27435,13740,13695
2025,5,IXI,1086,555,531
2025,5,IXJ,68561,34879,33682
2025,5,IXK,315,151,164
2025,5,IXL,67961,30096,37865
2025,5,IXM,101723,48207,53516
2025,5,IXR,252263,125022,127241
2025,5,IXS,36461,18343,18118
2025,5,IXT,19,7,12
2025,5,IXU,52672,26580,26092
2025,5,IXW,709,386,323
2025,5,IXX,2343,1216,1127
2025,5,IXY,1278,653,625
2025,5,IXZ,136925,72143,64782
2025,5,JAI,336746,178261,158485
2025,5,JDH,53963,28146,25817
2025,5,JGA,6116,2931,3185
2025,5,JGB,5516,2681,2835
2025,5,JLG,12146,6008,6138
2025,5,JLR,46718,23677,23041
2025,5,JRG,40498,19956,20542
2025,5,JRH,10078,4919,5159
2025,5,KJB,1946,951,995
2025,5,KLH,15622,7620,8002
2025,5,KNU,34947,18101,16846
2025,5,KQH,8398,4116,4282
2025,5,KUU,1428,473,955
2025,5,LKO,406883,204373,202510
2025,5,LUH,97,50,47
2025,5,MAA,1478388,728796,749592
2025,5,MAQ,46513,21025,25488
2025,5,MYQ,7437,3401,4036
2025,5,NAG,240809,120877,119932
2025,5,NDC,15190,7257,7933
2025,5,NNS,1518,635,883
2025,5,PAB,3853,2038,1815
2025,5,PAT,401057,195423,205634
2025,5,PBD,740,366,374
2025,5,PGH,7574,3526,4048
2025,5,PNQ,912397,455862,456535
2025,5,PNY,8072,4106,3966
2025,5,PYB,1255,628,627
2025,5,REW,328,158,170
2025,5,RJA,54404,26901,27503
2025,5,RPR,260235,132196,128039
2025,5,RQY,14106,7288,6818
2025,5,RRK,2190,1084,1106
2025,5,RUP,330,191,139
2025,5,SAG,59458,30958,28500
2025,5,SDW,1977,919,1058
2025,5,SHL,7349,3016,4333
2025,5,SLV,1415,530,885
2025,5,STV,144582,75064,69518
2025,5,SXR,143404,63953,79451
2025,5,SXV,11610,5918,5692
2025,5,TCR,28456,13248,15208
2025,5,TEI,750,394,356
2025,5,TIR,104889,50911,53978
2025,5,TRV,223913,108139,115774
2025,5,TRZ,74000,34748,39252
2025,5,UDR,104721,53401,51320
2025,5,UKE,466,265,201
2025,5,VDY,639,295,344
2025,5,VGA,106721,53898,52823
2025,5,VNS,381704,190782,190922
2025,5,VTZ,262049,130590,131459
2025,5,ZER,46,19,27
2025,6,AGR,20187,10400,9787
2025,6,AGX,6103,2853,3250
2025,6,AHA,139,76,63
2025,6,AIP,3038,1546,1492
2025,6,AJL,34106,17303,16803
2025,6,AMD,885053,426797,458256
2025,6,ATQ,144275,77595,66680
2025,6,AVR,667,338,329
2025,6,AYJ,81140,42107,39033
2025,6,BBI,419083,205595,213488
2025,6,BDQ,98892,47110,51782
2025,6,BEK,10030,4971,5059
2025,6,BHJ,21112,10126,10986
2025,6,BHO,129058,64800,64258
2025,6,BHU,1779,885,894
2025,6,BKB,3663,1665,1998
2025,6,BLR,3031432,1494153,1537279
2025,6,BOM,3094917,1537521,1557396
2025,6,BUP,1791,840,951
2025,6,CCJ,57302,28821,28481
2025,6,CCU,1520358,762951,757407
2025,6,CDP,5638,3002,2636
2025,6,CJB,275006,137222,137784
2025,6,COH,478,255,223
2025,6,COK,468583,236949,231634
2025,6,DBR,59215,30126,29089
2025,6,DED,195542,103128,92414
2025,6,DEL,4341903,2237047,2104856
2025,6,DEP,32544,16372,16172
2025,6,DGH,49212,25059,24153
2025,6,DHM,15564,6605,8959
2025,6,DIB,59179,29403,29776
2025,6,DIU,9309,4677,4632
2025,6,DMU,29618,14931,14687
2025,6,DPP,227,141,86
2025,6,GAU,550688,285450,265238
2025,6,GAY,17730,9370,8360
2025,6,GBI,2275,1140,1135
2025,6,GDB,3101,1780,1321
2025,6,GOI,485788,248132,237656
2025,6,GOP,99988,51363,48625
2025,6,GOX,394176,199479,194697
2025,6,GWL,25117,12937,12180
2025,6,HBX,28278,13726,14552
2025,6,HDO,76806,41030,35776
2025,6,HGI,13545,6660,6885
2025,6,HJR,75,16,59
2025,6,HSR,89542,43168,46374
2025,6,HSS,1396,771,625
2025,6,HYD,2169044,1050680,1118364
2025,6,IDR,359930,176869,183061
2025,6,IMF,104345,51863,52482
2025,6,ISK,31928,15672,16256
2025,6,IXA,127040,60944,66096
2025,6,IXB,309776,163696,146080
2025,6,IXC,345573,179865,165708
2025,6,IXD,52071,27398,24673
2025,6,IXE,139945,69755,70190
2025,6,IXG,22597,11253,11344
2025,6,IXI,872,512,360
2025,6,IXJ,93283,48258,45025
2025,6,IXK,339,149,190
2025,6,IXL,99474,49977,49497
2025,6,IXM,99509,49202,50307
2025,6,IXR,230219,115647,114572
2025,6,IXS,31261,15978,15283
2025,6,IXT,11,5,6
2025,6,IXU,52311,25224,27087
2025,6,IXW,673,390,283
2025,6,IXX,2362,1186,1176
2025,6,IXY,1375,590,785
2025,6,IXZ,122480,59985,62495
2025,6,JAI,348713,173854,174859
2025,6,JDH,69896,34027,35869
2025,6,JGA,6816,3054,3762
2025,6,JGB,4990,2324,2666
2025,6,JLG,10040,5039,5001
2025,6,JLR,43208,22291,20917
2025,6,JRG,36637,18175,18462
2025,6,JRH,9031,4518,4513
2025,6,KJB,1613,823,790
2025,6,KLH,15910,7759,8151
2025,6,KNU,33341,17577,15764
2025,6,KQH,10378,5227,5151
2025,6,KUU,2401,841,1560
2025,6,LKO,405192,210805,194387
2025,6,LUH,96,49,47
2025,6,MAA,1403667,675995,727672
2025,6,MAQ,37596,17336,20260
2025,6,MYQ,7232,3431,3801
2025,6,NAG,226254,110901,115353
2025,6,NDC,13976,7018,6958
2025,6,NNS,939,432,507
2025,6,PAB,3858,1948,1910
2025,6,PAT,385688,200439,185249
2025,6,PBD,603,290,313
2025,6,PGH,5549,2521,3028
2025,6,PNQ,896146,439664,456482
2025,6,PNY,7943,3764,4179
2025,6,PYB,1233,640,593
2025,6,REW,194,99,95
2025,6,RJA,47075,22893,24182
2025,6,RPR,242280,120515,121765
2025,6,RQY,11889,6278,5611
2025,6,RRK,2355,1217,1138
2025,6,RUP,494,287,207
2025,6,SAG,48424,24328,24096
2025,6,SDW,2568,1172,1396
2025,6,SHL,7746,3488,4258
2025,6,SLV,1347,546,801
2025,6,SSE,1027,554,473
2025,6,STV,126744,61156,65588
2025,6,SXR,218577,101017,117560
2025,6,SXV,10697,5661,5036
2025,6,TCR,23948,11876,12072
2025,6,TEI,773,399,374
2025,6,TIR,101210,49796,51414
2025,6,TRV,177188,90836,86352
2025,6,TRZ,75822,37441,38381
2025,6,UDR,105885,51914,53971
2025,6,UKE,435,231,204
2025,6,VDY,688,382,306
2025,6,VGA,110988,54745,56243
2025,6,VNS,369797,194212,175585
2025,6,VTZ,240394,118996,121398
2025,6,ZER,67,41,26
2025,7,AGR,16717,8373,8344
2025,7,AGX,4585,2131,2454
2025,7,AIP,7442,3856,3586
2025,7,AJL,32643,17181,15462
2025,7,AMD,801329,388936,412393
2025,7,ATQ,136106,66783,69323
2025,7,AVR,780,411,369
2025,7,AYJ,55929,29468,26461
2025,7,BBI,350598,180940,169658
2025,7,BDQ,86634,42681,43953
2025,7,BEK,10033,5159,4874
2025,7,BHJ,16202,8026,8176
2025,7,BHO,110196,54422,55774
2025,7,BKB,3748,1770,1978
2025,7,BLR,2820540,1399193,1421347
2025,7,BOM,3013423,1514488,1498935
2025,7,BUP,1497,703,794
2025,7,CCJ,62066,29477,32589
2025,7,CCU,1422807,731401,691406
2025,7,CDP,5694,3039,2655
2025,7,CJB,246601,121774,124827
2025,7,COH,337,184,153
2025,7,COK,424774,203089,221685
2025,7,DBR,63892,33578,30314
2025,7,DED,130843,64508,66335
2025,7,DEL,4043459,2034555,2008904
2025,7,DEP,26620,14544,12076
2025,7,DGH,36689,20310,16379
2025,7,DHM,9315,4177,5138
2025,7,DIB,67869,34925,32944
2025,7,DIU,9011,4415,4596
2025,7,DMU,29914,15835,14079
2025,7,DPP,165,110,55
2025,7,GAU,543499,280179,263320
2025,7,GAY,15863,7926,7937
2025,7,GBI,2108,980,1128
2025,7,GDB,1332,814,518
2025,7,GOI,404724,203075,201649
2025,7,GOP,90192,45407,44785
2025,7,GOX,336267,167884,168383
2025,7,GWL,18850,8940,9910
2025,7,HBX,24768,11731,13037
2025,7,HDO,107797,52556,55241
2025,7,HGI,15608,7995,7613
2025,7,HJR,50,7,43
2025,7,HSR,85310,41033,44277
2025,7,HSS,688,393,295
2025,7,HYD,1954248,964016,990232
2025,7,IDR,341492,171062,170430
2025,7,IMF,100396,52631,47765
2025,7,ISK,26823,13287,13536
2025,7,IXA,127737,66657,61080
2025,7,IXB,236438,124602,111836
2025,7,IXC,285523,139808,145715
2025,7,IXD,40651,20226,20425
2025,7,IXE,140310,65020,75290
2025,7,IXG,18434,9338,9096
2025,7,IXI,695,399,296
2025,7,IXJ,112814,56735,56079
2025,7,IXL,98177,50401,47776
2025,7,IXM,90175,44493,45682
2025,7,IXR,200308,104073,96235
2025,7,IXS,33033,16570,16463
2025,7,IXU,47580,23146,24434
2025,7,IXW,565,319,246
2025,7,IXX,2284,1174,1110
2025,7,IXY,2240,1030,1210
2025,7,IXZ,78957,37165,41792
2025,7,JAI,364557,179705,184852
2025,7,JDH,62320,29842,32478
2025,7,JGA,7613,3449,4164
2025,7,JGB,4444,2254,2190
2025,7,JLG,8786,4294,4492
2025,7,JLR,34575,17714,16861
2025,7,JRG,26480,13724,12756
2025,7,JRH,9878,5006,4872
2025,7,KJB,1731,938,793
2025,7,KLH,15583,7489,8094
2025,7,KNU,22590,11426,11164
2025,7,KQH,9466,4591,4875
2025,7,KUU,957,410,547
2025,7,LKO,352121,182992,169129
2025,7,LUH,27,19,8
2025,7,MAA,1335027,659252,675775
2025,7,MAQ,33443,14514,18929
2025,7,MYQ,5558,2654,2904
2025,7,NAG,207896,103096,104800
2025,7,NDC,14839,7581,7258
2025,7,NNS,778,405,373
2025,7,PAB,2797,1470,1327
2025,7,PAT,323927,167314,156613
2025,7,PBD,643,301,342
2025,7,PGH,3678,1741,1937
2025,7,PNQ,873229,431249,441980
2025,7,PNY,8408,4019,4389
2025,7,PYB,1091,577,514
2025,7,REW,252,136,116
2025,7,RJA,43429,21278,22151
2025,7,RPR,202814,103249,99565
2025,7,RQY,12641,6406,6235
2025,7,RRK,499,250,249
2025,7,RUP,758,414,344
2025,7,SAG,52378,26427,25951
2025,7,SDW,4885,2276,2609
2025,7,SHL,5545,2460,3085
2025,7,SLV,814,328,486
2025,7,SSE,1315,692,623
2025,7,STV,115129,55314,59815
2025,7,SXR,277947,138361,139586
2025,7,SXV,8807,4575,4232
2025,7,TCR,26314,12648,13666
2025,7,TEI,418,220,198
2025,7,TIR,116527,56976,59551
2025,7,TRV,169586,80758,88828
2025,7,TRZ,73972,35872,38100
2025,7,UDR,98827,48529,50298
2025,7,UKE,328,158,170
2025,7,VDY,581,326,255
2025,7,VGA,106026,52349,53677
2025,7,VNS,308505,159046,149459
2025,7,VTZ,215442,106705,108737
2025,7,ZER,49,19,30
2025,8,AGR,17065,8504,8561
2025,8,AGX,7190,3231,3959
2025,8,AIP,7956,4152,3804
2025,8,AJL,33510,17237,16273
2025,8,AMD,857037,423623,433414
2025,8,ATQ,138864,69256,69608
2025,8,AVR,479,236,243
2025,8,AYJ,53471,26527,26944
2025,8,BBI,372719,186517,186202
2025,8,BDQ,94508,46829,47679
2025,8,BEK,9824,4912,4912
2025,8,BHJ,17982,8881,9101
2025,8,BHO,111213,55534,55679
2025,8,BKB,4062,1990,2072
2025,8,BLR,2880830,1446360,1434470
2025,8,BOM,3147410,1565427,1581983
2025,8,BUP,1036,497,539
2025,8,CCJ,68917,35289,33628
2025,8,CCU,1405521,703992,701529
2025,8,CDP,5682,3028,2654
2025,8,CJB,241689,121218,120471
2025,8,COH,425,216,209
2025,8,COK,470482,236961,233521
2025,8,DBR,65610,33242,32368
2025,8,DED,126140,61960,64180
2025,8,DEL,4141640,2074335,2067305
2025,8,DEP,26792,13865,12927
2025,8,DGH,35957,18895,17062
2025,8,DHM,7447,3313,4134
2025,8,DIB,64328,32065,32263
2025,8,DIU,9437,4530,4907
2025,8,DMU,29049,15247,13802
2025,8,DPP,298,164,134
2025,8,GAU,505226,254873,250353
2025,8,GAY,16283,8023,8260
2025,8,GBI,2113,1008,1105
2025,8,GDB,1300,686,614
2025,8,GOI,439450,215918,223532
2025,8,GOP,92642,45144,47498
2025,8,GOX,357494,175837,181657
2025,8,GWL,21797,10736,11061
2025,8,HBX,25896,12724,13172
2025,8,HDO,158506,78801,79705
2025,8,HGI,14706,7447,7259
2025,8,HJR,158,76,82
2025,8,HSR,89327,43529,45798
2025,8,HSS,849,498,351
2025,8,HYD,1976604,990912,985692
2025,8,IDR,344638,171870,172768
2025,8,IMF,101602,53400,48202
2025,8,ISK,25727,12387,13340
2025,8,IXA,121467,60590,60877
2025,8,IXB,244581,123672,120909
2025,8,IXC,288547,142774,145773
2025,8,IXD,39600,19605,19995
2025,8,IXE,152618,76866,75752
2025,8,IXG,18372,9204,9168
2025,8,IXI,337,151,186
2025,8,IXJ,104217,51241,52976
2025,8,IXL,88687,45585,43102
2025,8,IXM,92123,45388,46735
2025,8,IXR,206918,105325,101593
2025,8,IXS,30206,15221,14985
2025,8,IXU,49052,23989,25063
2025,8,IXW,670,392,278
2025,8,IXX,2374,1139,1235
2025,8,IXY,2252,1083,1169
2025,8,IXZ,91753,44059,47694
2025,8,JAI,380796,188359,192437
2025,8,JDH,64008,30771,33237
2025,8,JGA,9555,4439,5116
2025,8,JGB,5431,2725,2706
2025,8,JLG,10194,4997,5197
2025,8,JLR,38770,19791,18979
2025,8,JRG,29800,14980,14820
2025,8,JRH,9373,4496,4877
2025,8,KJB,1768,883,885
2025,8,KLH,13404,6312,7092
2025,8,KNU,21842,11396,10446
2025,8,KQH,11150,5638,5512
2025,8,KUU,363,176,187
2025,8,LKO,375097,188991,186106
2025,8,LUH,65,22,43
2025,8,MAA,1344525,677917,666608
2025,8,MAQ,37874,17342,20532
2025,8,MYQ,5363,2513,2850
2025,8,NAG,222168,109347,112821
2025,8,NDC,9942,5063,4879
2025,8,NNS,571,297,274
2025,8,PAB,3492,1882,1610
2025,8,PAT,327378,162298,165080
2025,8,PBD,623,285,338
2025,8,PGH,3489,1627,1862
2025,8,PNQ,896826,446249,450577
2025,8,PNY,7777,3739,4038
2025,8,PYB,1059,576,483
2025,8,REW,278,144,134
2025,8,RJA,45042,23255,21787
2025,8,RPR,212374,106698,105676
2025,8,RQY,14410,7178,7232
2025,8,RUP,301,166,135
2025,8,SAG,50750,25594,25156
2025,8,SDW,5529,2391,3138
2025,8,SHL,6010,2602,3408
2025,8,SLV,282,98,184
2025,8,SSE,1549,806,743
2025,8,STV,129697,63904,65793
2025,8,SXR,239120,123635,115485
2025,8,SXV,8848,4557,4291
2025,8,TCR,29240,14516,14724
2025,8,TEI,172,90,82
2025,8,TIR,116144,57366,58778
2025,8,TRV,186039,93125,92914
2025,8,TRZ,77002,37124,39878
2025,8,UDR,104956,52056,52900
2025,8,UKE,365,167,198
2025,8,VDY,409,202,207
2025,8,VGA,112488,58645,53843
2025,8,VNS,318902,161431,157471
2025,8,VTZ,241930,121549,120381
2025,8,ZER,72,41,31
2025,9,AGR,13787,6597,7190
2025,9,AGX,10128,4488,5640
2025,9,AIP,7554,3652,3902
2025,9,AJL,31105,15542,15563
2025,9,AMD,821644,396810,424834
2025,9,ATQ,129069,61523,67546
2025,9,AVR,623,311,312
2025,9,AYJ,55724,26723,29001
2025,9,BBI,363770,178064,185706
2025,9,BDQ,91220,44543,46677
2025,9,BEK,9104,4174,4930
2025,9,BHJ,17788,8757,9031
2025,9,BHO,102365,50188,52177
2025,9,BKB,4329,2092,2237
2025,9,BLR,2822088,1484682,1337406
2025,9,BOM,3077577,1542913,1534664
2025,9,BUP,960,487,473
2025,9,CCJ,80238,43267,36971
2025,9,CCU,1393960,670682,723278
2025,9,CDP,5199,2757,2442
2025,9,CJB,242741,124370,118371
2025,9,COH,418,215,203
2025,9,COK,485032,254944,230088
2025,9,DBR,64245,29140,35105
2025,9,DED,116283,55644,60639
2025,9,DEL,4105310,2038786,2066524
2025,9,DEP,25874,11583,14291
2025,9,DGH,35613,14814,20799
2025,9,DHM,14633,6294,8339
2025,9,DIB,60765,28782,31983
2025,9,DIU,8599,4346,4253
2025,9,DMU,27446,13903,13543
2025,9,DPP,101,69,32
2025,9,GAU,506895,248393,258502
2025,9,GAY,23767,11387,12380
2025,9,GBI,2179,992,1187
2025,9,GDB,2238,1093,1145
2025,9,GOI,451601,228755,222846
2025,9,GOP,86175,40442,45733
2025,9,GOX,375908,188920,186988
2025,9,GWL,17661,8186,9475
2025,9,HBX,27336,13633,13703
2025,9,HDO,138745,68989,69756
2025,9,HGI,15505,7472,8033
2025,9,HJR,22,9,13
2025,9,HSR,91055,42987,48068
2025,9,HSS,582,341,241
2025,9,HYD,1908756,977057,931699
2025,9,IDR,304792,150541,154251
2025,9,IMF,94637,47874,46763
2025,9,ISK,26100,12949,13151
2025,9,IXA,116107,53013,63094
2025,9,IXB,253059,116689,136370
2025,9,IXC,280467,133888,146579
2025,9,IXD,36200,16701,19499
2025,9,IXE,144818,75037,69781
2025,9,IXG,20654,10609,10045
2025,9,IXI,533,290,243
2025,9,IXJ,117843,57506,60337
2025,9,IXL,87224,47834,39390
2025,9,IXM,91273,45672,45601
2025,9,IXR,193752,90210,103542
2025,9,IXS,29308,14054,15254
2025,9,IXU,46822,23438,23384
2025,9,IXW,744,400,344
2025,9,IXX,2807,1378,1429
2025,9,IXY,2829,1267,1562
2025,9,IXZ,113553,54010,59543
2025,9,JAI,344997,166828,178169
2025,9,JDH,65233,31627,33606
2025,9,JGA,10216,4741,5475
2025,9,JGB,4735,2263,2472
2025,9,JLG,9144,4413,4731
2025,9,JLR,35429,17231,18198
2025,9,JRG,34008,16174,17834
2025,9,JRH,9502,4509,4993
2025,9,KJB,1350,610,740
2025,9,KLH,12213,5836,6377
2025,9,KNU,19384,9621,9763
2025,9,KQH,10017,5352,4665
2025,9,KUU,462,164,298
2025,9,LKO,372202,177375,194827
2025,9,LUH,44,17,27
2025,9,MAA,1294264,675574,618690
2025,9,MAQ,34950,17433,17517
2025,9,MYQ,6327,2930,3397
2025,9,NAG,206754,104220,102534
2025,9,NDC,7034,3251,3783
2025,9,NNS,661,325,336
2025,9,PAB,2732,1497,1235
2025,9,PAT,310260,137991,172269
2025,9,PBD,728,354,374
2025,9,PGH,4758,2172,2586
2025,9,PNQ,843029,429308,413721
2025,9,PNY,7894,3799,4095
2025,9,PXN,2730,1335,1395
2025,9,PYB,1222,610,612
2025,9,REW,255,116,139
2025,9,RJA,44044,21850,22194
2025,9,RPR,198147,98442,99705
2025,9,RQY,15407,7685,7722
2025,9,RUP,424,223,201
2025,9,SAG,43692,21768,21924
2025,9,SDW,6235,3019,3216
2025,9,SHL,6045,2703,3342
2025,9,SLV,318,117,201
2025,9,SSE,1109,544,565
2025,9,STV,119515,58100,61415
2025,9,SXR,253912,126597,127315
2025,9,SXV,9520,4980,4540
2025,9,TCR,25512,12511,13001
2025,9,TEI,331,171,160
2025,9,TIR,103331,51815,51516
2025,9,TRV,176376,92673,83703
2025,9,TRZ,70301,35684,34617
2025,9,UDR,107163,52218,54945
2025,9,UKE,369,205,164
2025,9,VGA,104141,53564,50577
2025,9,VNS,288859,138091,150768
2025,9,VTZ,222455,109698,112757
2025,9,ZER,103,49,54
2025,10,AGR,18953,8857,10096
2025,10,AGX,10739,4663,6076
2025,10,AHA,15,9,6
2025,10,AIP,12497,5625,6872
2025,10,AJL,31408,15708,15700
2025,10,AMD,973642,518897,454745
2025,10,ATQ,160298,75305,84993
2025,10,AVR,551,270,281
2025,10,AYJ,82875,36532,46343
2025,10,BBI,405348,193087,212261
2025,10,BDQ,103499,55251,48248
2025,10,BEK,10443,4859,5584
2025,10,BHJ,21799,10993,10806
2025,10,BHO,128396,63285,65111
2025,10,BKB,4052,1919,2133
2025,10,BLR,3058384,1548564,1509820
2025,10,BOM,3164032,1687385,1476647
2025,10,BUP,407,189,218
2025,10,CCJ,86462,46247,40215
2025,10,CCU,1615855,786028,829827
2025,10,CDP,5639,3009,2630
2025,10,CJB,248749,124988,123761
2025,10,COH,511,267,244
2025,10,COK,471849,240362,231487
2025,10,DBR,76919,34388,42531
2025,10,DED,145483,71051,74432
2025,10,DEL,4624095,2292229,2331866
2025,10,DEP,32730,14748,17982
2025,10,DGH,51172,24731,26441
2025,10,DHM,12940,5939,7001
2025,10,DIB,74548,35761,38787
2025,10,DIU,7649,3730,3919
2025,10,DMU,30941,15767,15174
2025,10,DPP,10,0,10
2025,10,GAU,577990,284775,293215
2025,10,GAY,23007,10290,12717
2025,10,GBI,241,107,134
2025,10,GDB,3923,1793,2130
2025,10,GOI,495557,248324,247233
2025,10,GOP,96329,43719,52610
2025,10,GOX,426040,214047,211993
2025,10,GWL,25729,11483,14246
2025,10,HBX,32812,16102,16710
2025,10,HDO,129800,64541,65259
2025,10,HGI,18316,8925,9391
2025,10,HJR,1920,1056,864
2025,10,HSR,104468,51947,52521
2025,10,HSS,413,256,157
2025,10,HYD,2110872,1055306,1055566
2025,10,IDR,338977,166746,172231
2025,10,IMF,95669,46893,48776
2025,10,ISK,34574,17479,17095
2025,10,IXA,135507,70900,64607
2025,10,IXB,313739,152115,161624
2025,10,IXC,277771,132622,145149
2025,10,IXD,45959,20973,24986
2025,10,IXE,162525,81417,81108
2025,10,IXG,26878,13693,13185
2025,10,IXI,442,223,219
2025,10,IXJ,123287,57508,65779
2025,10,IXK,121,57,64
2025,10,IXL,70923,43855,27068
2025,10,IXM,106399,51338,55061
2025,10,IXR,227703,106828,120875
2025,10,IXS,35808,18420,17388
2025,10,IXT,71,42,29
2025,10,IXU,52665,26914,25751
2025,10,IXW,861,468,393
2025,10,IXX,3013,1803,1210
2025,10,IXY,3032,1426,1606
2025,10,IXZ,159918,79955,79963
2025,10,JAI,413595,199744,213851
2025,10,JDH,82079,39931,42148
2025,10,JGA,13656,6372,7284
2025,10,JGB,4704,2299,2405
2025,10,JLG,11835,5811,6024
2025,10,JLR,41529,20045,21484
2025,10,JRG,41838,20298,21540
2025,10,JRH,13547,6368,7179
2025,10,JSA,13785,6904,6881
2025,10,KJB,1530,806,724
2025,10,KLH,12584,6238,6346
2025,10,KNU,32819,14140,18679
2025,10,KQH,12564,5503,7061
2025,10,KUU,485,200,285
2025,10,LKO,438401,199758,238643
2025,10,MAA,1373554,683819,689735
2025,10,MAQ,38736,19592,19144
2025,10,MYQ,7741,3663,4078
2025,10,NAG,225746,110124,115622
2025,10,NDC,12989,6619,6370
2025,10,NNS,292,100,192
2025,10,PAB,1576,822,754
2025,10,PAT,390047,155373,234674
2025,10,PBD,711,338,373
2025,10,PGH,7063,3379,3684
2025,10,PNQ,889546,467274,422272
2025,10,PNY,7999,3903,4096
2025,10,PXN,12407,5892,6515
2025,10,PYB,1051,547,504
2025,10,REW,250,112,138
2025,10,RJA,51402,25668,25734
2025,10,RPR,236439,116339,120100
2025,10,RQY,15466,7960,7506
2025,10,RUP,607,414,193
2025,10,SAG,48145,24496,23649
2025,10,SDW,7217,3393,3824
2025,10,SHL,8421,3831,4590
2025,10,SLV,271,102,169
2025,10,SSE,2660,1343,1317
2025,10,STV,135903,71386,64517
2025,10,SXR,267621,136814,130807
2025,10,SXV,9148,4692,4456
2025,10,TCR,25662,12755,12907
2025,10,TEI,628,354,274
2025,10,TIR,112316,55260,57056
2025,10,TRV,174711,91610,83101
2025,10,TRZ,69288,34066,35222
2025,10,UDR,120928,58947,61981
2025,10,UKE,279,158,121
2025,10,VGA,112800,56345,56455
2025,10,VNS,365766,167686,198080
2025,10,VTZ,249679,123499,126180
2025,10,ZER,23,13,10
2025,11,AGR,25603,12883,12720
2025,11,AGX,11689,5084,6605
2025,11,AIP,13434,6777,6657
2025,11,AJL,34366,16524,17842
2025,11,AMD,1045862,501889,543973
2025,11,ATQ,198836,100221,98615
2025,11,AVR,1915,990,925
2025,11,AYJ,101117,50719,50398
2025,11,BBI,438446,215922,222524
2025,11,BDQ,119415,56660,62755
2025,11,BEK,12132,6084,6048
2025,11,BHJ,27087,13393,13694
2025,11,BHO,151403,76838,74565
2025,11,BKB,4527,2294,2233
2025,11,BLR,3230944,1597072,1633872
2025,11,BOM,3377984,1678583,1699401
2025,11,BUP,1109,524,585
2025,11,CCJ,77344,38627,38717
2025,11,CCU,1662963,834248,828715
2025,11,CDP,6254,3276,2978
2025,11,CJB,267375,133500,133875
2025,11,COH,494,247,247
2025,11,COK,510207,254828,255379
2025,11,DBR,68477,33640,34837
2025,11,DED,154343,77299,77044
2025,11,DEL,5272083,2685952,2586131
2025,11,DEP,34458,17481,16977
2025,11,DGH,45368,23295,22073
2025,11,DHM,11578,5348,6230
2025,11,DIB,72686,36145,36541
2025,11,DIU,11575,5673,5902
2025,11,DMU,33164,15715,17449
2025,11,GAU,589121,293181,295940
2025,11,GAY,27547,14286,13261
2025,11,GDB,4477,2456,2021
2025,11,GOI,542301,269232,273069
2025,11,GOP,98507,48031,50476
2025,11,GOX,444394,221516,222878
2025,11,GWL,26604,13519,13085
2025,11,HBX,34170,16639,17531
2025,11,HDO,125870,64518,61352
2025,11,HGI,18664,9047,9617
2025,11,HJR,10284,5720,4564
2025,11,HSR,121212,57753,63459
2025,11,HSS,716,482,234
2025,11,HYD,2236286,1116982,1119304
2025,11,IDR,384779,193429,191350
2025,11,IMF,95917,49965,45952
2025,11,ISK,43341,21480,21861
2025,11,IXA,132687,64858,67829
2025,11,IXB,319135,160512,158623
2025,11,IXC,289197,143491,145706
2025,11,IXD,42894,21037,21857
2025,11,IXE,156177,77510,78667
2025,11,IXG,30184,15023,15161
2025,11,IXI,954,638,316
2025,11,IXJ,127142,60282,66860
2025,11,IXK,564,271,293
2025,11,IXL,62161,35002,27159
2025,11,IXM,99356,49382,49974
2025,11,IXR,234990,121055,113935
2025,11,IXS,38366,18961,19405
2025,11,IXT,1046,571,475
2025,11,IXU,60073,29567,30506
2025,11,IXW,838,472,366
2025,11,IXX,2791,1414,1377
2025,11,IXY,2905,1391,1514
2025,11,IXZ,192996,95042,97954
2025,11,JAI,521303,262486,258817
2025,11,JDH,129234,63235,65999
2025,11,JGA,13542,6542,7000
2025,11,JGB,5520,2918,2602
2025,11,JLG,14776,7500,7276
2025,11,JLR,47193,23665,23528
2025,11,JRG,41497,20938,20559
2025,11,JRH,16546,8152,8394
2025,11,JSA,43265,21215,22050
2025,11,KJB,1774,907,867
2025,11,KLH,14365,6993,7372
2025,11,KNU,31469,15877,15592
2025,11,KQH,10955,5424,5531
2025,11,KUU,1697,601,1096
2025,11,LKO,448425,223386,225039
2025,11,MAA,1511776,764167,747609
2025,11,MAQ,35349,17611,17738
2025,11,MYQ,8102,3780,4322
2025,11,NAG,269412,133690,135722
2025,11,NDC,15321,7804,7517
2025,11,NNS,649,248,401
2025,11,PAB,2332,1252,1080
2025,11,PAT,424459,219128,205331
2025,11,PBD,798,288,510
2025,11,PGH,7561,3710,3851
2025,11,PNQ,962652,474197,488455
2025,11,PNY,7574,3920,3654
2025,11,PXN,32067,16061,16006
2025,11,PYB,1280,642,638
2025,11,REW,877,424,453
2025,11,RJA,47164,24021,23143
2025,11,RPR,257344,130010,127334
2025,11,RQY,15856,8180,7676
2025,11,RUP,1067,627,440
2025,11,SAG,55484,27059,28425
2025,11,SDW,8428,3863,4565
2025,11,SHL,9371,4333,5038
2025,11,SLV,66,30,36
2025,11,SSE,3772,1995,1777
2025,11,STV,150035,69531,80504
2025,11,SXR,258623,135165,123458
2025,11,SXV,9815,5135,4680
2025,11,TCR,20329,10132,10197
2025,11,TEI,2238,1135,1103
2025,11,TIR,108229,53248,54981
2025,11,TRV,196528,100396,96132
2025,11,TRZ,65295,33308,31987
2025,11,UDR,203142,99225,103917
2025,11,UKE,458,273,185
2025,11,VDY,1798,934,864
2025,11,VGA,117275,60089,57186
2025,11,VNS,431186,216791,214395
2025,11,VTZ,265082,131934,133148
2025,11,ZER,53,25,28
2025,12,AGR,25423,13192,12231
2025,12,AGX,11258,4991,6267
2025,12,AIP,12156,6142,6014
2025,12,AJL,29831,13059,16772
2025,12,AMD,947027,466941,480086
2025,12,ATQ,166102,83303,82799
2025,12,AVR,454,229,225
2025,12,AYJ,88096,47219,40877
2025,12,BBI,430615,212542,218073
2025,12,BDQ,110047,53250,56797
2025,12,BEK,9176,4845,4331
2025,12,BHJ,30229,14848,15381
2025,12,BHO,146029,74054,71975
2025,12,BKB,3237,1686,1551
2025,12,BLR,3073094,1531404,1541690
2025,12,BOM,3262346,1634735,1627611
2025,12,BUP,1100,557,543
2025,12,CCJ,80244,36609,43635
2025,12,CCU,1547392,769284,778108
2025,12,CDP,5954,3065,2889
2025,12,CJB,240536,115726,124810
2025,12,COH,416,203,213
2025,12,COK,510609,244573,266036
2025,12,DBR,54650,27832,26818
2025,12,DED,134857,68532,66325
2025,12,DEL,4913809,2542733,2371076
2025,12,DEP,31883,15853,16030
2025,12,DGH,47469,23757,23712
2025,12,DHM,13087,6075,7012
2025,12,DIB,68273,31901,36372
2025,12,DIU,12588,6371,6217
2025,12,DMU,35150,16287,18863
2025,12,GAU,566056,276459,289597
2025,12,GAY,22223,11975,10248
2025,12,GDB,3246,1611,1635
2025,12,GOI,519653,251554,268099
2025,12,GOP,92501,47058,45443
2025,12,GOX,474749,229371,245378
2025,12,GWL,23634,12210,11424
2025,12,HBX,32745,15647,17098
2025,12,HDO,80685,41425,39260
2025,12,HGI,15884,7210,8674
2025,12,HJR,8389,4210,4179
2025,12,HSS,406,209,197
2025,12,HYD,2012748,990430,1022318
2025,12,IDR,350937,175595,175342
2025,12,IMF,103982,48561,55421
2025,12,ISK,43334,21094,22240
2025,12,IXA,130304,63636,66668
2025,12,IXB,337682,165490,172192
2025,12,IXC,332733,170282,162451
2025,12,IXD,43807,23229,20578
2025,12,IXE,155628,75042,80586
2025,12,IXG,31059,15135,15924
2025,12,IXI,1650,907,743
2025,12,IXJ,105686,52668,53018
2025,12,IXK,161,70,91
2025,12,IXL,59333,32189,27144
2025,12,IXM,92865,45811,47054
2025,12,IXR,221557,110299,111258
2025,12,IXS,30812,15198,15614
2025,12,IXT,1347,672,675
2025,12,IXU,50849,25191,25658
2025,12,IXW,724,378,346
2025,12,IXX,3005,1525,1480
2025,12,IXY,3045,1351,1694
2025,12,IXZ,226731,108539,118192
2025,12,JAI,502803,256980,245823
2025,12,JDH,125062,62806,62256
2025,12,JGA,14628,7068,7560
2025,12,JGB,4863,2387,2476
2025,12,JLG,13938,7034,6904
2025,12,JLR,42508,21103,21405
2025,12,JRG,42966,21275,21691
2025,12,JRH,17380,8165,9215
2025,12,JSA,47766,24093,23673
2025,12,KJB,1252,610,642
2025,12,KLH,13378,6688,6690
2025,12,KNU,30716,16426,14290
2025,12,KQH,12605,6171,6434
2025,12,KUU,2033,708,1325
2025,12,LKO,407295,208911,198384
2025,12,MAA,1377465,687355,690110
2025,12,MAQ,38794,18217,20577
2025,12,MYQ,7757,3689,4068
2025,12,NAG,250453,121749,128704
2025,12,NDC,18770,9427,9343
2025,12,NNS,749,298,451
2025,12,PAB,3003,1558,1445
2025,12,PAT,327691,166886,160805
2025,12,PBD,1033,407,626
2025,12,PGH,3940,1898,2042
2025,12,PNQ,867692,433244,434448
2025,12,PNY,8085,4012,4073
2025,12,PXN,29543,15086,14457
2025,12,PYB,1378,699,679
2025,12,RAJ,114469,55445,59024
2025,12,REW,2437,1241,1196
2025,12,RJA,42263,19784,22479
2025,12,RPR,237693,117668,120025
2025,12,RQY,20107,9706,10401
2025,12,RRK,274,144,130
2025,12,RUP,999,504,495
2025,12,SAG,46509,22585,23924
2025,12,SDW,10716,5157,5559
2025,12,SHL,9201,4453,4748
2025,12,SSE,4726,2403,2323
2025,12,STV,136925,66210,70715
2025,12,SXR,257553,127495,130058
2025,12,SXV,8945,4493,4452
2025,12,TCR,19865,9605,10260
2025,12,TEI,2811,1376,1435
2025,12,TIR,92575,46066,46509
2025,12,TRV,196988,95338,101650
2025,12,TRZ,63521,31648,31873
2025,12,UDR,220976,108766,112210
2025,12,UKE,516,302,214
2025,12,VDY,2813,1742,1071
2025,12,VGA,110133,54699,55434
2025,12,VNS,335791,177023,158768
2025,12,VTZ,235279,113620,121659
2025,12,ZER,48,31,17
2026,1,AGR,24152,12217,11935
2026,1,AGX,12473,5581,6892
2026,1,AIP,13889,6995,6894
2026,1,AJL,34907,19105,15802
2026,1,AMD,1052361,530591,521770
2026,1,ATQ,178399,88064,90335
2026,1,AVR,1577,799,778
2026,1,AYJ,68120,34508,33612
2026,1,BBI,434267,216449,217818
2026,1,BDQ,130314,65669,64645
2026,1,BEK,11128,5612,5516
2026,1,BHJ,29520,14630,14890
2026,1,BHO,146669,74515,72154
2026,1,BKB,2767,1425,1342
2026,1,BLR,3276207,1612286,1663921
2026,1,BOM,3433402,1729028,1704374
2026,1,BUP,983,461,522
2026,1,CCJ,93091,48370,44721
2026,1,CCU,1678459,831742,846717
2026,1,CDP,6867,3675,3192
2026,1,CJB,280533,143174,137359
2026,1,COH,10,6,4
2026,1,COK,566023,292199,273824
2026,1,DBR,62181,30358,31823
2026,1,DED,144358,71575,72783
2026,1,DEL,5053426,2510518,2542908
2026,1,DEP,31549,15388,16161
2026,1,DGH,51939,25589,26350
2026,1,DHM,8359,3948,4411
2026,1,DIB,73689,36309,37380
2026,1,DIU,12139,6034,6105
2026,1,DMU,37630,21406,16224
2026,1,GAU,592310,297224,295086
2026,1,GAY,23866,12401,11465
2026,1,GDB,3120,1738,1382
2026,1,GOI,546122,278541,267581
2026,1,GOP,103160,50646,52514
2026,1,GOX,535446,273633,261813
2026,1,GWL,26347,13222,13125
2026,1,HBX,36328,18173,18155
2026,1,HDO,74706,36563,38143
2026,1,HGI,19136,9639,9497
2026,1,HJR,10078,5246,4832
2026,1,HSR,137242,68607,68635
2026,1,HSS,433,332,101
2026,1,HYD,2144614,1072739,1071875
2026,1,IDR,383345,192690,190655
2026,1,IMF,113748,58517,55231
2026,1,ISK,42195,21215,20980
2026,1,IXA,139225,64981,74244
2026,1,IXB,346925,171804,175121
2026,1,IXC,357949,177758,180191
2026,1,IXD,44209,22069,22140
2026,1,IXE,171468,87314,84154
2026,1,IXG,24102,12348,11754
2026,1,IXI,1609,861,748
2026,1,IXJ,117094,57748,59346
2026,1,IXK,501,217,284
2026,1,IXL,57849,31279,26570
2026,1,IXM,107439,53648,53791
2026,1,IXR,224200,112906,111294
2026,1,IXS,34174,16649,17525
2026,1,IXT,1361,788,573
2026,1,IXU,57497,29216,28281
2026,1,IXW,177,119,58
2026,1,IXX,3124,1639,1485
2026,1,IXY,2765,1290,1475
2026,1,IXZ,229571,118738,110833
2026,1,JAI,503269,250978,252291
2026,1,JDH,125050,62894,62156
2026,1,JGA,15810,7893,7917
2026,1,JGB,5481,2878,2603
2026,1,JLG,13354,6821,6533
2026,1,JLR,42358,21855,20503
2026,1,JRG,42978,21956,21022
2026,1,JRH,16477,8219,8258
2026,1,JSA,50396,25910,24486
2026,1,KJB,1919,986,933
2026,1,KLH,14599,7508,7091
2026,1,KNU,32999,17277,15722
2026,1,KQH,11742,5789,5953
2026,1,KUU,1794,699,1095
2026,1,LKO,438670,219974,218696
2026,1,MAA,1504709,742354,762355
2026,1,MAQ,42147,21770,20377
2026,1,MYQ,8537,4366,4171
2026,1,NAG,276326,140474,135852
2026,1,NDC,17304,8801,8503
2026,1,NMIA,195063,97385,97678
2026,1,NNS,721,306,415
2026,1,PAB,2323,1291,1032
2026,1,PAT,337989,163114,174875
2026,1,PBD,1217,547,670
2026,1,PGH,4532,2230,2302
2026,1,PNQ,933856,463017,470839
2026,1,PNY,8965,4542,4423
2026,1,PXN,27854,13676,14178
2026,1,PYB,979,512,467
2026,1,REW,4465,2348,2117
2026,1,RJA,47589,24539,23050
2026,1,RPR,249793,127635,122158
2026,1,RQY,19789,10372,9417
2026,1,RRK,146,77,69
2026,1,RUP,298,142,156
2026,1,SAG,47148,23706,23442
2026,1,SDW,9139,4421,4718
2026,1,SHL,10281,4588,5693
2026,1,SSE,4152,2085,2067
2026,1,STV,149527,75694,73833
2026,1,SXR,279164,141230,137934
2026,1,SXV,12086,6268,5818
2026,1,TCR,22267,11291,10976
2026,1,TEI,2660,1339,1321
2026,1,TIR,101024,49207,51817
2026,1,TRV,218241,113799,104442
2026,1,TRZ,72594,35612,36982
2026,1,UDR,195791,99932,95859
2026,1,UKE,261,152,109
2026,1,VDY,2488,1261,1227
2026,1,VGA,121042,62059,58983
2026,1,VNS,318220,160629,157591
2026,1,VTZ,261970,132056,129914
2026,2,AGR,22456,10053,12403
2026,2,AGX,11693,5471,6222
2026,2,AIP,13844,6793,7051
2026,2,AJL,30241,15757,14484
2026,2,AMD,933010,475232,457778
2026,2,ATQ,173266,85588,87678
2026,2,AVR,1629,844,785
2026,2,AYJ,56838,27622,29216
2026,2,BBI,385156,190122,195034
2026,2,BDQ,125768,65132,60636
2026,2,BEK,10626,5033,5593
2026,2,BHJ,26235,13327,12908
2026,2,BHO,142563,69934,72629
2026,2,BKB,4180,2042,2138
2026,2,BLR,2999208,1521220,1477988
2026,2,BOM,3165353,1606827,1558526
2026,2,BUP,811,371,440
2026,2,CCJ,75197,38638,36559
2026,2,CCU,1511346,755572,755774
2026,2,CDP,5594,3040,2554
2026,2,CJB,234801,119775,115026
2026,2,COH,9,4,5
2026,2,COK,466881,239707,227174
2026,2,DBR,57091,27481,29610
2026,2,DED,138687,66887,71800
2026,2,DEL,5002117,2473192,2528925
2026,2,DEP,31919,15249,16670
2026,2,DGH,45631,21805,23826
2026,2,DHM,12857,5923,6934
2026,2,DIB,70616,35047,35569
2026,2,DIU,12877,6350,6527
2026,2,DMU,29806,16244,13562
2026,2,GAU,526295,259319,266976
2026,2,GAY,26278,12595,13683
2026,2,GDB,2888,1523,1365
2026,2,GOI,469316,238629,230687
2026,2,GOP,93507,44904,48603
2026,2,GOX,418796,212759,206037
2026,2,GWL,26424,12974,13450
2026,2,HBX,33660,16977,16683
2026,2,HDO,93729,45451,48278
2026,2,HGI,16994,8211,8783
2026,2,HJR,12152,6070,6082
2026,2,HSR,124005,62528,61477
2026,2,HSS,608,386,222
2026,2,HYD,1886252,949842,936410
2026,2,IDR,358938,178864,180074
2026,2,IMF,101698,52519,49179
2026,2,ISK,40769,20704,20065
2026,2,IXA,112997,56593,56404
2026,2,IXB,320686,157010,163676
2026,2,IXC,336393,166054,170339
2026,2,IXD,40244,19277,20967
2026,2,IXE,151583,77134,74449
2026,2,IXG,26155,13365,12790
2026,2,IXI,1290,703,587
2026,2,IXJ,113338,56621,56717
2026,2,IXK,484,142,342
2026,2,IXL,57379,25989,31390
2026,2,IXM,89296,44734,44562
2026,2,IXR,211753,101766,109987
2026,2,IXS,38462,18211,20251
2026,2,IXT,1126,625,501
2026,2,IXU,52906,26862,26044
2026,2,IXW,155,87,68
2026,2,IXX,2516,1273,1243
2026,2,IXY,3020,1448,1572
2026,2,IXZ,174135,87717,86418
2026,2,JAI,459598,227684,231914
2026,2,JDH,121221,59823,61398
2026,2,JGA,13132,6502,6630
2026,2,JGB,5117,2694,2423
2026,2,JLG,11519,5829,5690
2026,2,JLR,43961,21500,22461
2026,2,JRG,34550,17055,17495
2026,2,JRH,16067,7795,8272
2026,2,JSA,48559,24584,23975
2026,2,KJB,1601,777,824
2026,2,KLH,13700,6831,6869
2026,2,KNU,29802,14443,15359
2026,2,KQH,8910,4175,4735
2026,2,KUU,1832,692,1140
2026,2,LKO,409557,196140,213417
2026,2,MAA,1350419,682676,667743
2026,2,MAQ,34959,18495,16464
2026,2,MYQ,7776,3951,3825
2026,2,NAG,272780,136356,136424
2026,2,NDC,16672,8452,8220
2026,2,NMIA,184098,92844,91254
2026,2,NNS,586,238,348
2026,2,PAB,2347,1305,1042
2026,2,PAT,346982,161282,185700
2026,2,PBD,1209,555,654
2026,2,PGH,7325,3555,3770
2026,2,PNQ,891884,452515,439369
2026,2,PNY,8227,4148,4079
2026,2,PXN,28964,13917,15047
2026,2,PYB,1038,540,498
2026,2,REW,4925,2321,2604
2026,2,RJA,41182,20835,20347
2026,2,RPR,234582,116844,117738
2026,2,RQY,15487,7885,7602
2026,2,RRK,32,17,15
2026,2,RUP,387,191,196
2026,2,SAG,40551,20326,20225
2026,2,SDW,7336,3659,3677
2026,2,SHL,8738,3771,4967
2026,2,SSE,2873,1471,1402
2026,2,STV,137627,69273,68354
2026,2,SXR,252767,119902,132865
2026,2,SXV,10986,5629,5357
2026,2,TCR,20315,10254,10061
2026,2,TEI,1866,937,929
2026,2,TIR,83705,41094,42611
2026,2,TRV,179168,91952,87216
2026,2,TRZ,61048,30896,30152
2026,2,UDR,198554,98622,99932
2026,2,UKE,357,228,129
2026,2,VDY,2565,1315,1250
2026,2,VGA,106114,54212,51902
2026,2,VNS,355177,169543,185634
2026,2,VTZ,224119,110015,114104
2026,3,AGR,21308,10404,10904
2026,3,AGX,13245,6221,7024
2026,3,AHA,72,44,28
2026,3,AIP,14018,6955,7063
2026,3,AJL,35566,17641,17925
2026,3,AMD,957785,489310,468475
2026,3,ATQ,181652,90912,90740
2026,3,AVR,1202,589,613
2026,3,AYJ,60856,29723,31133
2026,3,BBI,398908,199135,199773
2026,3,BDQ,115639,59903,55736
2026,3,BEK,11749,5646,6103
2026,3,BHJ,26227,13077,13150
2026,3,BHO,140219,69517,70702
2026,3,BHU,441,238,203
2026,3,BKB,4114,2064,2050
2026,3,BLR,3077156,1551799,1525357
2026,3,BOM,3127717,1587880,1539837
2026,3,BUP,810,389,421
2026,3,CCJ,77389,37998,39391
2026,3,CCU,1594864,778377,816487
2026,3,CDP,4975,2680,2295
2026,3,CJB,246322,123906,122416
2026,3,COH,37,17,20
2026,3,COK,476317,240711,235606
2026,3,DBR,61671,30338,31333
2026,3,DED,154037,76756,77281
2026,3,DEL,5087802,2565103,2522699
2026,3,DEP,34629,16643,17986
2026,3,DGH,47205,22095,25110
2026,3,DHM,14951,6868,8083
2026,3,DIB,74883,35611,39272
2026,3,DIU,12651,6651,6000
2026,3,DMU,31266,15223,16043
2026,3,GAU,548660,263565,285095
2026,3,GAY,27279,14247,13032
2026,3,GDB,2858,1575,1283
2026,3,GOI,499225,253481,245744
2026,3,GOP,87227,42583,44644
2026,3,GOX,435142,221242,213900
2026,3,GWL,25025,12377,12648
2026,3,HBX,30911,15289,15622
2026,3,HDO,84010,41749,42261
2026,3,HGI,18954,8645,10309
2026,3,HJR,9843,5364,4479
2026,3,HSR,114528,57006,57522
2026,3,HSS,966,632,334
2026,3,HYD,1960531,980486,980045
2026,3,IDR,372069,187387,184682
2026,3,IMF,112258,55219,57039
2026,3,ISK,39757,19782,19975
2026,3,IXA,125718,60678,65040
2026,3,IXB,328697,155472,173225
2026,3,IXC,364826,182285,182541
2026,3,IXD,43712,20869,22843
2026,3,IXE,154006,76526,77480
2026,3,IXG,24246,12358,11888
2026,3,IXI,1298,625,673
2026,3,IXJ,120041,61864,58177
2026,3,IXK,73,32,41
2026,3,IXL,56780,22900,33880
2026,3,IXM,97464,47306,50158
2026,3,IXR,220140,107081,113059
2026,3,IXS,37346,17327,20019
2026,3,IXT,122,81,41
2026,3,IXU,51627,26143,25484
2026,3,IXW,196,102,94
2026,3,IXX,2392,1214,1178
2026,3,IXY,2148,982,1166
2026,3,IXZ,165974,85673,80301
2026,3,JAI,440111,219813,220298
2026,3,JDH,106275,52498,53777
2026,3,JGA,12573,6079,6494
2026,3,JGB,5226,2633,2593
2026,3,JLG,11807,5981,5826
2026,3,JLR,43924,22052,21872
2026,3,JRG,38584,18880,19704
2026,3,JRH,18336,8624,9712
2026,3,JSA,35065,18055,17010
2026,3,KJB,1500,742,758
2026,3,KLH,14120,7046,7074
2026,3,KNU,30801,15849,14952
2026,3,KQH,9166,4420,4746
2026,3,KUU,2051,766,1285
2026,3,LKO,431406,211901,219505
2026,3,MAA,1361265,686986,674279
2026,3,MAQ,33858,17018,16840
2026,3,MYQ,7793,3852,3941
2026,3,NAG,259747,129223,130524
2026,3,NDC,17476,8780,8696
2026,3,NMIA,220745,109308,111437
2026,3,NNS,613,224,389
2026,3,PAB,2130,1156,974
2026,3,PAT,352428,170205,182223
2026,3,PBD,923,452,471
2026,3,PGH,8753,4301,4452
2026,3,PNQ,919369,459615,459754
2026,3,PNY,8406,4348,4058
2026,3,PXN,30460,14045,16415
2026,3,PYB,1056,540,516
2026,3,REW,5020,2531,2489
2026,3,RJA,40793,20338,20455
2026,3,RPR,239360,120781,118579
2026,3,RQY,17021,8757,8264
2026,3,RRK,92,51,41
2026,3,RUP,700,278,422
2026,3,SAG,46258,23335,22923
2026,3,SDW,8620,4005,4615
2026,3,SHL,9378,4055,5323
2026,3,SSE,2810,1419,1391
2026,3,STV,131182,64385,66797
2026,3,SXR,261710,116528,145182
2026,3,SXV,9456,5045,4411
2026,3,TCR,20461,10051,10410
2026,3,TEI,834,421,413
2026,3,TIR,85695,41254,44441
2026,3,TRV,184711,93818,90893
2026,3,TRZ,57165,27692,29473
2026,3,UDR,193966,97522,96444
2026,3,UKE,369,201,168
2026,3,VDY,2098,1072,1026
2026,3,VGA,105887,53456,52431
2026,3,VNS,372537,186360,186177
2026,3,VTZ,243838,120512,123326
2026,4,AGR,18809,8811,9998
2026,4,AGX,14739,6649,8090
2026,4,AHA,1312,653,659
2026,4,AIP,11952,5966,5986
2026,4,AJL,30510,15127,15383
2026,4,AMD,912515,460791,451724
2026,4,ATQ,152981,79153,73828
2026,4,AVR,1209,621,588
2026,4,AYJ,66337,29220,37117
2026,4,BBI,366382,174050,192332
2026,4,BDQ,95956,50415,45541
2026,4,BEK,9412,4411,5001
2026,4,BHJ,26267,13044,13223
2026,4,BHO,135163,65999,69164
2026,4,BHU,4505,2352,2153
2026,4,BKB,4228,2038,2190
2026,4,BLR,3123900,1635564,1488336
2026,4,BOM,2844994,1499292,1345702
2026,4,BUP,554,286,268
2026,4,CCJ,82248,39629,42619
2026,4,CCU,1528663,700270,828393
2026,4,CDP,4563,2440,2123
2026,4,CJB,249040,125017,124023
2026,4,COH,31,14,17
2026,4,COK,483843,234452,249391
2026,4,DBR,72908,34168,38740
2026,4,DED,156128,74797,81331
2026,4,DEL,4809136,2393306,2415830
2026,4,DEP,33723,13974,19749
2026,4,DGH,41490,16127,25363
2026,4,DHM,12146,5531,6615
2026,4,DIB,79484,37858,41626
2026,4,DIU,11178,5763,5415
2026,4,DMU,29111,13892,15219
2026,4,GAU,527981,259616,268365
2026,4,GAY,15370,7499,7871
2026,4,GDB,1879,960,919
2026,4,GOI,463317,236347,226970
2026,4,GOP,102740,46238,56502
2026,4,GOX,374855,192113,182742
2026,4,GWL,17010,8066,8944
2026,4,HBX,29055,14114,14941
2026,4,HDO,47891,23627,24264
2026,4,HGI,19732,9803,9929
2026,4,HJR,876,437,439
2026,4,HSR,95225,46065,49160
2026,4,HSS,701,434,267
2026,4,HYD,1908929,985459,923470
2026,4,IDR,333217,166512,166705
2026,4,IMF,94721,49347,45374
2026,4,ISK,30882,15538,15344
2026,4,IXA,129122,61575,67547
2026,4,IXB,358553,163320,195233
2026,4,IXC,347471,171302,176169
2026,4,IXD,39935,17736,22199
2026,4,IXE,154069,74200,79869
2026,4,IXG,27117,14382,12735
2026,4,IXI,1291,661,630
2026,4,IXJ,119115,57686,61429
2026,4,IXK,218,113,105
2026,4,IXL,102295,44894,57401
2026,4,IXM,83088,40075,43013
2026,4,IXR,200426,93026,107400
2026,4,IXS,34048,17669,16379
2026,4,IXT,232,126,106
2026,4,IXU,48378,24946,23432
2026,4,IXW,167,87,80
2026,4,IXX,1236,572,664
2026,4,IXY,1024,478,546
2026,4,IXZ,117858,64748,53110
2026,4,JAI,408235,196527,211708
2026,4,JDH,5869,2896,2973
2026,4,JGA,15672,7404,8268
2026,4,JGB,5229,2683,2546
2026,4,JLG,11332,5531,5801
2026,4,JLR,42479,20052,22427
2026,4,JRG,35330,16503,18827
2026,4,JRH,16940,8385,8555
2026,4,KJB,1269,675,594
2026,4,KLH,19365,9368,9997
2026,4,KNU,29576,12978,16598
2026,4,KQH,9453,4201,5252
2026,4,KUU,1941,645,1296
2026,4,LKO,454489,205986,248503
2026,4,MAA,1284394,664717,619677
2026,4,MAQ,43558,20146,23412
2026,4,MYQ,7313,3532,3781
2026,4,NAG,248170,121329,126841
2026,4,NDC,22234,11096,11138
2026,4,NMIA,519482,281011,238471
2026,4,NNS,1332,545,787
2026,4,PAB,1977,1105,872
2026,4,PAT,348832,150896,197936
2026,4,PBD,369,188,181
2026,4,PGH,7000,3191,3809
2026,4,PNQ,879680,455646,424034
2026,4,PNY,7378,3795,3583
2026,4,PXN,27968,13064,14904
2026,4,PYB,1036,560,476
2026,4,REW,4887,2149,2738
2026,4,RJA,40646,20054,20592
2026,4,RPR,235528,116162,119366
2026,4,RQY,17668,9009,8659
2026,4,RRK,92,44,48
2026,4,RUP,1000,410,590
2026,4,SAG,44369,22787,21582
2026,4,SDW,7956,3816,4140
2026,4,SHL,7591,3285,4306
2026,4,SSE,3075,1529,1546
2026,4,STV,133157,68036,65121
2026,4,SXR,299451,144640,154811
2026,4,SXV,10480,5399,5081
2026,4,TCR,20498,10140,10358
2026,4,TEI,1092,495,597
2026,4,TIR,64768,31510,33258
2026,4,TRV,182943,89607,93336
2026,4,TRZ,55589,27119,28470
2026,4,UDR,127350,61373,65977
2026,4,UKE,361,217,144
2026,4,VDY,1926,999,927
2026,4,VGA,101762,52538,49224
2026,4,VNS,338198,148594,189604
2026,4,VTZ,225902,108798,117104
2026,5,AGR,21032,10618,10414
2026,5,AGX,14984,6695,8289
2026,5,AHA,1268,662,606
2026,5,AIP,12655,6349,6306
2026,5,AJL,31315,14609,16706
2026,5,AMD,1048402,544554,503848
2026,5,ATQ,170805,88051,82754
2026,5,AVR,1699,919,780
2026,5,AYJ,69048,34549,34499
2026,5,BBI,389382,201245,188137
2026,5,BDQ,111620,57669,53951
2026,5,BEK,10523,5389,5134
2026,5,BHJ,26640,13513,13127
2026,5,BHO,151539,78307,73232
2026,5,BHU,4930,2687,2243
2026,5,BKB,3872,2038,1834
2026,5,BLR,3380948,1582380,1798568
2026,5,BOM,3261073,1651663,1609410
2026,5,BUP,550,279,271
2026,5,CCJ,79617,38465,41152
2026,5,CCU,1636952,853033,783919
2026,5,CDP,5297,2799,2498
2026,5,CJB,302196,144953,157243
2026,5,COH,19,7,12
2026,5,COK,522668,248772,273896
2026,5,DBR,76594,38009,38585
2026,5,DED,201990,99676,102314
2026,5,DEL,5263929,2683977,2579952
2026,5,DEP,35334,18281,17053
2026,5,DGH,48577,26926,21651
2026,5,DHM,17218,7382,9836
2026,5,DIB,77593,37233,40360
2026,5,DIU,14791,7389,7402
2026,5,DMU,29446,13887,15559
2026,5,GAU,584712,293656,291056
2026,5,GAY,15888,7896,7992
2026,5,GOI,519871,257433,262438
2026,5,GOP,115689,55769,59920
2026,5,GOX,410889,203645,207244
2026,5,GWL,18611,9480,9131
2026,5,HBX,37125,17690,19435
2026,5,HDO,46197,23512,22685
2026,5,HGI,19907,9145,10762
2026,5,HJR,2636,1369,1267
2026,5,HSR,120173,61014,59159
2026,5,HSS,677,470,207
2026,5,HWR,3604,1896,1708
2026,5,HYD,2142835,1065603,1077232
2026,5,IDR,346407,179386,167021
2026,5,IMF,103432,49058,54374
2026,5,ISK,35637,17897,17740
2026,5,IXA,141841,69272,72569
2026,5,IXB,430862,218095,212767
2026,5,IXC,397496,198496,199000
2026,5,IXD,43670,22405,21265
2026,5,IXE,181277,93594,87683
2026,5,IXG,27519,13954,13565
2026,5,IXI,1395,586,809
2026,5,IXJ,125288,60368,64920
2026,5,IXK,263,126,137
2026,5,IXL,121796,58950,62846
2026,5,IXM,107997,49489,58508
2026,5,IXR,244910,124356,120554
2026,5,IXS,33836,16027,17809
2026,5,IXT,78,28,50
2026,5,IXU,54445,27656,26789
2026,5,IXW,138,81,57
2026,5,IXZ,143878,73233,70645
2026,5,JAI,399082,212273,186809
2026,5,JDH,67456,35259,32197
2026,5,JGA,19963,9663,10300
2026,5,JGB,5348,2700,2648
2026,5,JLG,13188,6551,6637
2026,5,JLR,47655,24638,23017
2026,5,JRG,40210,20225,19985
2026,5,JRH,15067,6909,8158
2026,5,JSA,190,84,106
2026,5,KJB,1804,865,939
2026,5,KLH,20296,9786,10510
2026,5,KNU,32885,16965,15920
2026,5,KQH,11943,5879,6064
2026,5,KUU,1342,428,914
2026,5,LKO,519834,258723,261111
2026,5,MAA,1390754,677756,712998
2026,5,MAQ,41800,19668,22132
2026,5,MYQ,11310,5148,6162
2026,5,NAG,285487,148606,136881
2026,5,NDC,24306,12375,11931
2026,5,NMIA,629660,320148,309512
2026,5,NNS,1179,470,709
2026,5,PAB,2075,1035,1040
2026,5,PAT,397160,195362,201798
2026,5,PGH,8084,3545,4539
2026,5,PNQ,1005782,505667,500115
2026,5,PNY,11116,5738,5378
2026,5,PXN,31909,15149,16760
2026,5,PYB,1120,561,559
2026,5,REW,5238,2833,2405
2026,5,RJA,50137,25867,24270
2026,5,RPR,253401,129911,123490
2026,5,RQY,18175,9226,8949
2026,5,RRK,123,66,57
2026,5,RUP,725,322,403
2026,5,SAG,49875,25038,24837
2026,5,SDW,10327,5009,5318
2026,5,SHL,8294,3298,4996
2026,5,SLV,750,293,457
2026,5,SSE,5121,2764,2357
2026,5,STV,159215,80052,79163
2026,5,SXR,335420,152450,182970
2026,5,SXV,12775,6375,6400
2026,5,TCR,22689,11154,11535
2026,5,TEI,1133,518,615
2026,5,TIR,72045,33844,38201
2026,5,TRV,212944,100804,112140
2026,5,TRZ,59304,27356,31948
2026,5,UDR,120294,62954,57340
2026,5,UKE,435,251,184
2026,5,VDY,2369,1385,984
2026,5,VGA,115872,59935,55937
2026,5,VNS,368389,192317,176072
2026,5,VTZ,250862,128903,121959
2026,6,AGR,16986,8678,8308
2026,6,AGX,11515,5246,6269
2026,6,AHA,1102,538,564
2026,6,AIP,12097,6611,5486
2026,6,AJL,30762,15378,15384
2026,6,AMD,863381,419985,443396
2026,6,ATQ,148675,80879,67796
2026,6,AVR,1784,943,841
2026,6,AYJ,44801,23137,21664
2026,6,BBI,352133,173751,178382
2026,6,BDQ,99528,46850,52678
2026,6,BEK,9074,4865,4209
2026,6,BHJ,24636,11371,13265
2026,6,BHO,131073,65126,65947
2026,6,BHU,4295,2162,2133
2026,6,BKB,3785,1777,2008
2026,6,BLR,2926307,1440847,1485460
2026,6,BOM,2861025,1395032,1465993
2026,6,BUP,1033,508,525
2026,6,CCJ,68516,33968,34548
2026,6,CCU,1400267,717909,682358
2026,6,CDP,3754,1939,1815
2026,6,CJB,256357,130274,126083
2026,6,COK,427556,212552,215004
2026,6,DBR,71048,35664,35384
2026,6,DED,163827,85014,78813
2026,6,DEL,4721821,2455840,2265981
2026,6,DEP,32336,15716,16620
2026,6,DGH,44480,24201,20279
2026,6,DHM,18217,7683,10534
2026,6,DIB,74474,36456,38018
2026,6,DIU,14372,7407,6965
2026,6,DMU,28917,14569,14348
2026,6,DXN,20058,10369,9689
2026,6,GAU,532748,280615,252133
2026,6,GAY,16406,8075,8331
2026,6,GBI,1993,1030,963
2026,6,GOI,464793,235518,229275
2026,6,GOP,107744,55070,52674
2026,6,GOX,330285,166641,163644
2026,6,GWL,18702,9274,9428
2026,6,HBX,33660,16380,17280
2026,6,HDO,43641,23355,20286
2026,6,HGI,16851,8335,8516
2026,6,HJR,3025,1480,1545
2026,6,HSR,93670,43186,50484
2026,6,HSS,804,523,281
2026,6,HWR,11493,6362,5131
2026,6,HYD,1851456,891767,959689
2026,6,IDR,328050,161307,166743
2026,6,IMF,96521,47248,49273
2026,6,ISK,31502,15035,16467
2026,6,IXA,132906,63328,69578
2026,6,IXB,363115,186832,176283
2026,6,IXC,359032,186617,172415
2026,6,IXD,41852,22343,19509
2026,6,IXE,127390,64983,62407
2026,6,IXG,23496,11342,12154
2026,6,IXI,699,399,300
2026,6,IXJ,117533,59085,58448
2026,6,IXK,406,178,228
2026,6,IXL,111339,57770,53569
2026,6,IXM,102694,51509,51185
2026,6,IXR,233419,118372,115047
2026,6,IXS,32955,17368,15587
2026,6,IXT,32,18,14
2026,6,IXU,46897,21723,25174
2026,6,IXW,64,36,28
2026,6,IXX,2112,1060,1052
2026,6,IXZ,116736,56295,60441
2026,6,JAI,333806,169552,164254
2026,6,JDH,62773,30770,32003
2026,6,JGA,21075,9649,11426
2026,6,JGB,5260,2619,2641
2026,6,JLG,12561,6212,6349
2026,6,JLR,40485,20085,20400
2026,6,JRG,36758,17967,18791
2026,6,JRH,13565,6996,6569
2026,6,JSA,52,17,35
2026,6,KJB,1656,830,826
2026,6,KLH,18011,8705,9306
2026,6,KNU,29735,16673,13062
2026,6,KQH,10107,4756,5351
2026,6,KUU,1729,591,1138
2026,6,LKO,437552,225718,211834
2026,6,MAA,1197823,584542,613281
2026,6,MAQ,35078,15678,19400
2026,6,MDA,1942,1008,934
2026,6,MYQ,6749,3099,3650
2026,6,NAG,244718,118687,126031
2026,6,NDC,23354,11692,11662
2026,6,NMIA,489540,230711,258829
2026,6,NNS,1224,470,754
2026,6,PAB,1686,786,900
2026,6,PAT,346702,179598,167104
2026,6,PBD,78,50,28
2026,6,PGH,7604,3421,4183
2026,6,PNQ,917554,442744,474810
2026,6,PNY,8274,3942,4332
2026,6,PXN,30890,16218,14672
2026,6,PYB,1087,559,528
2026,6,REW,4654,2621,2033
2026,6,RJA,46905,22798,24107
2026,6,RPR,229965,113015,116950
2026,6,RQY,9084,4715,4369
2026,6,RRK,133,57,76
2026,6,RUP,420,212,208
2026,6,SAG,47519,23215,24304
2026,6,SDW,9121,4382,4739
2026,6,SHL,7458,3256,4202
2026,6,SLV,1526,636,890
2026,6,SSE,3491,1997,1494
2026,6,STV,133367,61490,71877
2026,6,SXR,325958,159129,166829
2026,6,SXV,11508,6042,5466
2026,6,TCR,20317,10366,9951
2026,6,TEI,1229,602,627
2026,6,TIR,65643,31333,34310
2026,6,TRV,165050,85968,79082
2026,6,TRZ,58629,29478,29151
2026,6,UDR,110710,53961,56749
2026,6,UKE,518,317,201
2026,6,VDY,2525,1476,1049
2026,6,VGA,107862,52463,55399
2026,6,VNS,312409,164894,147515
2026,6,VTZ,216522,106510,110012
2026,6,ZER,0,0,0
