airline,service_type,year,month,aircraft_km,passengers,passenger_km,seat_km,freight_tonnes,mail_tonnes,total_tonne_km,available_tonne_km,passenger_load_factor,weight_load_factor
Air India,nonscheduled_domestic,2015,1,120.0,25905,15260.0,17609.0,0.0,0.0,1145.0,1694.0,86.66,67.591
Alliance Air,nonscheduled_domestic,2015,1,3.0,478,153.0,179.0,0.0,0.0,12.0,20.0,85.475,60.0
Jet Airways,nonscheduled_domestic,2015,1,20.0,2889,2669.0,3107.0,2.0,0.0,228.0,292.0,85.903,78.082
Jet Airways,nonscheduled_international,2015,1,0.0,0,0.0,0.0,0.0,0.0,0.0,0.0,0.0,0.0
Air Costa,scheduled_domestic,2015,1,695.0,65179,51209.0,66947.0,224.17,0.0,5267.0,7050.0,76.492,74.709
Air India,scheduled_domestic,2015,1,10797.0,1104361,1074907.0,1300810.0,8711.0,1387.0,110573.0,148723.0,82.634,74.348
Air India Express,scheduled_domestic,2015,1,60.0,14633,9403.0,11163.0,0.0,0.0,984.65,1586.71,84.234,62.056
AirAsia India,scheduled_domestic,2015,1,501.0,81434,68778.0,90176.0,529.3,0.0,6422.5,13461.9,76.271,47.709
Alliance Air,scheduled_domestic,2015,1,286.0,19612,12072.0,17948.0,13.0,4.0,1099.0,1887.0,67.261,58.241
Go First,scheduled_domestic,2015,1,3830.0,552971,533961.0,674072.0,5067.0,0.0,53409.0,72578.0,79.214,73.588
IndiGo,scheduled_domestic,2015,1,15520.0,2276404,2378975.0,2793463.0,9801.0,899.0,227109.0,282457.0,85.162,80.405
Jet Airways,scheduled_domestic,2015,1,7990.0,1221962,1024836.0,1178518.0,6662.0,238.0,93057.0,123218.0,86.96,75.522
JetLite,scheduled_domestic,2015,1,1551.0,277588,216745.0,248087.0,1193.0,56.0,19071.0,24232.0,87.367,78.702
SpiceJet,scheduled_domestic,2015,1,4258.381,587198,533684.627,666828.835,3419.0,0.0,44070.295,58491.681,80.033,75.345
Vistara,scheduled_domestic,2015,1,206.0,14999,13843.0,30480.0,0.0,0.0,1038.0,2971.845,45.417,34.928
Air India,scheduled_international,2015,1,19810.0,538683,2409131.0,2977820.0,7763.0,211.0,282125.0,432139.0,80.903,65.286
Air India Express,scheduled_international,2015,1,3763.0,212181,576468.0,699914.0,0.0,0.0,48855.78,57873.64,82.363,84.418
IndiGo,scheduled_international,2015,1,2061.0,142324,319637.0,371023.0,933.0,0.0,30901.0,37515.0,86.15,82.37
Jet Airways,scheduled_international,2015,1,12420.0,685594,2327329.0,2585916.0,10454.0,78.0,245482.0,332478.0,90.0,73.834
SpiceJet,scheduled_international,2015,1,1082.96,80350,147585.664,190117.544,115.676,0.0,11278.45,16441.795,77.629,68.596
Air India,nonscheduled_domestic,2015,2,115.0,24648,14626.0,16757.0,0.0,0.0,1097.0,1631.0,87.283,67.259
Alliance Air,nonscheduled_domestic,2015,2,3.0,526,168.0,179.0,0.0,0.0,13.0,20.0,93.855,65.0
Jet Airways,nonscheduled_domestic,2015,2,25.0,2978,2722.0,3770.0,2.0,0.0,59.0,357.0,72.202,16.527
Jet Airways,nonscheduled_international,2015,2,0.0,0,0.0,0.0,0.0,0.0,0.0,0.0,0.0,0.0
Air Costa,scheduled_domestic,2015,2,638.0,61717,47820.0,61398.0,262.0,0.0,4977.0,6455.0,77.885,77.103
Air India,scheduled_domestic,2015,2,9682.0,1010005,972342.0,1163372.0,7689.0,1514.0,100088.0,132529.0,83.58,75.522
Air India Express,scheduled_domestic,2015,2,60.0,12083,7728.0,11162.0,0.0,0.0,846.24,1503.21,69.235,56.296
AirAsia India,scheduled_domestic,2015,2,462.0,72278,64777.0,83205.0,555.4,0.0,6114.3,12421.3,77.852,49.224
Alliance Air,scheduled_domestic,2015,2,374.0,22047,12788.0,19506.0,13.0,4.0,1164.0,1896.0,65.559,61.392
Go First,scheduled_domestic,2015,2,3433.0,534795,518968.0,604177.0,5485.0,0.0,52519.0,65053.0,85.897,80.733
IndiGo,scheduled_domestic,2015,2,14591.0,2230645,2311979.0,2626290.0,10179.0,946.0,221648.0,265553.0,88.032,83.467
Jet Airways,scheduled_domestic,2015,2,7648.0,1186492,994733.0,1111317.0,6216.0,139.0,90197.0,114819.0,89.509,78.556
JetLite,scheduled_domestic,2015,2,1456.0,272590,209149.0,233236.0,1131.0,58.0,18426.0,23094.0,89.673,79.787
SpiceJet,scheduled_domestic,2015,2,3668.352,552726,490208.771,572857.667,3202.0,0.0,40577.457,50280.849,85.573,80.702
Vistara,scheduled_domestic,2015,2,373.0,33317,32325.0,55183.0,670.0,0.0,3128.499,5592.885,58.578,55.937
Air India,scheduled_international,2015,2,17829.0,463651,2041546.0,2686586.0,8123.0,212.0,245917.0,389382.0,75.99,63.156
Air India Express,scheduled_international,2015,2,3343.0,185319,503443.0,621869.0,0.0,0.0,44177.94,54356.87,80.956,81.274
IndiGo,scheduled_international,2015,2,1867.0,118979,258856.0,335987.0,1065.0,0.0,25758.0,33972.0,77.043,75.821
Jet Airways,scheduled_international,2015,2,10694.0,585636,1974615.0,2239143.0,9644.0,88.0,214152.0,290690.0,88.186,73.67
SpiceJet,scheduled_international,2015,2,985.32,73785,130708.0,172835.124,154.06,0.0,10081.63,14942.116,75.626,67.471
Air India,nonscheduled_domestic,2015,3,145.0,30102,18690.0,21975.0,0.0,0.0,1402.0,2086.0,85.051,67.21
Alliance Air,nonscheduled_domestic,2015,3,3.0,438,140.0,179.0,0.0,0.0,11.0,20.0,78.212,55.0
Jet Airways,nonscheduled_domestic,2015,3,26.0,3771,3061.0,3837.0,4.0,0.0,40.0,180.0,79.776,22.222
Jet Airways,nonscheduled_international,2015,3,0.0,0,0.0,0.0,0.0,0.0,0.0,0.0,0.0,0.0
Air Costa,scheduled_domestic,2015,3,700.0,61790,46619.0,67337.0,265.0,0.0,4896.0,7083.0,69.232,69.123
Air India,scheduled_domestic,2015,3,10689.0,996246,956765.0,1290697.0,8526.0,1545.0,99375.0,145869.0,74.128,68.126
Air India Express,scheduled_domestic,2015,3,45.0,8430,4697.0,8344.0,0.0,0.0,596.2,1314.56,56.292,45.354
AirAsia India,scheduled_domestic,2015,3,485.0,68790,62519.0,87226.0,535.1,0.0,5876.4,13021.5,71.675,45.128
Alliance Air,scheduled_domestic,2015,3,479.0,25651,16810.0,26000.0,15.0,4.0,1530.0,2628.0,64.654,58.219
Go First,scheduled_domestic,2015,3,3781.0,550969,532427.0,665383.0,4572.0,0.0,52990.0,71642.0,80.018,73.965
IndiGo,scheduled_domestic,2015,3,16829.0,2286128,2332457.0,3028942.0,9335.0,965.0,222584.0,306280.0,77.006,72.673
Jet Airways,scheduled_domestic,2015,3,8650.0,1296682,1089823.0,1258799.0,6916.0,138.0,98665.0,129790.0,86.576,76.019
JetLite,scheduled_domestic,2015,3,1612.0,294766,226377.0,257941.0,1268.0,46.0,19982.0,25612.0,87.763,78.018
SpiceJet,scheduled_domestic,2015,3,4163.891,608801,539460.694,647017.82,3687.0,0.0,44771.976,56821.053,83.376,78.795
Vistara,scheduled_domestic,2015,3,732.0,52603,58080.0,108297.0,1287.0,0.0,5776.7,10976.1,53.63,52.63
Air India,scheduled_international,2015,3,19471.0,496476,2187860.0,2921097.0,9258.0,242.0,266962.0,422956.0,74.899,63.118
Air India Express,scheduled_international,2015,3,3747.0,196665,535718.0,696963.0,0.0,0.0,50255.41,64753.19,76.865,77.611
IndiGo,scheduled_international,2015,3,2060.0,130594,285881.0,370813.0,1156.0,0.0,28488.0,37493.0,77.096,75.982
Jet Airways,scheduled_international,2015,3,11790.0,627406,2118369.0,2484258.0,11019.0,100.01,231955.0,320776.0,85.272,72.311
SpiceJet,scheduled_international,2015,3,1088.616,82544,146132.119,190905.192,195.573,0.0,11320.13,16506.673,76.547,68.579
Air India,nonscheduled_domestic,2015,4,103.0,19320,12436.0,15496.0,0.0,0.0,933.0,1434.0,80.253,65.063
Alliance Air,nonscheduled_domestic,2015,4,3.0,637,204.0,224.0,0.0,0.0,15.0,26.0,91.071,57.692
Jet Airways,nonscheduled_domestic,2015,4,15.0,2724,1752.0,2060.0,2.0,0.0,32.0,172.0,85.049,18.605
Jet Airways,nonscheduled_international,2015,4,1.0,84,61.0,123.0,0.0,0.0,0.0,13.0,49.593,0.0
Air Costa,scheduled_domestic,2015,4,690.0,66134,51417.0,66898.0,238.0,0.0,5297.0,7028.0,76.859,75.37
Air India,scheduled_domestic,2015,4,10161.0,999526,970285.0,1232577.0,7906.0,1555.0,99813.0,139800.0,78.72,71.397
Air India Express,scheduled_domestic,2015,4,54.0,13226,7467.0,10017.0,0.0,0.0,854.69,1415.69,74.543,60.373
AirAsia India,scheduled_domestic,2015,4,492.0,72313,65906.0,88569.0,450.8,0.0,6182.4,13222.1,74.412,46.758
Alliance Air,scheduled_domestic,2015,4,605.0,33047,20020.0,28906.0,15.0,4.0,1822.0,2903.0,69.259,62.763
Go First,scheduled_domestic,2015,4,3659.0,574464,550878.0,643994.0,4331.0,0.0,54445.0,69339.0,85.541,78.52
IndiGo,scheduled_domestic,2015,4,16481.0,2481285,2541928.0,2966289.0,8391.0,2032.0,241399.0,299958.0,85.694,80.478
Jet Airways,scheduled_domestic,2015,4,9022.0,1283278,1089818.0,1329659.0,7394.0,215.0,98901.0,136115.0,81.962,72.66
JetLite,scheduled_domestic,2015,4,1547.0,229057,203694.0,248763.0,1169.0,20.0,18212.0,24580.0,81.883,74.093
SpiceJet,scheduled_domestic,2015,4,4477.0,706732,618597.851,697210.343,3907.0,0.0,50914.057,61029.886,88.725,83.425
Vistara,scheduled_domestic,2015,4,833.0,79415,83024.0,123352.0,1401.0,0.0,7804.032,12501.885,67.307,62.423
Air India,scheduled_international,2015,4,18386.0,455288,1966362.0,2798786.0,9003.0,234.0,242705.0,405515.0,70.258,59.851
Air India Express,scheduled_international,2015,4,3858.0,216110,588464.0,717524.0,0.0,0.0,53938.08,67212.9,82.013,80.25
IndiGo,scheduled_international,2015,4,1998.0,137944,307456.0,359693.0,1005.0,0.0,30033.0,36369.0,85.477,82.579
Jet Airways,scheduled_international,2015,4,11610.0,610472,2055645.0,2453478.0,10575.0,84.0,222026.0,314147.0,83.785,70.676
SpiceJet,scheduled_international,2015,4,1142.064,92096,157717.411,201422.724,207.818,0.0,12169.112,17404.554,78.302,69.919
Air India,nonscheduled_domestic,2015,5,132.0,27031,16601.0,19575.0,0.0,0.0,1245.0,1828.0,84.807,68.107
Alliance Air,nonscheduled_domestic,2015,5,3.0,552,177.0,179.0,0.0,0.0,13.0,20.0,98.883,65.0
Jet Airways,nonscheduled_domestic,2015,5,296.0,4169,2779.0,3982.0,12.0,0.0,103.0,368.0,69.789,27.989
Jet Airways,nonscheduled_international,2015,5,0.0,0,0.0,0.0,0.0,0.0,0.0,0.0,0.0,0.0
Air Costa,scheduled_domestic,2015,5,629.0,61345,51616.0,63562.0,234.0,0.0,5313.0,6721.0,81.206,79.051
Air India,scheduled_domestic,2015,5,10358.0,1043708,1024659.0,1271688.0,7852.0,1501.0,104983.0,144354.0,80.575,72.726
Air India Express,scheduled_domestic,2015,5,60.0,18674,10396.0,11080.0,0.0,0.0,1122.6,1138.72,93.827,98.584
Air Pegasus,scheduled_domestic,2015,5,55.8,6348,2871.0,3683.0,0.0,0.0,199.376,295.084,77.953,67.566
AirAsia India,scheduled_domestic,2015,5,656.0,93778,96130.0,118160.0,660.4,0.0,9083.8,22372.2,81.356,40.603
Alliance Air,scheduled_domestic,2015,5,734.0,38835,22802.0,31643.0,15.0,4.0,2075.0,3165.0,72.06,65.561
Go First,scheduled_domestic,2015,5,3792.0,612994,596484.0,667461.0,5008.0,0.0,59317.0,71866.0,89.366,82.538
IndiGo,scheduled_domestic,2015,5,17185.0,2769283,2841729.0,3093332.0,10696.0,1020.0,270146.0,312776.0,91.866,86.37
Jet Airways,scheduled_domestic,2015,5,9387.0,1296787,1121388.0,1381548.0,7914.0,236.0,101878.0,139941.0,81.169,72.801
JetLite,scheduled_domestic,2015,5,1629.0,225116,206667.0,260312.0,1365.0,20.0,18669.0,25457.0,79.392,73.335
SpiceJet,scheduled_domestic,2015,5,5068.776,837236,737036.775,791722.744,4201.0,0.0,60133.94,69242.416,93.093,86.846
Vistara,scheduled_domestic,2015,5,913.0,93037,96151.0,135196.0,1599.0,0.0,8998.83,13702.32,71.12,65.674
Air India,scheduled_international,2015,5,18692.0,481194,2158733.0,2955324.0,8331.0,242.0,259436.0,431265.0,73.046,60.157
Air India Express,scheduled_international,2015,5,3958.0,239714,651793.0,736107.0,0.0,0.0,57357.49,62487.41,88.546,91.79
IndiGo,scheduled_international,2015,5,2067.0,147059,328893.0,371985.0,985.0,0.0,31900.0,37612.0,88.416,84.813
Jet Airways,scheduled_international,2015,5,12086.0,641701,2177646.0,2562945.0,11331.0,74.0,235764.0,329005.0,84.967,71.66
SpiceJet,scheduled_international,2015,5,1164.358,94634,172121.987,205778.91,264.311,0.0,13351.607,17790.761,83.644,75.048
Air India,nonscheduled_domestic,2015,6,132.0,27416,16800.0,19647.0,0.0,0.0,1260.0,1876.0,85.509,67.164
Alliance Air,nonscheduled_domestic,2015,6,1.0,260,83.0,90.0,0.0,0.0,6.0,10.0,92.222,60.0
Jet Airways,nonscheduled_domestic,2015,6,31.0,4923,3182.0,4208.0,14.0,0.0,153.0,403.0,75.618,37.965
Jet Airways,nonscheduled_international,2015,6,0.0,0,0.0,0.0,0.0,0.0,0.0,0.0,0.0,0.0
Air Costa,scheduled_domestic,2015,6,685.0,65903,53277.41,67294.4,295.0,0.0,5547.23,7071.33,79.171,78.447
Air India,scheduled_domestic,2015,6,8390.0,934155,913497.0,1239636.0,7124.0,1503.0,93842.0,140683.0,73.691,66.705
Air India Express,scheduled_domestic,2015,6,61.0,15851,9663.0,11351.0,0.0,0.0,1056.16,1529.52,85.129,69.052
Air Pegasus,scheduled_domestic,2015,6,87.2,9353,4210.4,5757.1,60.45,0.0,329.19,476.206,73.134,69.128
AirAsia India,scheduled_domestic,2015,6,953.0,125721,144151.0,171612.0,1067.5,0.0,13623.2,25619.1,83.998,53.176
Alliance Air,scheduled_domestic,2015,6,643.0,31659,18470.0,28295.0,9.0,4.0,1681.0,2822.0,65.277,59.568
Go First,scheduled_domestic,2015,6,3710.0,572147,545826.0,653047.0,4060.0,0.0,53610.0,70314.0,83.581,76.244
IndiGo,scheduled_domestic,2015,6,16692.0,2536554,2603141.0,3004343.0,9775.0,1177.0,247821.0,303802.0,86.646,81.573
Jet Airways,scheduled_domestic,2015,6,9106.0,1206583,1044457.0,1344503.0,7581.0,241.0,95240.0,135410.0,77.684,70.335
JetLite,scheduled_domestic,2015,6,1406.0,186556,172598.0,220999.0,1139.0,23.0,15664.0,21829.0,78.099,71.758
SpiceJet,scheduled_domestic,2015,6,4732.934,800048,684397.023,734017.834,3959.0,0.0,55675.114,63789.756,93.24,87.279
Vistara,scheduled_domestic,2015,6,986.0,84313,86520.0,145985.0,1694.742,0.0,8407.408,14795.76,59.266,56.823
Air India,scheduled_international,2015,6,18054.0,463537,2154821.0,2861133.0,8900.0,226.0,260429.0,413777.0,75.314,62.939
Air India Express,scheduled_international,2015,6,3794.0,215102,583210.0,705627.0,0.0,0.0,52651.72,63844.98,82.651,82.468
IndiGo,scheduled_international,2015,6,2000.0,138982,307576.0,359986.0,1035.0,0.0,30089.0,36399.0,85.441,82.664
Jet Airways,scheduled_international,2015,6,12072.0,599258,2085509.0,2531833.0,10925.0,75.0,225340.0,323717.0,82.372,69.61
SpiceJet,scheduled_international,2015,6,1104.964,86233,160211.602,195983.701,263.843,0.0,12501.466,16984.138,81.747,73.607
Air India,nonscheduled_domestic,2015,7,84.0,17175,10701.0,12483.0,0.0,0.0,803.0,1124.0,85.725,71.441
Alliance Air,nonscheduled_domestic,2015,7,1.0,221,71.0,90.0,0.0,0.0,5.0,10.0,78.889,50.0
Jet Airways,nonscheduled_domestic,2015,7,28.0,5167,3166.0,3917.0,8.0,0.0,43.0,254.0,80.827,16.929
Jet Airways,nonscheduled_international,2015,7,0.0,0,0.0,0.0,0.0,0.0,0.0,0.0,0.0,0.0
Air Costa,scheduled_domestic,2015,7,689.12,68327,55519.0,67977.0,307.0,0.0,5798.9,7152.3,81.673,81.077
Air India,scheduled_domestic,2015,7,10609.0,1032276,1010073.0,1291584.0,7375.0,1460.0,103153.0,146125.0,78.204,70.592
Air India Express,scheduled_domestic,2015,7,59.0,13999,8506.0,10883.0,27.91,0.0,943.17,1502.83,78.159,62.76
Air Pegasus,scheduled_domestic,2015,7,101.18,10749,4775.705,6677.88,70.38,0.0,378.42,558.96,71.515,67.701
AirAsia India,scheduled_domestic,2015,7,1074.0,142636,155029.0,193235.0,1150.5,0.0,14512.9,28847.1,80.228,50.31
Alliance Air,scheduled_domestic,2015,7,651.0,30552,17401.0,28650.0,9.0,4.0,1584.0,2865.0,60.736,55.288
Go First,scheduled_domestic,2015,7,3699.0,566402,528659.0,651061.0,4802.0,0.0,52924.0,70100.0,81.2,75.498
IndiGo,scheduled_domestic,2015,7,17498.0,2416916,2470014.0,3148955.0,11303.0,1000.834,237704.0,340926.0,78.439,69.723
Jet Airways,scheduled_domestic,2015,7,9382.0,1329409,1128803.0,1393270.0,7597.0,233.362,102681.0,141741.0,81.018,72.443
JetLite,scheduled_domestic,2015,7,1499.0,201874,187992.0,234814.0,1223.0,19.243,17200.0,23320.0,80.06,73.756
SpiceJet,scheduled_domestic,2015,7,4985.0,831436,707098.0,757454.0,4132.0,0.0,57531.0,67575.0,93.352,85.137
TruJet,scheduled_domestic,2015,7,58.3,8345,3391.0,4200.0,0.0,0.0,329.501,419.961,80.738,78.46
Vistara,scheduled_domestic,2015,7,1071.0,94871,95612.0,158522.0,1972.0,0.0,9464.968,16066.44,60.315,58.911
Air India,scheduled_international,2015,7,19032.0,466903,2204827.0,2989216.0,8649.0,222.0,265118.0,432653.0,73.759,61.277
Air India Express,scheduled_international,2015,7,3978.0,219225,587904.0,739845.0,354.19,0.0,54922.93,69581.56,79.463,78.933
IndiGo,scheduled_international,2015,7,2067.0,136686,302858.0,371985.0,1033.221,0.0,29719.0,42399.0,81.417,70.094
Jet Airways,scheduled_international,2015,7,12364.0,604029,2114747.0,2587643.0,10590.0,56.401,225322.0,333611.0,81.725,67.54
SpiceJet,scheduled_international,2015,7,1121.92,86585,165529.104,197800.721,261.858,0.0,12957.017,17118.065,83.685,75.692
Air India,nonscheduled_domestic,2015,8,90.0,19747,11489.0,12631.0,0.0,0.0,862.0,1209.0,90.959,71.299
Alliance Air,nonscheduled_domestic,2015,8,3.0,498,159.0,179.0,0.0,0.0,12.0,20.0,88.827,60.0
Jet Airways,nonscheduled_domestic,2015,8,23.0,5378,3224.0,3477.0,2.0,0.0,35.0,272.0,92.724,12.868
Jet Airways,nonscheduled_international,2015,8,0.0,0,0.0,0.0,0.0,0.0,0.0,0.0,0.0,0.0
Air Costa,scheduled_domestic,2015,8,666.28,62026,51422.0,66501.0,269.24,0.0,5344.0,7038.0,77.325,75.931
Air India,scheduled_domestic,2015,8,10627.0,1058866,1029339.0,1292299.0,7200.0,1494.0,104683.0,145556.0,79.652,71.919
Air India Express,scheduled_domestic,2015,8,57.0,17014,9519.0,10597.0,30.31,0.0,1043.22,1471.3,89.827,70.905
Air Pegasus,scheduled_domestic,2015,8,127.02,14480,6305.01,8180.0,103.94,0.0,1125.58,1631.15,77.078,69.005
AirAsia India,scheduled_domestic,2015,8,1112.0,134408,144349.0,200152.0,1438.0,0.0,13790.2,29879.8,72.12,46.152
Alliance Air,scheduled_domestic,2015,8,559.0,29539,17581.0,28248.0,9.0,4.0,1676.0,2839.0,62.238,59.035
Go First,scheduled_domestic,2015,8,3798.0,549462,505306.0,668519.0,4850.0,0.0,50834.0,71990.0,75.586,70.613
IndiGo,scheduled_domestic,2015,8,17578.0,2384943,2431071.0,3163792.0,10670.0,768.0,233233.0,342417.0,76.84,68.114
Jet Airways,scheduled_domestic,2015,8,9428.0,1333154,1133189.0,1402507.0,7815.0,323.0,103412.0,144826.0,80.797,71.404
JetLite,scheduled_domestic,2015,8,1537.0,204803,189635.0,240826.0,1239.0,20.385,17378.0,24263.0,78.744,71.623
SpiceJet,scheduled_domestic,2015,8,5042.456,829670,709557.871,770232.189,4132.0,0.0,57737.983,69133.847,92.123,83.516
TruJet,scheduled_domestic,2015,8,128.0,17932,7723.0,9223.0,0.0,0.0,748.344,922.306,83.736,81.138
Vistara,scheduled_domestic,2015,8,1074.0,99070,100029.0,159022.0,1682.0,0.0,9426.302,16117.14,62.903,58.486
Air India,scheduled_international,2015,8,18888.0,500304,2304626.0,2954804.0,8101.0,211.0,271293.0,424204.0,77.996,63.953
Air India Express,scheduled_international,2015,8,3968.0,234899,637884.0,738089.0,486.2,0.0,60070.21,68812.24,86.424,87.296
IndiGo,scheduled_international,2015,8,2067.0,134643,301626.0,371985.0,1052.0,0.0,29647.0,42519.0,81.086,69.726
Jet Airways,scheduled_international,2015,8,12256.0,640593,2227347.0,2580129.0,10897.0,65.0,235848.0,331894.0,86.327,71.061
SpiceJet,scheduled_international,2015,8,1140.492,89057,168425.546,202033.676,230.229,0.0,13037.49,17503.561,83.365,74.485
Air India,nonscheduled_domestic,2015,9,93.0,23546,12059.0,13469.0,0.0,0.0,904.0,1309.0,89.532,69.06
Alliance Air,nonscheduled_domestic,2015,9,2.0,363,116.0,134.0,0.0,0.0,9.0,15.0,86.567,60.0
Go First,nonscheduled_domestic,2015,9,0.645,176,116.0,116.0,0.0,0.0,10.0,12.0,100.0,83.333
Jet Airways,nonscheduled_domestic,2015,9,21.0,5183,3067.0,3403.0,4.0,0.0,35.0,248.0,90.126,14.113
JetLite,nonscheduled_domestic,2015,9,2.0,465,180.0,203.0,0.0,0.0,22.0,28.0,88.67,78.571
Jet Airways,nonscheduled_international,2015,9,0.0,0,0.0,0.0,0.0,0.0,0.0,0.0,0.0,0.0
Air Costa,scheduled_domestic,2015,9,636.0,59341,50220.0,63627.0,254.0,0.0,5235.0,6649.0,78.929,78.734
Air India,scheduled_domestic,2015,9,10020.0,990986,949092.0,1229233.0,6621.0,1319.0,96184.0,137704.0,77.21,69.848
Air India Express,scheduled_domestic,2015,9,59.0,15460,9054.0,10967.0,32.4,0.0,969.65,1525.97,82.557,63.543
Air Pegasus,scheduled_domestic,2015,9,133.174,15271,6401.0,8741.0,92.19,0.0,1204.24,1795.37,73.23,67.075
AirAsia India,scheduled_domestic,2015,9,1097.0,124861,133601.0,197384.0,1067.6,0.0,12593.0,29466.4,67.686,42.737
Alliance Air,scheduled_domestic,2015,9,603.0,29211,16390.0,26296.0,9.0,4.0,1492.0,2577.0,62.329,57.897
Go First,scheduled_domestic,2015,9,3812.0,579120,535519.0,670843.0,5012.0,0.0,53654.0,72230.0,79.828,74.282
IndiGo,scheduled_domestic,2015,9,17415.0,2430449,2489033.0,3134197.0,10867.0,695.0,238608.0,339311.0,79.415,70.321
Jet Airways,scheduled_domestic,2015,9,9257.0,1272577,1072992.0,1377776.0,7388.0,334.0,98245.0,140302.0,77.879,70.024
JetLite,scheduled_domestic,2015,9,1402.0,184198,163819.0,218611.0,1162.0,23.0,15099.0,21959.0,74.936,68.76
SpiceJet,scheduled_domestic,2015,9,4899.373,818950,702162.801,754893.92,5089.0,0.0,58298.483,67277.034,93.015,86.654
TruJet,scheduled_domestic,2015,9,146.0,19321,6287.0,7963.0,0.0,0.0,825.693,1049.659,78.953,78.663
Vistara,scheduled_domestic,2015,9,1056.0,97578,97475.0,156247.0,1486.0,0.0,9008.735,15835.86,62.385,56.888
Air India,scheduled_international,2015,9,17833.0,425477,1921745.0,2825453.0,8461.0,222.0,234937.0,402927.0,68.015,58.308
Air India Express,scheduled_international,2015,9,3869.0,216394,587596.0,719723.0,471.37,0.0,56077.63,66990.14,81.642,83.71
IndiGo,scheduled_international,2015,9,2000.0,126572,281093.0,359952.0,1046.0,0.0,27720.0,41083.0,78.092,67.473
Jet Airways,scheduled_international,2015,9,11795.0,579673,2015892.0,2482897.0,9858.0,70.0,217094.0,317725.0,81.191,68.328
SpiceJet,scheduled_international,2015,9,1112.288,88545,164547.336,198233.808,295.256,0.0,12913.298,17209.298,83.007,75.037
Air India,nonscheduled_domestic,2015,10,100.0,24669,12970.0,14949.0,0.0,0.0,973.0,1436.0,86.762,67.758
Alliance Air,nonscheduled_domestic,2015,10,1.0,126,40.0,45.0,0.0,0.0,3.0,5.0,88.889,60.0
Go First,nonscheduled_domestic,2015,10,0.0,0,0.0,0.0,0.0,0.0,0.0,0.0,0.0,0.0
Jet Airways,nonscheduled_domestic,2015,10,28.0,6129,4158.0,4667.0,8.0,0.0,85.0,389.0,89.094,21.851
JetLite,nonscheduled_domestic,2015,10,3.0,327,324.0,398.0,0.0,0.0,27.0,33.0,81.407,81.818
Jet Airways,nonscheduled_international,2015,10,0.0,0,0.0,0.0,0.0,0.0,0.0,0.0,0.0,0.0
Air Costa,scheduled_domestic,2015,10,624.0,57942,50267.0,64091.0,170.27,0.0,5091.0,6626.0,78.431,76.834
Air India,scheduled_domestic,2015,10,10099.0,1015358,980553.0,1312039.0,7691.0,1451.0,100540.0,147105.0,74.735,68.346
Air India Express,scheduled_domestic,2015,10,33.0,11644,4750.0,6110.0,32.75,0.0,599.71,1055.56,77.741,56.814
Air Pegasus,scheduled_domestic,2015,10,158.85,19484,8089.0,10466.0,128.511,0.0,1464.118,2279.51,77.288,64.23
AirAsia India,scheduled_domestic,2015,10,1125.0,150139,163238.0,202527.0,1067.7,0.0,15215.2,30234.2,80.601,50.324
Alliance Air,scheduled_domestic,2015,10,556.0,36433,19744.0,28940.0,15.0,4.0,1797.0,2864.0,68.224,62.744
Go First,scheduled_domestic,2015,10,3941.0,594406,563459.0,693677.0,3932.0,0.0,54950.0,74689.0,81.228,73.572
IndiGo,scheduled_domestic,2015,10,18141.0,2589861,2691402.0,3264626.0,11332.0,663.0,257204.0,353446.0,82.441,72.77
Jet Airways,scheduled_domestic,2015,10,9873.0,1316959,1133496.0,1470695.0,8740.0,384.0,104508.0,149943.0,77.072,69.698
JetLite,scheduled_domestic,2015,10,1262.0,171551,147201.0,194044.0,1174.0,34.0,13584.0,19460.0,75.86,69.805
SpiceJet,scheduled_domestic,2015,10,5417.897,899332,781628.0,848826.0,6208.0,0.0,65358.979,74964.606,92.083,87.186
TruJet,scheduled_domestic,2015,10,176.0,22565,9591.0,12653.0,0.0,0.0,931.641,1265.342,75.8,73.628
Vistara,scheduled_domestic,2015,10,1262.0,122815,125179.0,186760.0,2151.0,0.0,11806.969,18928.425,67.027,62.377
Air India,scheduled_international,2015,10,18398.0,425021,1908621.0,2921583.0,9109.0,204.0,236116.0,415496.0,65.328,56.828
Air India Express,scheduled_international,2015,10,3926.0,211853,569778.0,730267.0,458.6,0.0,54434.16,68338.85,78.023,79.653
IndiGo,scheduled_international,2015,10,2067.0,128515,283422.0,371985.0,997.0,0.0,27926.0,53362.0,76.192,52.333
Jet Airways,scheduled_international,2015,10,12135.0,586113,2018943.0,2546429.0,10419.0,68.0,221375.0,324510.0,79.285,68.218
SpiceJet,scheduled_international,2015,10,1143.82,87878,163658.545,204107.482,485.074,0.0,13136.471,17694.233,80.183,74.242
Air India,nonscheduled_domestic,2015,11,96.0,23936,12931.0,14311.0,0.0,0.0,970.0,1404.0,90.357,69.088
Alliance Air,nonscheduled_domestic,2015,11,3.0,511,164.0,179.0,0.0,0.0,12.0,20.0,91.62,60.0
Go First,nonscheduled_domestic,2015,11,0.0,0,0.0,0.0,0.0,0.0,0.0,0.0,0.0,0.0
Jet Airways,nonscheduled_domestic,2015,11,30.0,6792,4442.0,5064.0,9.0,0.0,87.0,450.0,87.717,19.333
JetLite,nonscheduled_domestic,2015,11,1.0,88,19.0,36.0,0.0,0.0,2.0,4.0,52.778,50.0
Jet Airways,nonscheduled_international,2015,11,7.0,500,1655.0,1940.0,0.0,0.0,1.0,283.0,85.309,0.353
Air Costa,scheduled_domestic,2015,11,499.0,45620,39962.0,51227.0,150.36,0.0,4102.5,5425.93,78.01,75.609
Air India,scheduled_domestic,2015,11,9018.0,1119595,1071721.0,1307551.0,6770.0,1361.0,107654.0,145835.0,81.964,73.819
Air India Express,scheduled_domestic,2015,11,27.0,9807,4033.0,4981.0,23.49,0.0,554.53,948.4,80.968,58.47
Air Pegasus,scheduled_domestic,2015,11,176.22,22296,9081.074,11630.52,147.172,0.0,1676.797,2634.17,78.08,63.656
AirAsia India,scheduled_domestic,2015,11,1213.0,161812,181137.0,218283.0,955.0,0.0,16630.0,32586.0,82.983,51.034
Alliance Air,scheduled_domestic,2015,11,639.0,34705,20142.0,28495.0,15.0,4.0,1832.0,2831.0,70.686,64.712
Go First,scheduled_domestic,2015,11,3872.0,602623,568787.0,681553.0,3961.0,0.0,55432.0,73383.0,83.455,75.538
IndiGo,scheduled_domestic,2015,11,17779.0,2597765,2683285.0,3197233.0,9927.0,805.91,254907.0,346296.0,83.925,73.61
Jet Airways,scheduled_domestic,2015,11,9793.0,1355202,1187543.0,1473476.0,7832.0,331.0,107983.0,150955.0,80.595,71.533
JetLite,scheduled_domestic,2015,11,1369.0,200683,167900.0,212104.0,959.0,54.0,14991.0,21278.0,79.159,70.453
SpiceJet,scheduled_domestic,2015,11,5952.024,977293,872118.867,961284.117,5117.0,0.0,70553.248,84719.511,90.724,83.279
TruJet,scheduled_domestic,2015,11,187.0,25789,10722.0,13460.0,0.0,0.0,1044.125,1346.026,79.658,77.571
Vistara,scheduled_domestic,2015,11,1297.0,136357,138517.0,191935.0,1754.0,0.0,12367.171,19452.84,72.169,63.575
Air India,scheduled_international,2015,11,17506.0,469620,2111724.0,2958362.0,8679.0,226.0,254364.0,424756.0,71.382,59.885
Air India Express,scheduled_international,2015,11,3683.0,202019,544937.0,685129.0,377.39,0.0,52317.01,64610.97,79.538,80.972
IndiGo,scheduled_international,2015,11,2000.0,130418,286326.0,359750.0,899.0,0.0,27954.0,41131.0,79.59,67.963
Jet Airways,scheduled_international,2015,11,11642.0,602041,2062438.0,2465836.0,10166.0,52.0,222229.0,313544.0,83.641,70.876
SpiceJet,scheduled_international,2015,11,1230.928,101372,195274.462,220605.603,368.598,0.0,15381.679,19107.538,88.517,80.501
Air India,nonscheduled_domestic,2015,12,98.0,23985,12907.0,14566.0,0.0,0.0,968.0,1408.0,88.61,68.75
Alliance Air,nonscheduled_domestic,2015,12,0.0,0,0.0,0.0,0.0,0.0,0.0,0.0,0.0,0.0
Go First,nonscheduled_domestic,2015,12,0.0,0,0.0,0.0,0.0,0.0,0.0,0.0,0.0,0.0
IndiGo,nonscheduled_domestic,2015,12,658.0,163,54.0,55.0,0.0,0.0,0.0,0.0,98.182,0.0
Jet Airways,nonscheduled_domestic,2015,12,52.0,10359,7988.0,8740.0,8.0,0.0,117.0,696.0,91.396,16.81
JetLite,nonscheduled_domestic,2015,12,3.0,509,353.0,413.0,0.0,0.0,30.0,40.0,85.472,75.0
Jet Airways,nonscheduled_international,2015,12,0.0,0,0.0,0.0,0.0,0.0,0.0,0.0,0.0,0.0
Air Costa,scheduled_domestic,2015,12,518.0,55444,45720.0,52518.0,159.48,0.0,4627.9,5556.87,87.056,83.282
Air India,scheduled_domestic,2015,12,9241.0,1217671,1158949.0,1332934.0,6715.0,1305.0,115709.0,149161.0,86.947,77.573
Air India Express,scheduled_domestic,2015,12,48.0,10568,5532.0,8886.0,19.9,0.0,639.81,1211.86,62.255,52.796
Air Pegasus,scheduled_domestic,2015,12,156.878,20554,8516.0,10308.0,150.38,0.0,700.0,942.0,82.615,74.31
AirAsia India,scheduled_domestic,2015,12,1390.0,181483,206958.0,250168.0,1106.0,0.0,19201.0,37346.0,82.728,51.414
Alliance Air,scheduled_domestic,2015,12,552.0,33139,17631.0,24421.0,12.0,4.0,1527.0,2322.0,72.196,65.762
Go First,scheduled_domestic,2015,12,3963.0,639264,603414.0,697574.0,5318.0,0.0,60068.0,75108.0,86.502,79.976
IndiGo,scheduled_domestic,2015,12,17819.0,2743325,2835728.0,3204462.0,10120.0,803.0,268745.0,347125.0,88.493,77.42
Jet Airways,scheduled_domestic,2015,12,9639.0,1393452,1226114.0,1464766.0,8014.0,388.0,111494.0,150730.0,83.707,73.969
JetLite,scheduled_domestic,2015,12,1354.0,217169,175735.0,211730.0,874.0,41.0,15394.0,21353.0,83.0,72.093
SpiceJet,scheduled_domestic,2015,12,5797.497,976517,869627.138,943917.927,4974.0,0.0,70694.107,83359.376,92.13,84.806
TruJet,scheduled_domestic,2015,12,212.0,27938,12636.0,15274.0,0.0,0.0,1229.0,1527.0,82.729,80.485
Vistara,scheduled_domestic,2015,12,1440.0,158348,165414.0,213191.0,1751.0,0.0,14388.0,21607.0,77.59,66.59
Air India,scheduled_international,2015,12,18866.0,538014,2482959.0,3110462.0,9149.0,244.0,296012.0,445723.0,79.826,66.412
Air India Express,scheduled_international,2015,12,3853.0,225588,607005.0,716597.0,380.77,0.0,57200.86,67123.01,84.707,85.218
IndiGo,scheduled_international,2015,12,1961.0,142020,311942.0,352751.0,459.0,0.0,29110.0,40279.0,88.431,72.271
Jet Airways,scheduled_international,2015,12,12045.0,654291,2254170.0,2580201.0,10509.0,50.0,239105.0,334436.0,87.364,71.495
SpiceJet,scheduled_international,2015,12,1468.791,121835,241326.152,265662.42,465.61,0.0,19057.509,22953.509,90.839,83.027
Air India,nonscheduled_domestic,2016,1,113.0,26082,14586.0,16713.0,0.0,0.0,1094.0,1622.0,87.273,67.448
Alliance Air,nonscheduled_domestic,2016,1,2.0,392,94.0,112.0,0.0,0.0,9.0,17.0,83.929,52.941
Go First,nonscheduled_domestic,2016,1,9.852,880,1445.0,1734.0,0.0,0.0,130.0,182.0,83.333,71.429
IndiGo,nonscheduled_domestic,2016,1,0.0,0,0.0,0.0,0.0,0.0,0.0,0.0,0.0,0.0
Jet Airways,nonscheduled_domestic,2016,1,28.0,6158,3607.0,4606.0,3.0,0.0,65.0,320.0,78.311,20.312
JetLite,nonscheduled_domestic,2016,1,1.0,270,115.0,122.0,0.0,0.0,10.0,13.0,94.262,76.923
Jet Airways,nonscheduled_international,2016,1,0.0,0,0.0,0.0,0.0,0.0,0.0,0.0,0.0,0.0
Air Costa,scheduled_domestic,2016,1,561.0,58607,47775.0,56885.0,149.0,0.0,4850.0,6004.0,83.985,80.779
Air India,scheduled_domestic,2016,1,9364.0,1157645,1099577.0,1340661.0,6604.0,1236.0,109337.0,149600.0,82.018,73.086
Air India Express,scheduled_domestic,2016,1,54.0,9535,6248.0,10027.0,23.86,0.076,513.09,1029.48,62.312,49.84
Air Pegasus,scheduled_domestic,2016,1,172.326,23487,9528.31,11373.52,150.16,0.0,740.38,1015.98,83.776,72.873
AirAsia India,scheduled_domestic,2016,1,1343.0,174996,198046.0,241751.0,1002.0,0.0,18108.0,36090.0,81.921,50.175
Alliance Air,scheduled_domestic,2016,1,592.0,29601,17226.0,26729.0,10.0,3.0,1401.0,2352.0,64.447,59.566
Blue Dart Aviation,scheduled_domestic,2016,1,424.0,0,0.0,0.0,9249.0,0.0,8905299.0,13117297.0,0.0,67.89
Go First,scheduled_domestic,2016,1,3915.0,618650,584844.0,689089.0,5457.0,0.0,58532.0,74195.0,84.872,78.889
IndiGo,scheduled_domestic,2016,1,18509.0,2725711,2818080.0,3328760.0,10905.0,957.0,268227.0,360659.0,84.659,74.371
Jet Airways,scheduled_domestic,2016,1,10034.0,1426254,1255562.0,1521970.0,6280.0,406.0,112162.0,154952.0,82.496,72.385
JetLite,scheduled_domestic,2016,1,1282.0,206231,164717.0,199737.0,689.0,54.0,14333.0,19837.0,82.467,72.254
SpiceJet,scheduled_domestic,2016,1,6022.63,1010933,896984.433,973779.302,6976.0,0.0,75090.03,86043.04,92.114,87.27
TruJet,scheduled_domestic,2016,1,220.0,29163,13182.0,15861.0,0.0,0.0,1283.0,1583.0,83.11,81.049
Vistara,scheduled_domestic,2016,1,1438.0,150066,159221.0,212803.0,1684.0,0.0,13854.0,21568.0,74.821,64.234
Air India,scheduled_international,2016,1,19464.0,545940,2550849.0,3144611.0,8492.0,256.0,262752.0,449675.0,81.118,58.432
Air India Express,scheduled_international,2016,1,3898.0,229538,613499.0,724499.0,361.69,0.834,57690.71,70536.06,84.679,81.789
IndiGo,scheduled_international,2016,1,2067.0,139730,310405.0,371737.0,768.0,0.0,29779.0,42342.0,83.501,70.33
Jet Airways,scheduled_international,2016,1,12154.0,656985,2297463.0,2597007.0,9562.0,64.0,238324.0,332168.0,88.466,71.748
SpiceJet,scheduled_international,2016,1,1517.694,122766,242225.468,273973.014,478.751,0.0,19142.995,23666.401,88.412,80.887
Air India,nonscheduled_domestic,2016,2,111.0,25365,14330.0,16520.0,0.0,0.0,1075.0,1590.0,86.743,67.61
Alliance Air,nonscheduled_domestic,2016,2,0.0,0,0.0,0.0,0.0,0.0,0.0,0.0,0.0,0.0
Go First,nonscheduled_domestic,2016,2,18.062,1936,3179.0,3179.0,0.0,0.0,286.0,334.0,100.0,85.629
IndiGo,nonscheduled_domestic,2016,2,1.237,233,144.0,222.0,0.0,0.0,0.0,0.0,64.865,0.0
Jet Airways,nonscheduled_domestic,2016,2,39.0,6984,4813.0,6473.0,7.0,0.0,120.0,448.0,74.355,26.786
JetLite,nonscheduled_domestic,2016,2,0.0,0,0.0,0.0,0.0,0.0,0.0,0.0,0.0,0.0
Jet Airways,nonscheduled_international,2016,2,0.0,0,0.0,0.0,0.0,0.0,0.0,0.0,0.0,0.0
Air Costa,scheduled_domestic,2016,2,491.0,56760,44041.0,50590.0,150.922,0.0,4505.0,5333.0,87.055,84.474
Air India,scheduled_domestic,2016,2,8909.0,1085634,1015279.0,1266015.0,6260.0,1006.0,101572.0,142113.0,80.195,71.473
Air India Express,scheduled_domestic,2016,2,35.0,6724,3444.0,6438.0,28.75,0.08,289.21,600.55,53.495,48.158
Air Pegasus,scheduled_domestic,2016,2,138.0,19135,7789.24,9118.96,113.67,0.0,602.28,824.95,85.418,73.008
AirAsia India,scheduled_domestic,2016,2,1211.0,166829,189144.0,217977.0,1094.0,0.0,17336.0,32541.0,86.772,53.274
Alliance Air,scheduled_domestic,2016,2,514.0,35835,19904.0,30141.0,0.0,3.0,1387.0,2145.0,66.036,64.662
Blue Dart Aviation,scheduled_domestic,2016,2,496.0,0,0.0,0.0,10033.0,0.0,10564640.0,15423717.0,0.0,68.496
Go First,scheduled_domestic,2016,2,3690.0,595139,560809.0,649429.0,5219.0,0.0,55996.0,69924.0,86.354,80.081
IndiGo,scheduled_domestic,2016,2,18249.0,2754131,2824045.0,3281993.0,11417.0,1006.0,269210.0,355554.0,86.047,75.716
Jet Airways,scheduled_domestic,2016,2,10024.0,1366421,1187499.0,1430031.0,6372.0,445.0,107282.0,144912.0,83.04,74.033
JetLite,scheduled_domestic,2016,2,1331.0,206391,167434.0,206978.0,736.0,77.0,14783.0,20665.0,80.895,71.536
SpiceJet,scheduled_domestic,2016,2,5733.85,976302,860370.314,932043.749,4982.0,0.0,70075.03,82248.909,92.31,85.199
TruJet,scheduled_domestic,2016,2,204.0,25585,11608.0,14720.0,0.0,0.0,1139.0,1472.0,78.859,77.378
Vistara,scheduled_domestic,2016,2,1390.0,148657,151970.0,205711.0,1610.0,0.0,13247.0,20849.0,73.875,63.538
Air India,scheduled_international,2016,2,18062.0,464071,2197646.0,2931310.0,8985.0,238.0,266957.0,419457.0,74.971,63.643
Air India Express,scheduled_international,2016,2,3645.0,200151,534684.0,678036.0,388.18,0.542,50851.09,65193.78,78.858,78.0
IndiGo,scheduled_international,2016,2,2021.0,134780,294744.0,363566.0,887.0,0.0,28617.0,41440.0,81.07,69.056
Jet Airways,scheduled_international,2016,2,11251.0,569567,1990811.0,2403481.0,9381.0,63.0,213392.0,306285.0,82.83,69.671
SpiceJet,scheduled_international,2016,2,1561.652,126394,249143.865,283017.25,402.589,0.0,19500.891,24408.883,88.031,79.893
Air India,nonscheduled_domestic,2016,3,133.0,29748,17460.0,19740.0,0.0,0.0,1310.0,1915.0,88.45,68.407
Alliance Air,nonscheduled_domestic,2016,3,0.0,0,0.0,0.0,0.0,0.0,0.0,0.0,0.0,0.0
Go First,nonscheduled_domestic,2016,3,0.0,0,0.0,0.0,0.0,0.0,0.0,0.0,0.0,0.0
IndiGo,nonscheduled_domestic,2016,3,1.331,342,227.0,239.0,0.0,0.0,0.0,0.0,94.979,0.0
Jet Airways,nonscheduled_domestic,2016,3,11.0,7669,4878.0,6630.0,5.0,0.0,71.0,451.0,73.575,15.743
JetLite,nonscheduled_domestic,2016,3,0.0,0,0.0,0.0,0.0,0.0,0.0,0.0,0.0,0.0
Jet Airways,nonscheduled_international,2016,3,1.0,135,193.0,2240.0,2.0,0.0,18.0,25.0,8.616,72.0
Air Costa,scheduled_domestic,2016,3,483.0,54387,44391.0,54082.0,155.9,0.0,4527.37,5742.0,82.081,78.847
Air India,scheduled_domestic,2016,3,9547.0,1086743,1026262.0,1351725.0,5287.0,1016.0,99710.0,152513.0,75.922,65.378
Air India Express,scheduled_domestic,2016,3,38.0,6715,3883.0,7105.0,19.52,0.06,288.06,591.45,54.652,48.704
Air Pegasus,scheduled_domestic,2016,3,118.11,14420,5968.4,7795.4,84.56,0.0,490.11,688.32,76.563,71.204
AirAsia India,scheduled_domestic,2016,3,1378.0,176832,205005.0,247991.0,1021.0,0.0,18663.0,37021.0,82.666,50.412
Alliance Air,scheduled_domestic,2016,3,670.0,37784,20673.0,31837.0,9.0,3.0,1888.0,3094.0,64.934,61.021
Blue Dart Aviation,scheduled_domestic,2016,3,508.0,0,0.0,0.0,10483.0,0.0,10769536.0,16139392.0,0.0,66.728
Go First,scheduled_domestic,2016,3,4086.0,655518,620742.0,719059.0,4921.0,0.0,61116.0,77421.0,86.327,78.94
IndiGo,scheduled_domestic,2016,3,20163.0,3023228,3086455.0,3626104.0,11670.0,972.0,293099.0,392682.0,85.118,74.64
Jet Airways,scheduled_domestic,2016,3,10043.0,1381232,1200354.0,1516542.0,7026.0,613.0,108851.0,152842.0,79.151,71.218
JetLite,scheduled_domestic,2016,3,1494.0,206092,177966.0,231160.0,779.0,84.0,15645.0,23028.0,76.988,67.939
SpiceJet,scheduled_domestic,2016,3,5997.381,1006417,887421.715,973971.311,5275.0,0.0,72384.343,79087.183,91.114,91.525
TruJet,scheduled_domestic,2016,3,227.0,27950,12695.0,16298.0,0.0,0.0,1241.0,1630.0,77.893,76.135
Vistara,scheduled_domestic,2016,3,1475.0,158084,163102.0,218315.0,1630.0,0.0,14075.0,22121.0,74.709,63.627
Air India,scheduled_international,2016,3,19370.0,498298,2336591.0,3130554.0,8350.0,312.0,276395.0,448276.0,74.638,61.657
Air India Express,scheduled_international,2016,3,3923.0,224198,599815.0,729717.0,515.38,0.92,55764.91,68793.31,82.198,81.062
IndiGo,scheduled_international,2016,3,2201.0,152886,336014.0,396213.0,1072.0,0.0,32840.0,45213.0,84.806,72.634
Jet Airways,scheduled_international,2016,3,11981.0,618227,2089386.0,2537451.0,10729.0,68.0,224939.0,320102.0,82.342,70.271
SpiceJet,scheduled_international,2016,3,1799.378,146195,292766.615,328387.478,534.151,0.0,23074.881,28157.657,89.153,81.949
Air India,nonscheduled_domestic,2016,4,129.0,28080,16146.0,19502.0,0.0,0.0,1211.0,1943.0,82.792,62.326
Alliance Air,nonscheduled_domestic,2016,4,3.0,534,166.0,180.0,0.0,0.0,12.0,20.0,92.222,60.0
Go First,nonscheduled_domestic,2016,4,0.0,0,0.0,0.0,0.0,0.0,0.0,0.0,0.0,0.0
IndiGo,nonscheduled_domestic,2016,4,0.0,0,0.0,0.0,0.0,0.0,0.0,0.0,0.0,0.0
Jet Airways,nonscheduled_domestic,2016,4,26.0,6537,3790.0,4428.0,8.0,0.0,46.0,66.0,85.592,69.697
JetLite,nonscheduled_domestic,2016,4,0.0,0,0.0,0.0,0.0,0.0,0.0,0.0,0.0,0.0
Jet Airways,nonscheduled_international,2016,4,14.0,803,2984.0,3454.0,0.0,0.0,0.0,0.0,86.393,0.0
Air Costa,scheduled_domestic,2016,4,560.0,64459,52416.0,62393.0,207.0,0.0,5333.0,6660.0,84.009,80.075
Air India,scheduled_domestic,2016,4,9422.0,1117795,1059358.0,1337619.0,5215.0,955.0,104383.0,149958.0,79.197,69.608
Air India Express,scheduled_domestic,2016,4,35.12,6740,3631.0,6533.0,21.66,0.06,307.29,621.36,55.579,49.454
Air Pegasus,scheduled_domestic,2016,4,161.66,20385,8338.09,10676.29,122.7,0.0,617.99,893.77,78.099,69.144
AirAsia India,scheduled_domestic,2016,4,1226.0,167422,187232.0,220757.0,1001.0,0.0,17117.0,32956.0,84.814,51.939
Alliance Air,scheduled_domestic,2016,4,630.0,44691,25333.0,36415.0,7.0,3.0,2262.0,3584.0,69.567,63.114
Blue Dart Aviation,scheduled_domestic,2016,4,484.0,0,0.0,0.0,9529.0,0.0,9772089.0,15386735.0,0.0,63.51
Go First,scheduled_domestic,2016,4,4152.0,676012,641370.0,730791.0,4894.0,0.0,62801.0,78685.0,87.764,79.813
IndiGo,scheduled_domestic,2016,4,20351.0,3066556,3141475.0,3660008.0,11363.0,872.0,297715.0,396261.0,85.832,75.131
Jet Airways,scheduled_domestic,2016,4,9250.0,1255053,1108620.0,1412683.0,6126.0,643.0,100094.0,145473.0,78.476,68.806
JetLite,scheduled_domestic,2016,4,1723.0,240818,211297.0,269854.0,1067.0,117.0,18693.0,26815.0,78.3,69.711
SpiceJet,scheduled_domestic,2016,4,5948.121,1021299,888876.861,953736.587,4432.0,0.0,71596.959,84122.953,93.199,85.11
TruJet,scheduled_domestic,2016,4,264.0,32830,14684.0,18812.0,0.0,0.0,1430.0,1881.0,78.057,76.023
Vistara,scheduled_domestic,2016,4,1586.0,182880,187761.0,241145.0,1914.0,0.0,15996.0,23785.0,77.862,67.252
Air India,scheduled_international,2016,4,18992.0,465781,2173361.0,3057620.0,8910.0,298.0,263349.0,439373.0,71.08,59.937
Air India Express,scheduled_international,2016,4,4111.45,246332,649013.0,764730.0,655.83,0.56,52197.41,63175.86,84.868,82.622
IndiGo,scheduled_international,2016,4,2126.0,142296,315492.0,382604.0,1040.0,0.0,30924.0,43691.0,82.459,70.779
Jet Airways,scheduled_international,2016,4,11959.0,624547,2055429.0,2511624.0,9825.0,57.0,217428.0,313964.0,81.837,69.253
SpiceJet,scheduled_international,2016,4,1758.148,139579,282230.125,320479.774,514.506,0.0,22172.504,27464.53,88.065,80.731
Air India,nonscheduled_domestic,2016,5,185.0,40037,35368.0,37978.0,0.0,0.0,2653.0,5019.0,93.128,52.859
Alliance Air,nonscheduled_domestic,2016,5,0.0,0,0.0,0.0,0.0,0.0,0.0,0.0,0.0,0.0
Go First,nonscheduled_domestic,2016,5,0.0,0,0.0,0.0,0.0,0.0,0.0,0.0,0.0,0.0
IndiGo,nonscheduled_domestic,2016,5,0.0,0,0.0,0.0,0.0,0.0,0.0,0.0,0.0,0.0
Jet Airways,nonscheduled_domestic,2016,5,31.0,6361,4580.0,5040.0,7.0,0.0,25.0,443.0,90.873,5.643
JetLite,nonscheduled_domestic,2016,5,0.0,0,0.0,0.0,0.0,0.0,0.0,0.0,0.0,0.0
QuikJet Cargo,nonscheduled_domestic,2016,5,20.0,0,0.0,0.0,82.42,0.0,82.0,377.0,0.0,21.751
Jet Airways,nonscheduled_international,2016,5,0.0,0,0.0,0.0,0.0,0.0,0.0,0.0,0.0,0.0
Air Costa,scheduled_domestic,2016,5,563.0,65321,53773.46,62761.74,181.21,0.0,5653.66,6684.36,85.679,84.58
Air India,scheduled_domestic,2016,5,9826.0,1246137,1193980.0,1403744.0,5514.0,841.0,117130.0,157421.0,85.057,74.406
Air India Express,scheduled_domestic,2016,5,68.94,12727,9490.0,12822.0,26.51,0.06,759.97,1170.54,74.013,64.925
Air Pegasus,scheduled_domestic,2016,5,153.29,21015,8661.54,10822.74,143.14,0.0,701.31,933.36,80.031,75.138
AirAsia India,scheduled_domestic,2016,5,1382.0,190379,215828.0,248765.0,982.0,0.0,19417.0,37137.0,86.76,52.285
Alliance Air,scheduled_domestic,2016,5,715.0,50046,28705.0,40494.0,0.0,0.0,2619.0,4007.0,70.887,65.361
Blue Dart Aviation,scheduled_domestic,2016,5,507.0,0,0.0,0.0,10305.0,0.0,10698545.0,16095961.0,0.0,66.467
Go First,scheduled_domestic,2016,5,4299.0,700766,670288.0,756663.0,4772.0,0.0,65377.0,81470.0,88.585,80.247
IndiGo,scheduled_domestic,2016,5,21724.0,3336839,3408589.0,3907259.0,12811.0,896.0,323561.0,422755.0,87.237,76.536
Jet Airways,scheduled_domestic,2016,5,9706.0,1387661,1230675.0,1489645.0,7071.0,800.0,111514.0,151063.0,82.615,73.82
JetLite,scheduled_domestic,2016,5,1776.0,254309,225511.0,278905.0,1370.0,126.0,20181.0,27364.0,80.856,73.75
QuikJet Cargo,scheduled_domestic,2016,5,68.0,0,0.0,0.0,307.384,0.0,307.84,1248.953,0.0,24.648
SpiceJet,scheduled_domestic,2016,5,6318.977,1096114,943748.375,1009125.407,4176.0,0.0,75378.902,89071.547,93.521,84.627
TruJet,scheduled_domestic,2016,5,319.0,40842,18372.0,22767.0,0.0,0.0,1773.0,2277.0,80.696,77.866
Vistara,scheduled_domestic,2016,5,1824.0,221225,223694.0,279241.0,1795.0,0.0,18900.0,27361.0,80.108,69.076
Air India,scheduled_international,2016,5,19470.0,489623,2248359.0,3144952.0,9292.0,246.0,272938.0,451183.0,71.491,60.494
Air India Express,scheduled_international,2016,5,4431.08,260886,684313.0,824181.0,577.29,0.52,62795.78,76579.58,83.029,82.001
IndiGo,scheduled_international,2016,5,2202.0,146445,326353.0,396347.0,1059.0,0.0,31962.0,45233.0,82.34,70.661
Jet Airways,scheduled_international,2016,5,12345.0,651918,2139231.0,2583144.0,10062.0,69.0,225507.0,321280.0,82.815,70.19
SpiceJet,scheduled_international,2016,5,1810.503,142396,288782.599,330855.0,574.896,0.0,22797.711,29361.161,87.284,77.646
Air India,nonscheduled_domestic,2016,6,128.0,28403,16476.0,18849.0,0.0,0.0,1236.0,1835.0,87.41,67.357
Alliance Air,nonscheduled_domestic,2016,6,3.0,554,168.0,179.0,0.0,0.0,11.0,20.0,93.855,55.0
Go First,nonscheduled_domestic,2016,6,0.0,0,0.0,0.0,0.0,0.0,0.0,0.0,0.0,0.0
IndiGo,nonscheduled_domestic,2016,6,0.0,0,0.0,0.0,0.0,0.0,0.0,0.0,0.0,0.0
Jet Airways,nonscheduled_domestic,2016,6,23.0,6045,3524.0,3821.0,9.0,0.0,65.0,354.0,92.227,18.362
JetLite,nonscheduled_domestic,2016,6,0.0,0,0.0,0.0,0.0,0.0,0.0,0.0,0.0,0.0
QuikJet Cargo,nonscheduled_domestic,2016,6,0.0,0,0.0,0.0,0.0,0.0,0.0,0.0,0.0,0.0
Jet Airways,nonscheduled_international,2016,6,0.0,0,0.0,0.0,0.0,0.0,0.0,0.0,0.0,0.0
Air Costa,scheduled_domestic,2016,6,549.0,62187,49822.0,61124.0,219.8,0.0,5289.0,6524.0,81.51,81.07
Air India,scheduled_domestic,2016,6,9370.0,1156490,1116084.0,1352302.0,5254.0,876.0,109668.0,152016.0,82.532,72.142
Air India Express,scheduled_domestic,2016,6,34.91,7897,4344.0,6492.0,146.86,0.0,333.63,555.37,66.913,60.073
Air Pegasus,scheduled_domestic,2016,6,110.9,14296,5457.34,7256.17,89.88,0.0,439.39,660.2,75.21,66.554
AirAsia India,scheduled_domestic,2016,6,1265.0,173192,205349.0,227723.0,912.0,0.0,18061.6,33996.0,90.175,53.129
Alliance Air,scheduled_domestic,2016,6,675.0,44202,25925.0,39578.0,3.0,3.0,2366.0,3880.0,65.504,60.979
Blue Dart Aviation,scheduled_domestic,2016,6,511.0,0,0.0,0.0,10584.0,0.0,10728894.0,16100122.0,0.0,66.639
Go First,scheduled_domestic,2016,6,4116.0,663991,612664.0,724376.0,4937.0,0.0,60302.0,77994.0,84.578,77.316
IndiGo,scheduled_domestic,2016,6,22057.0,3023081,3088436.0,3967035.0,12476.0,976.0,294320.0,429236.0,77.853,68.568
Jet Airways,scheduled_domestic,2016,6,9285.0,1290114,1125175.0,1422843.0,6149.0,921.0,101793.0,135498.0,79.079,75.125
JetLite,scheduled_domestic,2016,6,1689.0,226769,199153.0,264951.0,1333.0,117.0,18012.0,25533.0,75.166,70.544
QuikJet Cargo,scheduled_domestic,2016,6,78.0,0,0.0,0.0,371.8,0.0,371.8,1434.1,0.0,25.926
SpiceJet,scheduled_domestic,2016,6,5874.678,1010110,877889.454,943570.242,4012.0,0.0,70234.39,82712.808,93.039,84.914
TruJet,scheduled_domestic,2016,6,268.0,34524,15548.0,19201.0,0.0,0.0,1508.0,1920.0,80.975,78.542
Vistara,scheduled_domestic,2016,6,1990.0,226938,241416.0,305671.0,2839.0,0.0,20945.0,29853.0,78.979,70.16
Air India,scheduled_international,2016,6,18834.0,460734,2245263.0,3058410.0,9394.0,236.0,273823.0,439309.0,73.413,62.33
Air India Express,scheduled_international,2016,6,4885.34,240723,662894.0,908674.0,681.16,0.87,59712.71,80263.46,72.952,74.396
IndiGo,scheduled_international,2016,6,2180.0,136128,302437.0,392314.0,1022.0,0.0,29685.0,44794.0,77.091,66.27
Jet Airways,scheduled_international,2016,6,12180.0,616604,2089348.0,2577096.0,10600.0,76.0,222981.0,315945.0,81.074,70.576
SpiceJet,scheduled_international,2016,6,1723.951,129462,263599.132,316569.279,472.166,0.0,20782.036,26995.906,83.267,76.982
Air India,nonscheduled_domestic,2016,7,123.0,27573,14378.0,17505.0,0.0,0.0,1078.0,1698.0,82.137,63.486
Alliance Air,nonscheduled_domestic,2016,7,5.0,644,202.0,215.0,0.0,0.0,13.0,20.0,93.953,65.0
Go First,nonscheduled_domestic,2016,7,0.0,0,0.0,0.0,0.0,0.0,0.0,0.0,0.0,0.0
IndiGo,nonscheduled_domestic,2016,7,0.0,0,0.0,0.0,0.0,0.0,0.0,0.0,0.0,0.0
Jet Airways,nonscheduled_domestic,2016,7,20.0,4697,2743.0,3278.0,3.0,0.0,25.0,275.0,83.679,9.091
JetLite,nonscheduled_domestic,2016,7,0.0,0,0.0,0.0,0.0,0.0,0.0,0.0,0.0,0.0
QuikJet Cargo,nonscheduled_domestic,2016,7,0.0,0,0.0,0.0,0.0,0.0,0.0,0.0,0.0,0.0
Jet Airways,nonscheduled_international,2016,7,0.0,0,0.0,0.0,0.0,0.0,0.0,0.0,0.0,0.0
Air Costa,scheduled_domestic,2016,7,581.0,65239,52340.0,64771.0,244.01,0.0,5536.0,6904.0,80.808,80.185
Air India,scheduled_domestic,2016,7,9597.0,1177504,1121939.0,1389369.0,5452.0,1025.0,111011.0,155885.0,80.752,71.213
Air India Express,scheduled_domestic,2016,7,35.99,7740,4799.0,6693.0,36.16,0.0,387.24,584.39,71.702,66.264
Air Pegasus,scheduled_domestic,2016,7,100.58,14231,5530.0,6587.2,92.28,0.0,432.44,602.45,83.951,71.78
AirAsia India,scheduled_domestic,2016,7,1409.0,190509,217444.0,253660.0,1278.0,0.0,19417.1,37868.0,85.723,51.276
Alliance Air,scheduled_domestic,2016,7,765.0,47610,27778.0,42606.0,3.0,3.0,2534.0,4163.0,65.197,60.87
Blue Dart Aviation,scheduled_domestic,2016,7,508.0,0,0.0,0.0,10287.0,0.0,10580200.0,15996494.0,0.0,66.141
Go First,scheduled_domestic,2016,7,4183.0,716125,664584.0,736130.0,4426.0,0.0,64487.0,79259.0,90.281,81.362
IndiGo,scheduled_domestic,2016,7,22722.0,3383768,3416019.0,4086542.0,12891.0,1352.0,324930.0,441861.0,83.592,73.537
Jet Airways,scheduled_domestic,2016,7,9309.0,1385366,1191830.0,1421765.0,7178.0,793.0,108665.0,140646.0,83.827,77.261
JetLite,scheduled_domestic,2016,7,1704.0,238924,216257.0,267380.0,1393.0,107.0,19671.0,25788.0,80.88,76.28
QuikJet Cargo,scheduled_domestic,2016,7,0.0,0,0.0,0.0,0.0,0.0,0.0,0.0,0.0,0.0
SpiceJet,scheduled_domestic,2016,7,5881.896,993785,861733.018,936395.77,4187.0,0.0,69245.95,84457.5,92.027,81.989
TruJet,scheduled_domestic,2016,7,228.0,29327,12939.0,16300.0,0.0,0.0,1206.0,1630.0,79.38,73.988
Vistara,scheduled_domestic,2016,7,2118.0,225103,248636.0,330543.0,2410.0,0.0,21558.0,31765.0,75.22,67.867
Air India,scheduled_international,2016,7,19529.0,492350,2422275.0,3161525.0,8286.0,203.0,287731.0,453411.0,76.617,63.459
Air India Express,scheduled_international,2016,7,5074.37,281438,743489.0,943833.0,747.56,0.51,55689.182,71885.45,78.773,77.469
IndiGo,scheduled_international,2016,7,2353.0,151887,342353.0,423477.0,1094.0,0.0,33470.0,48186.0,80.843,69.46
Jet Airways,scheduled_international,2016,7,12834.0,674454,2248465.0,2706778.0,10718.0,95.0,237796.0,339388.0,83.068,70.066
SpiceJet,scheduled_international,2016,7,1778.74,138953,284276.896,326615.818,428.9,0.0,22277.692,27852.953,87.037,79.983
Air India,nonscheduled_domestic,2016,8,124.0,26094,14119.0,16968.0,0.0,0.0,1059.0,1650.0,83.21,64.182
Alliance Air,nonscheduled_domestic,2016,8,0.0,0,0.0,0.0,0.0,0.0,0.0,0.0,0.0,0.0
Go First,nonscheduled_domestic,2016,8,0.0,0,0.0,0.0,0.0,0.0,0.0,0.0,0.0,0.0
IndiGo,nonscheduled_domestic,2016,8,0.0,0,0.0,0.0,0.0,0.0,0.0,0.0,0.0,0.0
Jet Airways,nonscheduled_domestic,2016,8,22.0,5135,2917.0,3710.0,9.0,0.0,36.0,299.0,78.625,12.04
JetLite,nonscheduled_domestic,2016,8,0.0,0,0.0,0.0,0.0,0.0,0.0,0.0,0.0,0.0
QuikJet Cargo,nonscheduled_domestic,2016,8,0.0,0,0.0,0.0,0.0,0.0,0.0,0.0,0.0,0.0
Jet Airways,nonscheduled_international,2016,8,0.0,0,0.0,0.0,0.0,0.0,0.0,0.0,0.0,0.0
Air Carnival,scheduled_domestic,2016,8,1.667,4036,1683.306,2567.11,0.0,0.0,133.187,245.279,65.572,54.3
Air Costa,scheduled_domestic,2016,8,550.0,55188,43382.0,61251.0,197.7,0.0,4440.0,6531.0,70.827,67.983
Air India,scheduled_domestic,2016,8,9572.0,1134913,1075713.0,1378742.0,5545.0,946.0,106481.0,155042.0,78.021,68.679
Air India Express,scheduled_domestic,2016,8,37.49,9139,4870.0,6973.0,28.95,0.0,382.11,578.68,69.841,66.031
Air Pegasus,scheduled_domestic,2016,8,0.0,0,0.0,0.0,0.0,0.0,0.0,0.0,0.0,0.0
AirAsia India,scheduled_domestic,2016,8,1415.0,187620,212354.0,254783.0,1200.0,0.0,18701.9,38035.0,83.347,49.17
Alliance Air,scheduled_domestic,2016,8,880.0,54618,28830.0,43073.0,7.0,3.0,2577.0,4129.0,66.933,62.412
Blue Dart Aviation,scheduled_domestic,2016,8,550.0,0,0.0,0.0,10965.0,0.0,11487311.0,17279414.0,0.0,66.48
Go First,scheduled_domestic,2016,8,4111.0,674131,622573.0,723532.0,3819.0,0.0,60133.0,77903.0,86.046,77.19
IndiGo,scheduled_domestic,2016,8,22491.0,3341081,3321459.0,4045142.0,12308.0,1448.0,315634.0,437496.0,82.11,72.146
Jet Airways,scheduled_domestic,2016,8,9326.0,1365257,1165058.0,1425780.0,7502.0,829.0,106785.0,141476.0,81.714,75.479
JetLite,scheduled_domestic,2016,8,1694.0,234241,210492.0,266668.0,1396.0,116.0,19194.0,25910.0,78.934,74.08
QuikJet Cargo,scheduled_domestic,2016,8,0.0,0,0.0,0.0,0.0,0.0,0.0,0.0,0.0,0.0
SpiceJet,scheduled_domestic,2016,8,6091.462,1053603,912117.463,978308.404,4117.0,0.0,69096.414,86063.871,93.234,80.285
TruJet,scheduled_domestic,2016,8,238.0,30534,13144.0,16921.0,0.0,0.0,1278.0,1692.0,77.679,75.532
Vistara,scheduled_domestic,2016,8,2067.0,205157,225991.0,326607.0,2740.0,0.0,19689.0,31007.0,69.194,63.499
Air India,scheduled_international,2016,8,18975.0,495666,2404723.0,3093693.0,8649.0,190.0,287049.0,440664.0,77.73,65.14
Air India Express,scheduled_international,2016,8,4955.1,280437,738121.0,921649.0,838.53,0.87,64738.4,78920.47,80.087,82.03
IndiGo,scheduled_international,2016,8,2220.0,137506,306452.0,399671.0,1132.0,0.0,30266.0,45609.0,76.676,66.36
Jet Airways,scheduled_international,2016,8,12985.0,699335,2323762.0,2775395.0,11100.0,69.0,244238.0,347205.0,83.727,70.344
SpiceJet,scheduled_international,2016,8,1678.451,129450,263563.127,306885.799,471.42,0.0,20789.707,26248.329,85.883,79.204
Air India,nonscheduled_domestic,2016,9,109.0,25579,13625.0,15542.0,0.0,0.0,1022.0,1519.0,87.666,67.281
Alliance Air,nonscheduled_domestic,2016,9,0.0,0,0.0,0.0,0.0,0.0,0.0,0.0,0.0,0.0
Go First,nonscheduled_domestic,2016,9,0.0,0,0.0,0.0,0.0,0.0,0.0,0.0,0.0,0.0
IndiGo,nonscheduled_domestic,2016,9,0.0,0,0.0,0.0,0.0,0.0,0.0,0.0,0.0,0.0
Jet Airways,nonscheduled_domestic,2016,9,25.0,5627,3225.0,4187.0,13.0,0.0,34.0,357.0,77.024,9.524
JetLite,nonscheduled_domestic,2016,9,0.0,0,0.0,0.0,0.0,0.0,0.0,0.0,0.0,0.0
QuikJet Cargo,nonscheduled_domestic,2016,9,0.0,0,0.0,0.0,0.0,0.0,0.0,0.0,0.0,0.0
Jet Airways,nonscheduled_international,2016,9,0.0,0,0.0,0.0,0.0,0.0,0.0,0.0,0.0,0.0
Air Carnival,scheduled_domestic,2016,9,1.667,6357,2603.822,4309.34,0.0,0.0,209.842,408.125,60.423,51.416
Air Costa,scheduled_domestic,2016,9,527.0,50799,43269.0,58697.0,179.7,0.0,4446.0,6259.0,73.716,71.034
Air India,scheduled_domestic,2016,9,9247.0,1117959,1062026.0,1337813.0,4904.0,885.0,104458.0,151047.0,79.385,69.156
Air India Express,scheduled_domestic,2016,9,35.12,9666,4889.0,6533.0,22.02,0.06,428.85,619.39,74.835,69.237
Air Pegasus,scheduled_domestic,2016,9,0.0,0,0.0,0.0,0.0,0.0,0.0,0.0,0.0,0.0
AirAsia India,scheduled_domestic,2016,9,1433.0,187920,213672.0,257982.0,1114.0,0.0,18676.1,38513.0,82.824,48.493
Alliance Air,scheduled_domestic,2016,9,905.0,52990,27763.0,42171.0,5.0,3.0,2526.0,4058.0,65.834,62.247
Blue Dart Aviation,scheduled_domestic,2016,9,524.0,0,0.0,0.0,11150.0,0.0,11498589.0,16571460.0,0.0,69.388
Go First,scheduled_domestic,2016,9,4022.0,686692,632943.0,707832.0,4053.0,0.0,61363.0,76213.0,89.42,80.515
IndiGo,scheduled_domestic,2016,9,22200.0,3295826,3275496.0,3991989.0,13877.0,1415.0,314639.0,431457.0,82.052,72.925
Jet Airways,scheduled_domestic,2016,9,9193.0,1326741,1126285.0,1409126.0,7719.0,743.0,103832.0,141449.0,79.928,73.406
JetLite,scheduled_domestic,2016,9,1506.0,198098,186487.0,240727.0,1344.0,109.0,17264.0,23703.0,77.468,72.835
QuikJet Cargo,scheduled_domestic,2016,9,0.0,0,0.0,0.0,0.0,0.0,0.0,0.0,0.0,0.0
SpiceJet,scheduled_domestic,2016,9,6020.069,1029704,900939.075,963818.884,5494.0,0.0,73630.955,84828.727,93.476,86.8
TruJet,scheduled_domestic,2016,9,270.0,32677,14523.0,19213.0,0.0,0.0,1426.0,1921.0,75.589,74.232
Vistara,scheduled_domestic,2016,9,1945.0,203216,223479.0,307339.0,2726.0,0.0,19487.0,29178.0,72.714,66.787
Air India,scheduled_international,2016,9,18463.0,459875,2206891.0,3026515.0,8749.0,170.0,267712.0,431379.0,72.919,62.06
Air India Express,scheduled_international,2016,9,5104.83,277156,730256.0,949497.0,786.61,0.95,72751.14,92495.31,76.91,78.654
IndiGo,scheduled_international,2016,9,2326.0,143635,322150.0,418768.0,1168.0,0.0,31784.0,47770.0,76.928,66.535
Jet Airways,scheduled_international,2016,9,12671.0,628260,2106656.0,2718277.0,11228.0,63.0,229488.0,348084.0,77.5,65.929
SpiceJet,scheduled_international,2016,9,1753.7,137371,276276.611,320351.456,556.0,0.0,21836.271,27403.178,86.242,79.685
Air India,nonscheduled_domestic,2016,10,136.0,24948,13782.0,19098.0,0.0,0.0,1034.0,1877.0,72.165,55.088
Alliance Air,nonscheduled_domestic,2016,10,0.0,0,0.0,0.0,0.0,0.0,0.0,0.0,0.0,0.0
Go First,nonscheduled_domestic,2016,10,0.0,0,0.0,0.0,0.0,0.0,0.0,0.0,0.0,0.0
IndiGo,nonscheduled_domestic,2016,10,0.0,0,0.0,0.0,0.0,0.0,0.0,0.0,0.0,0.0
Jet Airways,nonscheduled_domestic,2016,10,37.0,6980,4122.0,5896.0,9.0,0.0,54.0,543.0,69.912,9.945
JetLite,nonscheduled_domestic,2016,10,3.0,222,80.0,547.0,0.0,0.0,7.0,57.0,14.625,12.281
QuikJet Cargo,nonscheduled_domestic,2016,10,0.0,0,0.0,0.0,0.0,0.0,0.0,0.0,0.0,0.0
Jet Airways,nonscheduled_international,2016,10,0.0,0,0.0,0.0,0.0,0.0,0.0,0.0,0.0,0.0
Air Carnival,scheduled_domestic,2016,10,76.628,7708,3140.474,5363.96,0.0,0.0,232.88,507.26,58.548,45.909
Air Costa,scheduled_domestic,2016,10,611.0,51223,48181.0,68190.0,170.6,0.0,4899.0,7229.0,70.657,67.769
Air India,scheduled_domestic,2016,10,9518.0,1030490,980105.0,1363792.0,5770.0,866.0,97817.0,153690.0,71.866,63.646
Air India Express,scheduled_domestic,2016,10,57.1,11707,5751.45,10620.23,22.02,0.06,428.85,619.39,54.156,69.237
Air Pegasus,scheduled_domestic,2016,10,0.0,0,0.0,0.0,0.0,0.0,0.0,0.0,0.0,0.0
AirAsia India,scheduled_domestic,2016,10,1622.0,235607,239585.0,306077.0,1139.0,0.0,20770.0,45693.0,78.276,45.456
Alliance Air,scheduled_domestic,2016,10,894.0,57813,30088.0,43453.0,7.0,3.0,2677.0,4193.0,69.243,63.845
Blue Dart Aviation,scheduled_domestic,2016,10,647.0,0,0.0,0.0,12183.0,0.0,13092242.0,20484242.0,0.0,63.914
Go First,scheduled_domestic,2016,10,4387.0,688261,651560.0,772080.0,5056.0,0.0,64022.0,83130.0,84.39,77.014
IndiGo,scheduled_domestic,2016,10,24279.0,3692828,3706073.0,4365398.0,13889.0,1390.0,351914.0,474205.0,84.897,74.211
Jet Airways,scheduled_domestic,2016,10,9417.0,1265690,1093649.0,1448497.0,9058.0,810.0,102499.0,147449.0,75.502,69.515
JetLite,scheduled_domestic,2016,10,1684.0,209117,187954.0,264348.0,1645.0,144.0,17576.0,26264.0,71.101,66.92
QuikJet Cargo,scheduled_domestic,2016,10,48.0,0,0.0,0.0,219.3,0.0,434.5,896.5,0.0,48.466
SpiceJet,scheduled_domestic,2016,10,6441.21,1118352,959465.0,1044362.0,5115.0,0.0,77593.28,91263.682,91.871,85.021
TruJet,scheduled_domestic,2016,10,320.0,39022,17304.0,22838.0,0.0,0.0,1674.0,2284.0,75.768,73.292
Vistara,scheduled_domestic,2016,10,2373.0,232371,259588.0,375010.0,3344.0,0.0,22813.0,35602.0,69.222,64.078
Air India,scheduled_international,2016,10,18934.0,456108,2195420.0,3091841.0,9586.0,200.0,271972.0,440845.0,71.007,61.693
Air India Express,scheduled_international,2016,10,5395.0,259153,684949.63,1003403.0,786.61,0.95,72751.14,92495.31,68.263,78.654
IndiGo,scheduled_international,2016,10,2661.0,160213,359943.0,478957.0,1286.0,0.0,35600.0,54583.0,75.151,65.222
Jet Airways,scheduled_international,2016,10,13065.0,626327,2102773.0,2824668.0,12265.0,77.0,233981.0,372663.0,74.443,62.786
SpiceJet,scheduled_international,2016,10,1807.652,136842,275662.0,330884.0,633.0,0.0,22007.701,28315.545,83.311,77.723
Air India,nonscheduled_domestic,2016,11,103.0,15679,11357.0,15211.0,0.0,0.0,852.0,1877.0,74.663,45.392
Alliance Air,nonscheduled_domestic,2016,11,0.0,0,0.0,0.0,0.0,0.0,0.0,0.0,0.0,0.0
Go First,nonscheduled_domestic,2016,11,0.0,0,0.0,0.0,0.0,0.0,0.0,0.0,0.0,0.0
IndiGo,nonscheduled_domestic,2016,11,0.0,0,0.0,0.0,0.0,0.0,0.0,0.0,0.0,0.0
Jet Airways,nonscheduled_domestic,2016,11,46.0,8230,6044.0,7248.0,14.0,0.0,72.0,624.0,83.389,11.538
JetLite,nonscheduled_domestic,2016,11,3.0,396,346.0,409.0,0.0,0.0,29.0,42.0,84.597,69.048
QuikJet Cargo,nonscheduled_domestic,2016,11,10.0,0,0.0,0.0,93.44,0.0,102.88,194.0,0.0,53.031
Jet Airways,nonscheduled_international,2016,11,0.0,0,0.0,0.0,0.0,0.0,0.0,0.0,0.0,0.0
Air Carnival,scheduled_domestic,2016,11,78.956,9232,3758.463,5526.92,0.0,0.0,288.94,522.5,68.003,55.3
Air Costa,scheduled_domestic,2016,11,603.0,52240,49775.0,67134.0,149.2,0.0,5090.0,7164.0,74.143,71.05
Air India,scheduled_domestic,2016,11,9171.0,1068768,1009057.0,1342581.0,4926.0,750.0,99384.0,151160.0,75.158,65.748
Air India Express,scheduled_domestic,2016,11,66.8,13865,6765.65,12423.87,22.02,0.06,428.85,619.39,54.457,69.237
Air Pegasus,scheduled_domestic,2016,11,0.0,0,0.0,0.0,0.0,0.0,0.0,0.0,0.0,0.0
AirAsia India,scheduled_domestic,2016,11,1596.0,251322,249659.0,287257.0,758.0,0.0,21345.0,42883.0,86.911,49.775
Alliance Air,scheduled_domestic,2016,11,837.0,58611,30073.0,40900.0,7.0,3.0,2743.0,3914.0,73.528,70.082
Blue Dart Aviation,scheduled_domestic,2016,11,490.0,0,0.0,0.0,10232.0,0.0,10394129.0,15506752.0,0.0,67.03
Go First,scheduled_domestic,2016,11,4374.0,719566,671781.0,769863.0,3554.0,0.0,64182.0,82891.0,87.26,77.429
IndiGo,scheduled_domestic,2016,11,24072.0,3772583,3807017.0,4328764.0,11142.0,1188.0,357446.0,469602.0,87.947,76.117
Jet Airways,scheduled_domestic,2016,11,9405.0,1327494,1173892.0,1460919.0,7403.0,653.0,107551.0,147078.0,80.353,73.125
JetLite,scheduled_domestic,2016,11,1556.0,217905,181055.0,242541.0,1197.0,140.0,16513.0,23693.0,74.649,69.696
QuikJet Cargo,scheduled_domestic,2016,11,15.0,0,0.0,0.0,57.55,0.0,107.1,276.0,0.0,38.804
SpiceJet,scheduled_domestic,2016,11,6709.768,1148498,1005560.0,1086701.0,4410.0,0.0,80074.864,94860.132,92.533,84.414
TruJet,scheduled_domestic,2016,11,316.0,40965,18287.0,22510.0,0.0,0.0,1786.0,2251.0,81.239,79.343
Vistara,scheduled_domestic,2016,11,2466.0,260447,289788.0,389729.0,2588.0,0.0,24322.0,36999.0,74.356,65.737
Air India,scheduled_international,2016,11,18582.0,470888,2303956.0,3062193.0,8846.0,323.0,281127.0,440730.0,75.239,63.787
Air India Express,scheduled_international,2016,11,5277.2,261846,688474.6,981558.83,786.61,0.95,72751.14,92495.31,70.141,78.654
IndiGo,scheduled_international,2016,11,2575.0,164499,369509.0,463525.0,1244.0,0.0,36323.0,52879.0,79.717,68.691
Jet Airways,scheduled_international,2016,11,12436.0,646963,2170099.0,2785628.0,12670.0,53.0,240517.0,373454.0,77.903,64.403
SpiceJet,scheduled_international,2016,11,1754.491,136767,270707.0,321862.0,644.0,0.0,21586.657,27484.546,84.107,78.541
Air India,nonscheduled_domestic,2016,12,113.0,25337,15150.0,16909.0,0.0,0.0,1136.0,1649.0,89.597,68.89
Alliance Air,nonscheduled_domestic,2016,12,0.0,0,0.0,0.0,0.0,0.0,0.0,0.0,0.0,0.0
Go First,nonscheduled_domestic,2016,12,0.0,0,0.0,0.0,0.0,0.0,0.0,0.0,0.0,0.0
IndiGo,nonscheduled_domestic,2016,12,0.0,0,0.0,0.0,0.0,0.0,0.0,0.0,0.0,0.0
Jet Airways,nonscheduled_domestic,2016,12,46.0,10477,6282.0,7247.0,18.0,0.0,159.0,612.0,86.684,25.98
JetLite,nonscheduled_domestic,2016,12,1.0,334,208.0,210.0,0.0,0.0,18.0,20.0,99.048,90.0
QuikJet Cargo,nonscheduled_domestic,2016,12,72.0,0,0.0,0.0,614.963,0.0,614.96,1325.0,0.0,46.412
Jet Airways,nonscheduled_international,2016,12,0.0,0,0.0,0.0,0.0,0.0,0.0,0.0,0.0,0.0
Air Carnival,scheduled_domestic,2016,12,96.778,9752,4007.39,6802.74,0.0,0.0,306.67,626.925,58.908,48.917
Air Costa,scheduled_domestic,2016,12,538.0,49599,46128.0,59990.0,176.2,0.0,4724.0,6402.0,76.893,73.789
Air India,scheduled_domestic,2016,12,9819.0,1245063,1180309.0,1447515.0,5430.0,140.0,115190.0,162969.0,81.54,70.682
Air India Express,scheduled_domestic,2016,12,42.15,10308,5164.98,7839.34,22.02,0.06,428.85,619.39,65.885,69.237
Air Pegasus,scheduled_domestic,2016,12,0.0,0,0.0,0.0,0.0,0.0,0.0,0.0,0.0,0.0
AirAsia India,scheduled_domestic,2016,12,1785.0,277261,277173.0,321267.0,0.0,0.0,22875.0,47960.0,86.275,47.696
Alliance Air,scheduled_domestic,2016,12,675.0,53803,24858.0,33353.0,7.0,3.0,2269.0,3136.0,74.53,72.353
Blue Dart Aviation,scheduled_domestic,2016,12,540.0,0,0.0,0.0,11602.0,0.0,11458006.0,16838718.0,0.0,68.046
Go First,scheduled_domestic,2016,12,4585.0,780622,736296.0,811638.0,4275.0,0.0,70719.0,86879.0,90.717,81.399
IndiGo,scheduled_domestic,2016,12,23687.0,3848322,3893161.0,4259237.0,11886.0,1194.0,365883.771,458544.589,91.405,79.792
Jet Airways,scheduled_domestic,2016,12,9780.0,1449939,1305273.0,1516898.0,8273.0,834.0,119119.0,154478.0,86.049,77.111
JetLite,scheduled_domestic,2016,12,1551.0,246132,207488.0,242225.0,1245.0,156.0,18627.0,23771.0,85.659,78.36
QuikJet Cargo,scheduled_domestic,2016,12,0.0,0,0.0,0.0,0.0,0.0,0.0,0.0,0.0,0.0
SpiceJet,scheduled_domestic,2016,12,7174.707,1210229,1094325.0,1167556.0,4603.0,0.0,87141.671,101827.37,93.728,85.578
TruJet,scheduled_domestic,2016,12,264.0,31059,14837.0,18764.0,0.0,0.0,1438.0,1876.0,79.072,76.652
Vistara,scheduled_domestic,2016,12,2557.0,304154,289788.0,343860.0,2988.0,0.0,28948.0,38355.0,84.275,75.474
Air India,scheduled_international,2016,12,20093.0,524561,2569078.0,3303483.0,9766.0,85.0,313107.0,476918.0,77.769,65.652
Air India Express,scheduled_international,2016,12,5830.34,315539,831135.59,1084442.5,786.61,0.95,72751.14,92495.31,76.642,78.654
IndiGo,scheduled_international,2016,12,2731.984,187355,424317.0,491753.0,1061.0,0.0,40730.398,55226.923,86.287,73.751
Jet Airways,scheduled_international,2016,12,13395.0,774266,2549747.0,2996514.0,13667.0,58.0,275270.0,405846.0,85.09,67.826
SpiceJet,scheduled_international,2016,12,1810.727,151420,301261.0,332320.0,582.0,0.0,23805.375,28375.693,90.654,83.894
Air India,nonscheduled_domestic,2017,1,111.0,21843,12967.0,15467.0,0.0,0.0,972.0,1467.0,83.837,66.258
Alliance Air,nonscheduled_domestic,2017,1,0.0,0,0.0,0.0,0.0,0.0,0.0,0.0,0.0,0.0
Go First,nonscheduled_domestic,2017,1,0.0,0,0.0,0.0,0.0,0.0,0.0,0.0,0.0,0.0
IndiGo,nonscheduled_domestic,2017,1,0.0,0,0.0,0.0,0.0,0.0,0.0,0.0,0.0,0.0
Jet Airways,nonscheduled_domestic,2017,1,42.0,8452,5442.0,6617.0,8.0,0.0,114.0,594.0,82.243,19.192
JetLite,nonscheduled_domestic,2017,1,0.0,0,0.0,0.0,0.0,0.0,0.0,0.0,0.0,0.0
QuikJet Cargo,nonscheduled_domestic,2017,1,75.0,0,0.0,0.0,538.44,0.0,686.701,1386.0,0.0,49.546
SpiceJet,nonscheduled_domestic,2017,1,0.0,0,0.0,0.0,0.0,0.0,0.0,0.0,0.0,0.0
Jet Airways,nonscheduled_international,2017,1,5.0,166,414.0,839.0,0.0,0.0,17.21,25.79,49.344,66.731
Air Carnival,scheduled_domestic,2017,1,116.988,11041,4552.54,8049.16,0.0,0.0,367.0,759.364,56.559,48.33
Air Costa,scheduled_domestic,2017,1,452.0,44092,41089.0,50652.0,153.2,0.0,4217.2,5399.4,81.12,78.105
Air India,scheduled_domestic,2017,1,9848.0,1265046,1207166.0,1476583.0,5161.0,888.0,118195.0,166886.0,81.754,70.824
Air India Express,scheduled_domestic,2017,1,54.16,9970,5133.69,10073.2,56.96,0.0,411.5,850.98,50.964,48.356
Alliance Air,scheduled_domestic,2017,1,747.0,53021,24534.0,35955.0,6.0,3.0,2238.0,3332.0,68.235,67.167
Blue Dart Aviation,scheduled_domestic,2017,1,520.0,0,0.0,0.0,10543.0,0.0,10789130.0,16140461.0,0.0,66.845
Go First,scheduled_domestic,2017,1,4577.0,788337,735410.0,809836.0,4346.0,0.0,70676.0,86726.0,90.81,81.493
IndiGo,scheduled_domestic,2017,1,23817.0,3809228,3854899.0,4282923.0,11645.0,1252.0,362118.106,467560.594,90.006,77.448
Jet Airways,scheduled_domestic,2017,1,9882.0,1476032,1335886.0,1538596.0,8115.0,974.0,121782.0,157537.0,86.825,77.304
JetLite,scheduled_domestic,2017,1,1512.0,239705,202121.0,236542.0,1075.0,153.0,18027.0,22871.0,85.448,78.82
QuikJet Cargo,scheduled_domestic,2017,1,0.0,0,0.0,0.0,0.0,0.0,0.0,0.0,0.0,0.0
SpiceJet,scheduled_domestic,2017,1,7450.0,1229436,1137644.0,1215369.0,4522.0,0.0,90142.0,105905.0,93.605,85.116
TruJet,scheduled_domestic,2017,1,279.0,33031,14782.0,19773.0,0.0,0.0,1434.0,1977.0,74.759,72.534
Vistara,scheduled_domestic,2017,1,2560.0,303208,344156.0,404607.0,3201.0,0.0,29013.0,38412.0,85.059,75.531
Air India,scheduled_international,2017,1,20061.0,549131,2703783.0,3298734.0,9195.0,337.0,322863.0,476114.0,81.964,67.812
Air India Express,scheduled_international,2017,1,5751.73,316524,827575.04,1069822.15,941.75,0.48,82631.32,105424.48,77.356,78.38
IndiGo,scheduled_international,2017,1,2821.496,192621,440579.0,507870.0,1136.0,0.0,42410.226,57666.082,86.75,73.544
Jet Airways,scheduled_international,2017,1,13368.0,786144,2592027.0,3027100.0,13319.0,64.0,274721.0,409770.0,85.627,67.043
SpiceJet,scheduled_international,2017,1,1815.0,153067,304852.0,332965.0,520.0,0.0,23914.0,28433.0,91.557,84.106
Air India,nonscheduled_domestic,2017,2,151.0,28983,17334.0,21135.0,0.0,0.0,1300.0,2091.0,82.016,62.171
Alliance Air,nonscheduled_domestic,2017,2,0.0,0,0.0,0.0,0.0,0.0,0.0,0.0,0.0,0.0
Go First,nonscheduled_domestic,2017,2,0.0,0,0.0,0.0,0.0,0.0,0.0,0.0,0.0,0.0
IndiGo,nonscheduled_domestic,2017,2,0.0,0,0.0,0.0,0.0,0.0,0.0,0.0,0.0,0.0
Jet Airways,nonscheduled_domestic,2017,2,43.0,8865,5153.0,6797.0,33.0,10.0,141.0,571.0,75.813,24.694
JetLite,nonscheduled_domestic,2017,2,0.0,0,0.0,0.0,0.0,0.0,0.0,0.0,0.0,0.0
QuikJet Cargo,nonscheduled_domestic,2017,2,13.0,0,0.0,0.0,82.35,0.0,126.11,237.09,0.0,53.191
SpiceJet,nonscheduled_domestic,2017,2,1.29,281,181.0,239.0,0.0,0.0,13.55,20.58,75.732,65.841
Jet Airways,nonscheduled_international,2017,2,3.0,101,266.0,442.0,0.0,0.0,23.0,42.0,60.181,54.762
Air Carnival,scheduled_domestic,2017,2,109.872,13629,5661.302,7691.04,0.0,0.0,452.908,727.62,73.609,62.245
Air Costa,scheduled_domestic,2017,2,371.0,40234,35228.0,41501.0,124.7,0.0,3608.0,4387.2,84.885,82.239
Air India,scheduled_domestic,2017,2,8776.0,1084609,1031172.0,1287531.0,4929.0,856.0,101772.0,146617.0,80.089,69.414
Air India Express,scheduled_domestic,2017,2,46.49,6105,3484.76,8646.21,45.22,0.0,520.49,1084.32,40.304,48.002
Alliance Air,scheduled_domestic,2017,2,725.0,51519,24357.0,34926.0,6.0,3.0,2222.0,3231.0,69.739,68.771
Blue Dart Aviation,scheduled_domestic,2017,2,479.0,0,0.0,0.0,9719.0,0.0,9763326.0,14933600.0,0.0,65.378
Go First,scheduled_domestic,2017,2,4258.0,749352,685872.0,754470.0,4189.0,0.0,66071.0,80689.0,90.908,81.884
IndiGo,scheduled_domestic,2017,2,21770.0,3418605,3431547.0,3914438.0,11486.0,1182.0,323867.031,422367.041,87.664,76.679
Jet Airways,scheduled_domestic,2017,2,9038.0,1358382,1231148.0,1416940.0,8172.0,1072.0,113558.0,146900.0,86.888,77.303
JetLite,scheduled_domestic,2017,2,1340.0,214665,178586.0,210369.0,1053.0,148.0,16185.0,20569.0,84.892,78.686
QuikJet Cargo,scheduled_domestic,2017,2,0.0,0,0.0,0.0,0.0,0.0,0.0,0.0,0.0,0.0
SpiceJet,scheduled_domestic,2017,2,6831.0,1131788,1040012.0,1110563.0,4374.0,0.0,82671.0,96872.0,93.647,85.34
TruJet,scheduled_domestic,2017,2,309.0,38779,16980.0,22048.0,0.0,0.0,1660.0,2205.0,77.014,75.283
Vistara,scheduled_domestic,2017,2,2293.0,270016,308010.0,362317.0,2282.0,0.0,25869.0,34397.0,85.011,75.207
Zoom Air,scheduled_domestic,2017,2,31.524,1141,907.0,1545.0,0.0,0.0,249.565,1467.442,58.706,17.007
Air India,scheduled_international,2017,2,18198.0,475964,2299970.0,3006179.0,10445.0,392.0,288223.0,437228.0,76.508,65.921
Air India Express,scheduled_international,2017,2,5134.84,264802,691813.69,955080.24,931.63,1.81,68642.28,91345.2,72.435,75.146
IndiGo,scheduled_international,2017,2,2548.448,168026,380110.0,458724.0,1145.0,0.0,36948.028,51367.271,82.862,71.929
Jet Airways,scheduled_international,2017,2,10995.0,632635,2125944.0,2570934.0,13299.0,63.0,238921.0,353935.0,82.692,67.504
SpiceJet,scheduled_international,2017,2,1642.0,134026,264634.0,301198.0,507.0,0.0,20864.0,25719.0,87.86,81.123
Air India,nonscheduled_domestic,2017,3,131.0,28786,16485.0,18847.0,0.0,0.0,1236.0,1855.0,87.468,66.631
Alliance Air,nonscheduled_domestic,2017,3,0.0,0,0.0,0.0,0.0,0.0,0.0,0.0,0.0,0.0
Go First,nonscheduled_domestic,2017,3,0.0,0,0.0,0.0,0.0,0.0,0.0,0.0,0.0,0.0
IndiGo,nonscheduled_domestic,2017,3,0.0,0,0.0,0.0,0.0,0.0,0.0,0.0,0.0,0.0
Jet Airways,nonscheduled_domestic,2017,3,42.0,8984,5244.0,6485.0,21.0,5.0,107.0,540.0,80.864,19.815
JetLite,nonscheduled_domestic,2017,3,0.0,0,0.0,0.0,0.0,0.0,0.0,0.0,0.0,0.0
QuikJet Cargo,nonscheduled_domestic,2017,3,4.0,0,0.0,0.0,8.42,0.0,8.42,69.0,0.0,12.203
SpiceJet,nonscheduled_domestic,2017,3,0.0,0,0.0,0.0,0.0,0.0,0.0,0.0,0.0,0.0
Jet Airways,nonscheduled_international,2017,3,1.0,163,58.0,60.0,0.0,0.0,5.0,7.0,96.667,71.429
Air Carnival,scheduled_domestic,2017,3,119.14,12970,5376.773,8297.68,0.0,0.0,411.0,756.225,64.799,54.349
Air India,scheduled_domestic,2017,3,9381.0,1089418,1046249.0,1399704.0,5702.0,1003.0,104549.0,159191.0,74.748,65.675
Air India Express,scheduled_domestic,2017,3,41.31,5017,2931.6,7682.92,51.76,0.0,238.73,785.23,38.157,30.403
Alliance Air,scheduled_domestic,2017,3,876.0,56487,25526.0,37669.0,6.0,3.0,2328.0,3488.0,67.764,66.743
Blue Dart Aviation,scheduled_domestic,2017,3,502.0,0,0.0,0.0,10668.0,0.0,10891791.0,15901820.0,0.0,68.494
Go First,scheduled_domestic,2017,3,4937.0,802114,741179.0,874330.0,5729.0,0.0,72669.0,93550.0,84.771,77.679
IndiGo,scheduled_domestic,2017,3,24490.0,3611371,3592642.0,4403676.0,13634.0,1039.0,340624.0,475144.0,81.583,71.689
Jet Airways,scheduled_domestic,2017,3,10001.0,1388369,1255713.0,1573746.0,9789.0,1059.0,117320.0,164393.0,79.791,71.366
JetLite,scheduled_domestic,2017,3,1535.0,230359,190197.0,240267.0,1252.0,167.0,17284.0,23929.0,79.161,72.23
QuikJet Cargo,scheduled_domestic,2017,3,0.0,0,0.0,0.0,0.0,0.0,0.0,0.0,0.0,0.0
SpiceJet,scheduled_domestic,2017,3,7202.0,1193225,1065559.0,1165666.0,4533.0,0.0,84706.0,101649.0,91.412,83.332
TruJet,scheduled_domestic,2017,3,331.0,41219,17911.0,23582.0,0.0,0.0,1751.0,2358.0,75.952,74.258
Vistara,scheduled_domestic,2017,3,2564.0,291871,332989.0,405087.0,2554.0,0.0,28079.0,38457.0,82.202,73.014
Zoom Air,scheduled_domestic,2017,3,81.444,2452,2976.0,3991.0,0.0,0.0,873.43,6113.784,74.568,14.286
Air India,scheduled_international,2017,3,19998.0,524282,2506319.0,3317439.0,12612.0,452.0,319039.0,480835.0,75.55,66.351
Air India Express,scheduled_international,2017,3,5720.21,305046,793174.64,1063958.87,1124.88,1.093,76076.2,98629.58,74.549,77.133
IndiGo,scheduled_international,2017,3,3089.646,201253,461799.0,556121.0,1382.0,0.0,44892.0,61701.0,83.039,72.757
Jet Airways,scheduled_international,2017,3,12107.0,667415,2215857.0,2841589.0,16581.0,70.0,260267.0,396516.0,77.98,65.638
SpiceJet,scheduled_international,2017,3,1762.0,149328,292768.0,322291.0,603.0,0.0,23190.0,27533.0,90.84,84.226
Air India,nonscheduled_domestic,2017,4,98.0,23753,12720.0,14686.0,0.0,0.0,954.0,1405.0,86.613,67.9
Alliance Air,nonscheduled_domestic,2017,4,0.0,0,0.0,0.0,0.0,0.0,0.0,0.0,0.0,0.0
Go First,nonscheduled_domestic,2017,4,1.43,360,257.0,257.0,0.0,0.0,23.0,26.0,100.0,88.462
IndiGo,nonscheduled_domestic,2017,4,0.0,0,0.0,0.0,0.0,0.0,0.0,0.0,0.0,0.0
Jet Airways,nonscheduled_domestic,2017,4,44.0,9228,5604.0,6931.0,2.0,6.0,384.0,592.0,80.854,64.865
JetLite,nonscheduled_domestic,2017,4,0.0,0,0.0,0.0,0.0,0.0,0.0,0.0,0.0,0.0
QuikJet Cargo,nonscheduled_domestic,2017,4,0.0,0,0.0,0.0,0.0,0.0,0.0,0.0,0.0,0.0
SpiceJet,nonscheduled_domestic,2017,4,0.0,0,0.0,0.0,0.0,0.0,0.0,0.0,0.0,0.0
Jet Airways,nonscheduled_international,2017,4,8.0,618,1194.0,1298.0,0.0,0.0,77.0,148.0,91.988,52.027
Air Carnival,scheduled_domestic,2017,4,8.792,1008,421.368,631.6,0.0,0.0,33.0,58.0,66.714,56.897
Air India,scheduled_domestic,2017,4,8831.0,1086116,1048550.0,1328969.0,5057.0,887.0,103637.0,150205.0,78.9,68.997
Air India Express,scheduled_domestic,2017,4,38.27,6895,3327.27,7118.59,34.11,0.0,576.8,1064.77,46.741,54.171
Alliance Air,scheduled_domestic,2017,4,926.0,63087,29013.0,40168.0,6.0,6.0,2646.0,3712.0,72.229,71.282
Blue Dart Aviation,scheduled_domestic,2017,4,469.0,0,0.0,0.0,9652.0,0.0,9821402.0,14858072.0,0.0,66.101
Go First,scheduled_domestic,2017,4,4556.0,739401,683452.0,807242.0,5008.0,0.0,66656.0,86329.0,84.665,77.212
IndiGo,scheduled_domestic,2017,4,23844.0,3778780,3725376.0,4286527.0,12827.0,950.0,351792.0,462757.0,86.909,76.021
Jet Airways,scheduled_domestic,2017,4,9759.0,1380986,1273122.0,1537893.0,9176.0,789.0,117401.0,160090.0,82.784,73.334
JetLite,scheduled_domestic,2017,4,1366.0,222476,180706.0,216901.0,1149.0,148.0,16284.0,21721.0,83.313,74.969
QuikJet Cargo,scheduled_domestic,2017,4,0.0,0,0.0,0.0,0.0,0.0,0.0,0.0,0.0,0.0
SpiceJet,scheduled_domestic,2017,4,7035.0,1176610,1067416.0,1143156.0,4086.0,0.0,84466.0,99660.0,93.374,84.754
TruJet,scheduled_domestic,2017,4,388.57,47846,20604.0,27622.0,0.0,0.0,2008.0,2762.0,74.593,72.701
Vistara,scheduled_domestic,2017,4,2614.0,296589,345390.0,413102.0,2560.0,0.0,29069.0,39218.0,83.609,74.122
Zoom Air,scheduled_domestic,2017,4,78.84,2669,3078.0,3863.0,0.0,0.0,499.0,7215.0,79.679,6.916
Air India,scheduled_international,2017,4,19417.0,498543,2384301.0,3191667.0,11509.0,404.0,300090.0,463585.0,74.704,64.732
Air India Express,scheduled_international,2017,4,5602.75,314157,819102.84,1042111.13,1052.54,0.581,76076.59,94245.8,78.6,80.721
IndiGo,scheduled_international,2017,4,3330.0,221082,519552.0,599436.0,1645.0,0.0,50734.0,64369.0,86.673,78.817
Jet Airways,scheduled_international,2017,4,12044.0,662210,2212034.0,2816703.0,15610.0,91.0,253168.0,390283.0,78.533,64.868
SpiceJet,scheduled_international,2017,4,1735.0,148680,292006.0,316255.0,588.0,0.0,23030.0,27056.0,92.332,85.12
Air India,nonscheduled_domestic,2017,5,101.0,24377,13581.0,15204.0,0.0,0.0,1019.0,1461.0,89.325,69.747
Alliance Air,nonscheduled_domestic,2017,5,0.0,0,0.0,0.0,0.0,0.0,0.0,0.0,0.0,0.0
Go First,nonscheduled_domestic,2017,5,0.0,0,0.0,0.0,0.0,0.0,0.0,0.0,0.0,0.0
IndiGo,nonscheduled_domestic,2017,5,0.0,0,0.0,0.0,0.0,0.0,0.0,0.0,0.0,0.0
Jet Airways,nonscheduled_domestic,2017,5,42.0,9643,5686.0,6673.0,0.0,6.0,390.0,594.0,85.209,65.657
JetLite,nonscheduled_domestic,2017,5,0.0,0,0.0,0.0,0.0,0.0,0.0,0.0,0.0,0.0
QuikJet Cargo,nonscheduled_domestic,2017,5,0.0,0,0.0,0.0,0.0,0.0,0.0,0.0,0.0,0.0
SpiceJet,nonscheduled_domestic,2017,5,0.275,78,21.45,21.45,0.0,0.0,1.609,2.062,100.0,78.019
Jet Airways,nonscheduled_international,2017,5,0.0,0,0.0,0.0,0.0,0.0,0.0,0.0,0.0,0.0
Air India,scheduled_domestic,2017,5,9789.0,1219997,1197696.0,1477502.0,5585.0,933.0,117996.0,168475.0,81.062,70.038
Air India Express,scheduled_domestic,2017,5,40.4,7818,3867.73,7515.14,17.83,0.0,165.51,445.88,51.466,37.12
Alliance Air,scheduled_domestic,2017,5,1029.0,71136,31326.0,41937.0,6.0,3.0,2856.0,3876.0,74.698,73.684
Blue Dart Aviation,scheduled_domestic,2017,5,503.0,0,0.0,0.0,10696.0,0.0,10925674.0,15811789.0,0.0,69.098
Go First,scheduled_domestic,2017,5,4960.0,863570,817288.0,879250.0,5105.0,0.0,78983.0,93990.0,92.953,84.033
IndiGo,scheduled_domestic,2017,5,25250.0,4190914,4137195.0,4539124.0,14177.0,1028.0,390901.0,501696.0,91.145,77.916
Jet Airways,scheduled_domestic,2017,5,10582.0,1541722,1440543.0,1689344.0,10925.0,771.0,133389.0,180565.0,85.272,73.873
JetLite,scheduled_domestic,2017,5,1555.0,246048,204140.0,242176.0,1288.0,151.0,18351.0,24399.0,84.294,75.212
QuikJet Cargo,scheduled_domestic,2017,5,0.0,0,0.0,0.0,0.0,0.0,0.0,0.0,0.0,0.0
SpiceJet,scheduled_domestic,2017,5,7489.0,1278606,1149628.0,1219319.0,4236.0,0.0,90736.0,106199.0,94.284,85.44
TruJet,scheduled_domestic,2017,5,383.92,51103,21940.0,27329.0,0.0,0.0,2114.0,2733.0,80.281,77.351
Vistara,scheduled_domestic,2017,5,2770.0,334435,380116.0,437763.0,2736.0,0.0,31791.0,41559.0,86.831,76.496
Zoom Air,scheduled_domestic,2017,5,76.212,2573,2990.0,3734.0,0.0,0.0,499.0,7093.0,80.075,7.035
Air India,scheduled_international,2017,5,20106.0,523134,2505617.0,3281128.0,12160.0,446.0,318574.0,471601.0,76.365,67.552
Air India Express,scheduled_international,2017,5,5745.89,307549,807583.4,1068734.61,627.56,0.292,44480.54,53093.76,75.564,83.777
IndiGo,scheduled_international,2017,5,3753.0,244806,578747.0,675606.0,1862.0,0.0,56659.0,73296.0,85.663,77.302
Jet Airways,scheduled_international,2017,5,11833.0,696427,2313678.0,2804751.0,16222.0,114.0,265714.0,397457.0,82.491,66.854
SpiceJet,scheduled_international,2017,5,1925.0,162352,318399.0,347636.0,579.0,0.0,25023.0,29772.0,91.59,84.049
Air India,nonscheduled_domestic,2017,6,95.0,22738,12299.0,13996.0,0.0,0.0,922.0,1353.0,87.875,68.145
Alliance Air,nonscheduled_domestic,2017,6,0.0,0,0.0,0.0,0.0,0.0,0.0,0.0,0.0,0.0
Go First,nonscheduled_domestic,2017,6,0.0,0,0.0,0.0,0.0,0.0,0.0,0.0,0.0,0.0
IndiGo,nonscheduled_domestic,2017,6,0.0,0,0.0,0.0,0.0,0.0,0.0,0.0,0.0,0.0
Jet Airways,nonscheduled_domestic,2017,6,35.0,8447,4906.0,5458.0,1.0,4.0,373.0,474.0,89.886,78.692
JetLite,nonscheduled_domestic,2017,6,0.0,0,0.0,0.0,0.0,0.0,0.0,0.0,0.0,0.0
QuikJet Cargo,nonscheduled_domestic,2017,6,0.0,0,0.0,0.0,0.0,0.0,0.0,0.0,0.0,0.0
SpiceJet,nonscheduled_domestic,2017,6,0.0,0,0.0,0.0,0.0,0.0,0.0,0.0,0.0,0.0
Jet Airways,nonscheduled_international,2017,6,0.0,0,0.0,0.0,0.0,0.0,0.0,0.0,0.0,0.0
Air India,scheduled_domestic,2017,6,9831.0,1149333,1138882.0,1479243.0,6039.0,942.0,113437.0,169993.0,76.991,66.73
Air India Express,scheduled_domestic,2017,6,40.39,4174,2724.44,7512.35,40.67,0.0,200.29,781.9,36.266,25.616
Alliance Air,scheduled_domestic,2017,6,984.0,72723,31357.0,41320.0,6.0,3.0,2859.0,3829.0,75.888,74.667
Blue Dart Aviation,scheduled_domestic,2017,6,504.0,0,0.0,0.0,10749.0,0.0,11104536.0,15702688.0,0.0,70.717
Go First,scheduled_domestic,2017,6,4843.0,805483,767968.0,858717.0,4831.0,0.0,74282.0,91773.0,89.432,80.941
IndiGo,scheduled_domestic,2017,6,23990.0,3825814,3788390.0,4314039.0,13553.0,1076.0,358727.0,475129.0,87.815,75.501
Jet Airways,scheduled_domestic,2017,6,10321.0,1449797,1337018.0,1650918.0,10851.0,790.0,124872.0,171877.0,80.986,72.652
JetLite,scheduled_domestic,2017,6,1419.0,217672,182852.0,220740.0,1258.0,130.0,16602.0,21993.0,82.836,75.488
QuikJet Cargo,scheduled_domestic,2017,6,0.0,0,0.0,0.0,0.0,0.0,0.0,0.0,0.0,0.0
SpiceJet,scheduled_domestic,2017,6,7521.0,1273391,1148919.0,1215229.0,4485.0,0.0,90938.0,105977.0,94.543,85.809
TruJet,scheduled_domestic,2017,6,328.0,41730,17603.0,23263.0,0.0,0.0,1732.0,2360.0,75.67,73.39
Vistara,scheduled_domestic,2017,6,2816.0,343729,384365.0,444963.0,2841.0,0.0,32212.0,42243.0,86.381,76.254
Zoom Air,scheduled_domestic,2017,6,77.148,2399,2783.865,3780.0,0.0,0.0,1108.84,8151.0,73.647,13.604
Air India,scheduled_international,2017,6,19476.0,491376,2504555.0,3152650.0,10808.0,400.0,315942.0,451529.0,79.443,69.972
Air India Express,scheduled_international,2017,6,5682.82,279101,737798.65,1057004.89,947.51,0.762,57861.18,80822.83,69.801,71.59
IndiGo,scheduled_international,2017,6,3676.0,222572,521809.0,661647.0,1874.0,0.0,51599.0,77252.0,78.865,66.793
Jet Airways,scheduled_international,2017,6,11977.0,655048,2273822.0,2789897.0,16034.0,108.0,260499.0,389992.0,81.502,66.796
SpiceJet,scheduled_international,2017,6,1890.0,151230,295775.0,339957.0,650.0,0.0,23457.0,29105.0,87.004,80.594
Air India,nonscheduled_domestic,2017,7,97.0,23804,12061.0,14342.0,0.0,0.0,905.0,1392.0,84.096,65.014
Alliance Air,nonscheduled_domestic,2017,7,0.0,0,0.0,0.0,0.0,0.0,0.0,0.0,0.0,0.0
Go First,nonscheduled_domestic,2017,7,0.0,0,0.0,0.0,0.0,0.0,0.0,0.0,0.0,0.0
IndiGo,nonscheduled_domestic,2017,7,0.0,0,0.0,0.0,0.0,0.0,0.0,0.0,0.0,0.0
Jet Airways,nonscheduled_domestic,2017,7,35.0,8370,4809.0,5501.0,1.0,8.0,389.0,472.0,87.42,82.415
JetLite,nonscheduled_domestic,2017,7,0.0,0,0.0,0.0,0.0,0.0,0.0,0.0,0.0,0.0
QuikJet Cargo,nonscheduled_domestic,2017,7,0.0,0,0.0,0.0,0.0,0.0,0.0,0.0,0.0,0.0
SpiceJet,nonscheduled_domestic,2017,7,0.0,0,0.0,0.0,0.0,0.0,0.0,0.0,0.0,0.0
Jet Airways,nonscheduled_international,2017,7,8.0,585,1130.0,1298.0,5.0,0.0,97.0,131.0,87.057,74.046
Air India,scheduled_domestic,2017,7,10496.0,1179933,1148303.0,1522211.0,6295.0,932.0,114700.0,173914.0,75.437,65.952
Air India Express,scheduled_domestic,2017,7,42.0,4723,3153.57,7811.44,45.07,0.0,251.8,688.18,40.371,36.589
Alliance Air,scheduled_domestic,2017,7,1171.0,83846,36923.0,48294.0,6.0,3.0,3367.0,4473.0,76.455,75.274
Blue Dart Aviation,scheduled_domestic,2017,7,493.0,0,0.0,0.0,10516.0,0.0,10833083.0,15408579.0,0.0,70.306
Go First,scheduled_domestic,2017,7,4816.0,741855,703764.0,853098.0,0.0,0.0,63339.0,91263.0,82.495,69.403
IndiGo,scheduled_domestic,2017,7,24057.0,3699451,3618780.0,4325745.0,14980.0,1264.0,345308.0,458841.0,83.657,75.257
Jet Airways,scheduled_domestic,2017,7,10607.0,1503844,1357514.0,1692776.0,11806.0,775.0,128337.0,173202.0,80.195,74.097
JetLite,scheduled_domestic,2017,7,1501.0,224811,188990.0,234208.0,1435.0,129.0,17374.0,23138.0,80.693,75.089
QuikJet Cargo,scheduled_domestic,2017,7,0.0,0,0.0,0.0,0.0,0.0,0.0,0.0,0.0,0.0
SpiceJet,scheduled_domestic,2017,7,7881.0,1358206,1191217.0,1261680.0,5743.0,0.0,95421.0,110209.0,94.415,86.582
TruJet,scheduled_domestic,2017,7,326.012,44254,18563.0,23007.0,0.0,0.0,1803.52,2346.091,80.684,76.873
Vistara,scheduled_domestic,2017,7,2912.0,348947,389439.0,460162.0,3762.0,0.0,33811.0,43686.0,84.631,77.396
Zoom Air,scheduled_domestic,2017,7,30.059,813,929.0,1473.0,0.0,0.0,1109.0,2744.0,63.069,40.415
Air India,scheduled_international,2017,7,20401.0,516782,2652300.0,3303130.0,10006.0,406.0,330690.0,473939.0,80.297,69.775
Air India Express,scheduled_international,2017,7,5899.6,321368,834362.96,1097325.79,1154.67,0.77,81022.14,104721.22,76.036,77.369
IndiGo,scheduled_international,2017,7,4143.0,263785,632180.0,745816.0,1837.0,0.0,61595.0,79873.0,84.764,77.116
Jet Airways,scheduled_international,2017,7,12352.0,704946,2378291.0,2875769.0,15353.0,99.0,266351.0,394923.0,82.701,67.444
SpiceJet,scheduled_international,2017,7,1925.0,160591,313325.0,346240.0,736.0,0.0,25012.0,29639.0,90.494,84.389
Air India,nonscheduled_domestic,2017,8,58.0,11470,6767.0,8069.0,0.0,0.0,507.0,839.0,83.864,60.429
Alliance Air,nonscheduled_domestic,2017,8,0.0,0,0.0,0.0,0.0,0.0,0.0,0.0,0.0,0.0
Go First,nonscheduled_domestic,2017,8,0.0,0,0.0,0.0,0.0,0.0,0.0,0.0,0.0,0.0
IndiGo,nonscheduled_domestic,2017,8,0.0,0,0.0,0.0,0.0,0.0,0.0,0.0,0.0,0.0
Jet Airways,nonscheduled_domestic,2017,8,79.0,15323,9929.0,12147.0,6.0,14.105,827.0,1157.0,81.74,71.478
JetLite,nonscheduled_domestic,2017,8,1.0,180,30.0,55.0,0.0,0.0,3.0,6.0,54.545,50.0
QuikJet Cargo,nonscheduled_domestic,2017,8,13.0,0,0.0,0.0,67.959,0.0,67.96,225.0,0.0,30.204
SpiceJet,nonscheduled_domestic,2017,8,5.71,774,883.0,952.0,0.0,0.0,66.0,82.0,92.752,80.488
Jet Airways,nonscheduled_international,2017,8,12.0,467,2781.0,3257.0,4.0,0.0,260.0,318.0,85.385,81.761
Air India,scheduled_domestic,2017,8,10331.0,1176397,1133874.0,1490697.0,6873.0,889.0,113815.0,170915.0,76.063,66.592
Air India Express,scheduled_domestic,2017,8,37.78,5224,3213.61,7027.82,55.36,0.0,262.82,736.2,45.727,35.7
Alliance Air,scheduled_domestic,2017,8,1171.0,88714,39270.0,50689.0,6.0,3.0,3582.0,4722.0,77.472,75.858
Blue Dart Aviation,scheduled_domestic,2017,8,502.0,0,0.0,0.0,10595.0,0.0,11058872.0,15802952.0,0.0,69.98
Go First,scheduled_domestic,2017,8,4951.0,775836,747563.0,875273.0,0.0,0.0,67281.0,93824.0,85.409,71.71
IndiGo,scheduled_domestic,2017,8,23931.0,3678245,3595123.0,4302678.0,15987.0,1190.0,344096.0,427001.0,83.555,80.584
Jet Airways,scheduled_domestic,2017,8,10541.0,1522338,1360306.0,1685080.0,11984.0,794.457,128802.0,175444.0,80.726,73.415
JetLite,scheduled_domestic,2017,8,1520.0,236394,196109.0,236937.0,1638.0,148.0,18199.0,23648.0,82.768,76.958
QuikJet Cargo,scheduled_domestic,2017,8,0.0,0,0.0,0.0,0.0,0.0,0.0,0.0,0.0,0.0
SpiceJet,scheduled_domestic,2017,8,7990.0,1359166,1208184.0,1279120.0,5142.0,0.0,95855.0,111707.0,94.454,85.809
TruJet,scheduled_domestic,2017,8,327.576,46586,19229.0,23113.0,0.0,0.0,1869.0,2356.0,83.196,79.329
Vistara,scheduled_domestic,2017,8,3003.0,358627,395704.0,474454.0,3892.0,0.0,34404.0,45043.0,83.402,76.38
Zoom Air,scheduled_domestic,2017,8,0.0,0,0.0,0.0,0.0,0.0,0.0,0.0,0.0,0.0
Air India,scheduled_international,2017,8,20436.0,532324,2644719.0,3314292.0,9808.0,360.0,325734.0,478905.0,79.797,68.016
Air India Express,scheduled_international,2017,8,5989.49,332396,879546.95,1114045.52,1259.98,1.04,84669.1,104985.43,78.951,80.648
IndiGo,scheduled_international,2017,8,4114.0,265080,638324.0,740281.0,1935.0,0.0,62264.0,78131.0,86.227,79.692
Jet Airways,scheduled_international,2017,8,12364.0,726886,2419347.0,2878589.0,15708.0,171.421,272019.0,400636.0,84.046,67.897
SpiceJet,scheduled_international,2017,8,1941.0,163132,316218.0,349309.0,758.0,0.0,25237.0,29906.0,90.527,84.388
Air India,nonscheduled_domestic,2017,9,60.0,14811,7076.0,8294.0,0.0,0.0,531.0,850.0,85.315,62.471
Alliance Air,nonscheduled_domestic,2017,9,0.0,0,0.0,0.0,0.0,0.0,0.0,0.0,0.0,0.0
Go First,nonscheduled_domestic,2017,9,0.0,0,0.0,0.0,0.0,0.0,0.0,0.0,0.0,0.0
IndiGo,nonscheduled_domestic,2017,9,0.0,0,0.0,0.0,0.0,0.0,0.0,0.0,0.0,0.0
Jet Airways,nonscheduled_domestic,2017,9,90.0,17297,11786.0,13953.0,10.0,19.0,1025.0,1342.0,84.469,76.379
JetLite,nonscheduled_domestic,2017,9,0.0,0,0.0,0.0,0.0,0.0,0.0,0.0,0.0,0.0
QuikJet Cargo,nonscheduled_domestic,2017,9,6.0,0,0.0,0.0,75.05,0.0,75.05,106.0,0.0,70.802
SpiceJet,nonscheduled_domestic,2017,9,0.0,0,0.0,0.0,0.0,0.0,0.0,0.0,0.0,0.0
Jet Airways,nonscheduled_international,2017,9,0.0,0,0.0,0.0,0.0,0.0,0.0,0.0,0.0,0.0
Air India,scheduled_domestic,2017,9,10003.0,1163026,1137188.0,1446119.0,7007.0,823.0,124246.0,166426.0,78.637,74.655
Air India Express,scheduled_domestic,2017,9,91.72,9559,9650.35,17058.99,37.9,0.0,764.78,1535.06,56.57,49.821
Alliance Air,scheduled_domestic,2017,9,1450.0,105919,46396.0,58892.0,6.0,3.0,4230.0,5472.0,78.781,77.303
Blue Dart Aviation,scheduled_domestic,2017,9,556.0,0,0.0,0.0,11580.0,0.0,12298956.0,17449991.0,0.0,70.481
Go First,scheduled_domestic,2017,9,4945.0,808539,774630.0,874904.0,0.0,0.0,69717.0,93701.0,88.539,74.404
IndiGo,scheduled_domestic,2017,9,23487.0,3664509,3597420.0,4223666.0,16388.0,1264.0,344846.0,454887.0,85.173,75.809
Jet Airways,scheduled_domestic,2017,9,10417.0,1459934,1333583.0,1663661.0,11948.0,873.0,126921.0,175432.0,80.16,72.348
JetLite,scheduled_domestic,2017,9,1433.0,221236,185557.0,222675.0,1649.0,175.0,17377.0,22525.0,83.331,77.145
QuikJet Cargo,scheduled_domestic,2017,9,0.0,0,0.0,0.0,0.0,0.0,0.0,0.0,0.0,0.0
SpiceJet,scheduled_domestic,2017,9,7758.0,1319755,1170124.0,1242705.0,7083.0,0.0,94905.0,108453.0,94.159,87.508
TruJet,scheduled_domestic,2017,9,318.932,40860,16752.0,22530.0,0.0,0.0,1576.883,2295.425,74.354,68.697
Vistara,scheduled_domestic,2017,9,3137.0,361728,416658.0,495643.0,4354.0,0.0,36595.0,47054.0,84.064,77.772
Zoom Air,scheduled_domestic,2017,9,40.0,1056,1067.44,1948.0,0.0,0.0,540.0,3440.0,54.797,15.698
Air India,scheduled_international,2017,9,19938.0,501487,2524072.0,3239977.0,10241.0,393.0,307421.0,470893.0,77.904,65.285
Air India Express,scheduled_international,2017,9,5798.19,306256,810250.51,1078462.78,1067.55,0.831,76184.64,100915.31,75.13,75.494
IndiGo,scheduled_international,2017,9,4241.0,247737,598782.0,763165.0,1703.0,0.0,58141.0,85589.0,78.46,67.93
Jet Airways,scheduled_international,2017,9,11900.0,651328,2193451.0,2763565.0,14861.0,248.0,252806.0,381843.0,79.37,66.207
SpiceJet,scheduled_international,2017,9,1881.0,149104,284398.0,337861.0,707.0,0.0,22704.0,28985.0,84.176,78.33
Air India,nonscheduled_domestic,2017,10,66.0,15712,7610.0,9548.0,0.0,0.0,571.0,928.0,79.703,61.53
Alliance Air,nonscheduled_domestic,2017,10,0.0,0,0.0,0.0,0.0,0.0,0.0,0.0,0.0,0.0
Go First,nonscheduled_domestic,2017,10,0.0,0,0.0,0.0,0.0,0.0,0.0,0.0,0.0,0.0
IndiGo,nonscheduled_domestic,2017,10,0.0,0,0.0,0.0,0.0,0.0,0.0,0.0,0.0,0.0
Jet Airways,nonscheduled_domestic,2017,10,84.0,16402,10914.0,13133.0,4.0,17.0,676.0,913.0,83.104,74.042
JetLite,nonscheduled_domestic,2017,10,0.0,0,0.0,0.0,0.0,0.0,0.0,0.0,0.0,0.0
QuikJet Cargo,nonscheduled_domestic,2017,10,0.0,0,0.0,0.0,0.0,0.0,0.0,0.0,0.0,0.0
SpiceJet,nonscheduled_domestic,2017,10,0.0,0,0.0,0.0,0.0,0.0,0.0,0.0,0.0,0.0
Jet Airways,nonscheduled_international,2017,10,0.0,0,0.0,0.0,0.0,0.0,0.0,0.0,0.0,0.0
Air India,scheduled_domestic,2017,10,10455.0,1216153,1173067.0,1530519.0,6780.0,802.0,127647.0,175291.0,76.645,72.82
Air India Express,scheduled_domestic,2017,10,144.23,13660,16565.789,26826.84,48.96,0.0,1288.9,2262.31,61.751,56.973
Alliance Air,scheduled_domestic,2017,10,1709.0,120496,53781.0,70539.0,6.0,3.0,4900.0,6554.0,76.243,74.764
Blue Dart Aviation,scheduled_domestic,2017,10,510.0,0,0.0,0.0,10573.0,0.0,11119178.0,16128123.0,0.0,68.943
Go First,scheduled_domestic,2017,10,5708.0,924189,888031.0,1013393.0,0.0,0.0,79923.0,108166.0,87.629,73.889
IndiGo,scheduled_domestic,2017,10,25807.23,4133027,4052585.0,4640884.0,15283.51,1053.861,384243.28,502597.4,87.324,76.452
Jet Airways,scheduled_domestic,2017,10,11089.0,1571142,1433400.0,1779972.0,12277.0,930.0,135269.0,188562.0,80.529,71.737
JetLite,scheduled_domestic,2017,10,1520.0,213497,194506.0,236818.0,1348.0,124.0,17767.0,23845.0,82.133,74.51
QuikJet Cargo,scheduled_domestic,2017,10,0.0,0,0.0,0.0,0.0,0.0,0.0,0.0,0.0,0.0
SpiceJet,scheduled_domestic,2017,10,8071.0,1364334,1211569.0,1293403.0,6503.0,0.0,97479.0,112764.0,93.673,86.445
TruJet,scheduled_domestic,2017,10,322.0,37466,15009.0,22832.0,0.0,0.0,1459.89,2487.038,65.737,58.7
Vistara,scheduled_domestic,2017,10,3321.0,369694,421189.0,524791.0,3892.0,0.0,36387.0,49824.0,80.258,73.031
Zoom Air,scheduled_domestic,2017,10,87.0,3098,2966.0,4270.0,0.0,0.0,540.0,7541.0,69.461,7.161
Air India,scheduled_international,2017,10,20788.0,532148,2625779.0,3408116.0,10637.0,398.0,320182.0,493651.0,77.045,64.86
Air India Express,scheduled_international,2017,10,5893.96,308398,819093.745,1096277.12,955.114,0.426,72873.33,95571.47,74.716,76.25
IndiGo,scheduled_international,2017,10,4377.77,258591,627131.0,787992.0,1806.12,0.0,60975.64,85144.25,79.586,71.615
Jet Airways,scheduled_international,2017,10,11745.0,665384,2251215.0,2772256.0,15862.0,261.0,264049.0,390062.0,81.205,67.694
SpiceJet,scheduled_international,2017,10,1948.0,161664,309668.0,350895.0,771.0,0.0,24733.0,29993.0,88.251,82.463
Air India,nonscheduled_domestic,2017,11,66.0,15875,7818.0,9791.0,0.0,0.0,592.0,941.0,79.849,62.912
Alliance Air,nonscheduled_domestic,2017,11,0.0,0,0.0,0.0,0.0,0.0,0.0,0.0,0.0,0.0
Go First,nonscheduled_domestic,2017,11,0.0,0,0.0,0.0,0.0,0.0,0.0,0.0,0.0,0.0
IndiGo,nonscheduled_domestic,2017,11,0.0,0,0.0,0.0,0.0,0.0,0.0,0.0,0.0,0.0
Jet Airways,nonscheduled_domestic,2017,11,98.0,19102,13297.0,15374.0,30.0,30.418,1098.0,1502.0,86.49,73.103
JetLite,nonscheduled_domestic,2017,11,6.0,635,590.0,874.0,0.0,0.0,50.0,75.0,67.506,66.667
QuikJet Cargo,nonscheduled_domestic,2017,11,0.0,0,0.0,0.0,0.0,0.0,0.0,0.0,0.0,0.0
SpiceJet,nonscheduled_domestic,2017,11,0.0,0,0.0,0.0,0.0,0.0,0.0,0.0,0.0,0.0
Vistara,nonscheduled_domestic,2017,11,2.724,447,407.0,430.0,0.0,0.0,30.0,40.0,94.651,75.0
Jet Airways,nonscheduled_international,2017,11,0.0,0,0.0,0.0,0.0,0.0,0.0,0.0,0.0,0.0
Air India,scheduled_domestic,2017,11,9895.0,1271612,1217645.0,1448256.0,6661.0,874.0,131624.0,164584.0,84.077,79.974
Air India Express,scheduled_domestic,2017,11,130.06,10515,13746.754,24190.97,51.76,0.0,1005.83,2015.94,56.826,49.894
Alliance Air,scheduled_domestic,2017,11,1753.0,124946,55943.0,71586.0,6.0,3.0,5098.0,6653.0,78.148,76.627
Blue Dart Aviation,scheduled_domestic,2017,11,513.0,0,0.0,0.0,10518.0,0.0,11060038.0,16142172.0,0.0,68.516
Go First,scheduled_domestic,2017,11,5499.0,933709,879987.0,977879.0,0.0,0.0,79199.0,104208.0,89.989,76.001
IndiGo,scheduled_domestic,2017,11,24775.271,4131844,4040152.0,4455457.0,14553.0,1269.0,382588.0,483250.0,90.679,79.17
Jet Airways,scheduled_domestic,2017,11,10535.0,1578170,1461348.0,1673486.0,11115.0,709.46,136854.0,172690.0,87.324,79.248
JetLite,scheduled_domestic,2017,11,1413.0,240703,195528.0,218344.0,1430.0,190.0,17647.0,21566.0,89.55,81.828
QuikJet Cargo,scheduled_domestic,2017,11,0.0,0,0.0,0.0,0.0,0.0,0.0,0.0,0.0,0.0
SpiceJet,scheduled_domestic,2017,11,7705.0,1320213,1175231.0,1230773.0,6062.0,0.0,94355.0,107175.0,95.487,88.038
TruJet,scheduled_domestic,2017,11,233.0,28708,11383.0,16608.0,0.0,0.0,1232.855,1931.04,68.539,63.844
Vistara,scheduled_domestic,2017,11,3103.0,372467,425986.0,490360.0,3373.0,0.0,36097.0,46553.0,86.872,77.54
Zoom Air,scheduled_domestic,2017,11,92.0,3623,3527.0,4495.0,0.0,0.0,540.0,7938.0,78.465,6.803
Air India,scheduled_international,2017,11,20199.0,530058,2623235.0,3334993.0,11027.0,329.0,325111.0,482492.0,78.658,67.382
Air India Express,scheduled_international,2017,11,5737.66,297335,789020.502,1067204.95,992.42,0.686,67748.2,90388.02,73.933,74.953
IndiGo,scheduled_international,2017,11,4239.177,250392,605791.0,763048.0,1722.0,0.0,58756.0,85177.0,79.391,68.981
Jet Airways,scheduled_international,2017,11,13195.0,694857,2476984.0,3059580.0,17016.0,236.61,295765.0,421594.0,80.958,70.154
SpiceJet,scheduled_international,2017,11,1884.0,159263,305709.0,339667.0,718.0,0.0,24316.0,29017.0,90.003,83.799
Air India,nonscheduled_domestic,2017,12,65.0,16478,8425.0,9512.0,0.0,0.0,587.0,938.0,88.572,62.58
Alliance Air,nonscheduled_domestic,2017,12,0.0,0,0.0,0.0,0.0,0.0,0.0,0.0,0.0,0.0
Go First,nonscheduled_domestic,2017,12,1.78,360,320.0,320.0,0.0,0.0,29.0,33.0,100.0,87.879
IndiGo,nonscheduled_domestic,2017,12,0.0,0,0.0,0.0,0.0,0.0,0.0,0.0,0.0,0.0
Jet Airways,nonscheduled_domestic,2017,12,98.0,18955,13217.0,15283.0,31.0,35.423,927.0,1103.0,86.482,84.044
JetLite,nonscheduled_domestic,2017,12,4.0,684,503.0,596.0,0.0,0.0,43.0,53.0,84.396,81.132
QuikJet Cargo,nonscheduled_domestic,2017,12,0.0,0,0.0,0.0,0.0,0.0,0.0,0.0,0.0,0.0
SpiceJet,nonscheduled_domestic,2017,12,0.9,120,108.0,170.0,0.0,0.0,8.0,14.0,63.529,57.143
Vistara,nonscheduled_domestic,2017,12,3.4,287,498.0,548.0,0.0,0.0,37.0,52.0,90.876,71.154
Jet Airways,nonscheduled_international,2017,12,33.0,2578,5329.0,5555.0,18.0,0.0,488.0,573.0,95.932,85.166
Air Deccan,scheduled_domestic,2017,12,11.856,252,84.538,213.408,0.0,0.0,19.355,0.0,39.613,0.0
Air India,scheduled_domestic,2017,12,10481.0,1298442,1253744.0,1532267.0,6987.0,845.0,138739.0,175008.0,81.823,79.276
Air India Express,scheduled_domestic,2017,12,165.8,15888,19565.912,30838.0,50.48,0.0,1619.2,2837.29,63.447,57.069
Alliance Air,scheduled_domestic,2017,12,1784.0,141201,63542.0,77274.0,7.0,2.0,5175.0,6653.0,82.229,77.784
Blue Dart Aviation,scheduled_domestic,2017,12,505.0,0,0.0,0.0,10719.0,0.0,11111283.0,15765617.0,0.0,70.478
Go First,scheduled_domestic,2017,12,6277.0,1080481,1029625.0,1119124.0,0.0,0.0,92666.0,118943.0,92.003,77.908
IndiGo,scheduled_domestic,2017,12,26683.0,4430070,4352831.0,4794370.0,14531.0,1536.0,410880.0,533029.0,90.79,77.084
Jet Airways,scheduled_domestic,2017,12,10862.0,1617784,1521413.0,1718840.0,10751.0,767.493,140875.0,178837.0,88.514,78.773
JetLite,scheduled_domestic,2017,12,1451.0,255811,200908.0,225568.0,1345.0,180.33,17939.0,22309.0,89.068,80.411
QuikJet Cargo,scheduled_domestic,2017,12,0.0,0,0.0,0.0,0.0,0.0,0.0,0.0,0.0,0.0
SpiceJet,scheduled_domestic,2017,12,8433.0,1427146,1291141.0,1350575.0,6083.47,0.0,103092.0,117362.0,95.599,87.841
TruJet,scheduled_domestic,2017,12,202.0,29421,10859.0,14350.0,0.0,0.0,1047.402,1457.878,75.672,71.844
Vistara,scheduled_domestic,2017,12,3388.0,412711,469209.0,535316.0,3614.0,0.0,39658.0,50821.0,87.651,78.035
Zoom Air,scheduled_domestic,2017,12,95.0,3798,3663.0,4645.0,0.0,0.0,540.0,8202.0,78.859,6.584
Air India,scheduled_international,2017,12,21188.0,598703,2885994.0,3483152.0,10942.0,414.0,346350.0,503012.0,82.856,68.855
Air India Express,scheduled_international,2017,12,5981.6,339346,899694.378,1112578.0,1108.39,0.627,85125.4,104668.88,80.866,81.328
IndiGo,scheduled_international,2017,12,4548.0,290120,711282.0,818425.0,1752.0,0.0,68364.0,93902.0,86.909,72.804
Jet Airways,scheduled_international,2017,12,14267.0,806340,2855503.0,3303475.0,16942.0,163.83,323421.0,450971.0,86.439,71.717
SpiceJet,scheduled_international,2017,12,2119.0,178917,348410.0,383289.0,767.309,0.0,27618.0,32712.0,90.9,84.428
Air India,nonscheduled_domestic,2018,1,56.0,8701,6534.0,8130.0,0.0,0.0,490.0,789.0,80.369,62.104
Jet Airways,nonscheduled_domestic,2018,1,50.0,8047,6440.0,7683.0,16.0,12.0,635.0,711.0,83.821,89.311
JetLite,nonscheduled_domestic,2018,1,1.0,141,51.0,61.0,0.0,0.0,4.0,7.0,83.607,57.143
Air Deccan,scheduled_domestic,2018,1,38.0,1071,342.0,680.0,0.0,0.0,25.67,75.562,50.294,33.972
Air India,scheduled_domestic,2018,1,10810.0,1369342,1326153.0,1564583.0,6226.0,803.0,141879.0,176697.0,84.761,80.295
Air India Express,scheduled_domestic,2018,1,176.02,16417,20280.397,32739.72,115.66,0.18,3665.89,6597.87,61.944,55.562
AirAsia India,scheduled_domestic,2018,1,3007.0,489432,457114.0,541171.0,1449.0,0.0,39632.0,80789.0,84.468,49.056
Alliance Air,scheduled_domestic,2018,1,1743.0,134627,60834.0,74507.0,7.0,3.0,5544.0,6931.0,81.649,79.988
Blue Dart Aviation,scheduled_domestic,2018,1,500.0,0,0.0,0.0,10032.0,0.0,10298.708,15371.57,0.0,66.998
Go First,scheduled_domestic,2018,1,6416.0,1095127,1031414.0,1145620.0,1410.0,0.0,94295.0,121575.0,90.031,77.561
IndiGo,scheduled_domestic,2018,1,27565.0,4556904,4416727.0,4924840.0,13056.0,1667.0,414944.0,536456.0,89.683,77.349
Jet Airways,scheduled_domestic,2018,1,10735.0,1629327,1517279.0,1709402.0,9474.0,698.0,138867.0,178355.0,88.761,77.86
JetLite,scheduled_domestic,2018,1,1459.0,262951,204351.0,227931.0,1180.0,155.0,18138.0,22764.0,89.655,79.678
SpiceJet,scheduled_domestic,2018,1,8614.0,1447537,1313294.0,1381733.0,5539.0,0.0,104182.0,120033.0,95.047,86.794
TruJet,scheduled_domestic,2018,1,219.0,32892,11938.0,15509.0,0.0,0.0,1192.423,1578.701,76.975,75.532
Vistara,scheduled_domestic,2018,1,3367.0,409713,462847.0,532053.0,3385.466,0.0,38888.0,50511.0,86.993,76.989
Zoom Air,scheduled_domestic,2018,1,77.0,2772,2774.0,3779.0,0.0,0.0,540.0,6646.0,73.406,8.125
Air India,scheduled_international,2018,1,21334.0,591846,2914688.0,3483881.0,10322.0,367.0,345349.0,499471.0,83.662,69.143
Air India Express,scheduled_international,2018,1,5937.99,338189,897501.659,1104466.7,2387.77,1.38,184624.4,224146.72,81.261,82.368
IndiGo,scheduled_international,2018,1,5119.0,320564,780939.0,921456.0,1864.0,0.0,74999.0,103499.0,84.751,72.464
Jet Airways,scheduled_international,2018,1,14356.0,810352,2878295.0,3279295.0,15162.0,116.0,317023.0,446731.0,87.772,70.965
SpiceJet,scheduled_international,2018,1,2158.0,185300,358937.0,395164.0,780.0,0.0,28544.0,33681.0,90.832,84.748
Air India,nonscheduled_domestic,2018,2,96.0,15081,10656.0,13546.0,0.0,0.0,799.2,1398.7,78.665,57.139
Jet Airways,nonscheduled_domestic,2018,2,50.0,9004,6483.0,7818.0,7.9,13.0,589.9,792.2,82.924,74.464
JetLite,nonscheduled_domestic,2018,2,0.0,0,0.0,0.0,0.0,0.0,0.0,0.0,0.0,0.0
Vistara,nonscheduled_domestic,2018,2,1.5,286,216.0,239.0,0.0,0.0,16.2,22.7,90.377,71.366
Jet Airways,nonscheduled_international,2018,2,2.0,34,64.0,317.0,0.0,0.0,5.4,29.0,20.189,18.621
Air Deccan,scheduled_domestic,2018,2,24.0,927,299.963,440.0,0.0,0.0,25.5,48.98,68.173,52.062
Air India,scheduled_domestic,2018,2,9774.0,1259379,1225278.0,1408526.0,5421.6,781.0,129085.7,156887.6,86.99,82.279
Air India Express,scheduled_domestic,2018,2,170.34,16920,21403.301,31683.98,54.8,0.001,1762.77,3022.44,67.552,58.323
Air Odisha,scheduled_domestic,2018,2,2.3,42,12.5,42.75,0.0,0.0,10.63,42.75,29.24,24.865
AirAsia India,scheduled_domestic,2018,2,2715.0,455887,430094.0,488681.0,1435.5,0.0,37166.4,72952.7,88.011,50.946
Alliance Air,scheduled_domestic,2018,2,1820.0,132115,59386.0,72379.0,7.0,3.0,5412.0,6725.0,82.049,80.476
Blue Dart Aviation,scheduled_domestic,2018,2,470.0,0,0.0,0.0,9546.0,0.0,9724.138,14594.979,0.0,66.627
Go First,scheduled_domestic,2018,2,5972.0,1020977,963904.0,1066358.0,3811.2,0.0,90957.7,113169.4,90.392,80.373
IndiGo,scheduled_domestic,2018,2,25296.0,4290189,4146528.0,4517438.0,11817.2,1449.6,389068.1,491993.7,91.789,79.08
Jet Airways,scheduled_domestic,2018,2,10141.0,1562820,1457811.0,1611621.0,9542.5,617.0,134575.9,168183.5,90.456,80.017
JetLite,scheduled_domestic,2018,2,1275.0,231564,179729.0,198965.0,999.0,162.691,16020.8,19923.1,90.332,80.413
SpiceJet,scheduled_domestic,2018,2,7847.0,1331645,1198160.0,1244492.0,5206.9,0.0,95286.5,108397.3,96.277,87.905
TruJet,scheduled_domestic,2018,2,201.7,30606,11033.0,14338.0,0.0,0.0,1078.562,1452.751,76.949,74.243
Vistara,scheduled_domestic,2018,2,3073.0,384225,443008.0,485646.0,3054.916,0.0,37147.0,46105.0,91.22,80.57
Zoom Air,scheduled_domestic,2018,2,77.0,2911,2891.0,3746.0,0.0,0.0,540.0,6615.0,77.176,8.163
Air India,scheduled_international,2018,2,19434.0,513954,2540414.0,3171634.0,10533.8,310.0,311362.9,455218.6,80.098,68.399
Air India Express,scheduled_international,2018,2,5384.76,286118,758538.289,1001566.1,1044.204,0.474,72336.58,92614.37,75.735,78.105
IndiGo,scheduled_international,2018,2,4681.0,284471,665536.0,842508.0,1894.7,0.0,64681.7,94611.2,78.995,68.366
Jet Airways,scheduled_international,2018,2,12192.0,677181,2453093.0,2834802.0,14358.2,92.0,280223.5,389572.1,86.535,71.931
SpiceJet,scheduled_international,2018,2,1936.0,163417,316541.0,356444.0,688.4,0.0,25204.1,30365.0,88.805,83.004
Air India,nonscheduled_domestic,2018,3,224.0,25912,11619.9,22783.5,0.0,0.0,871.5,2263.6,51.001,38.501
Jet Airways,nonscheduled_domestic,2018,3,58.0,9612,7658.0,9082.0,14.9,11.038,668.7,869.1,84.321,76.942
JetLite,nonscheduled_domestic,2018,3,1.0,138,126.0,153.0,0.0,0.0,10.7,15.0,82.353,71.333
Vistara,nonscheduled_domestic,2018,3,1.56,243,185.0,246.0,0.0,0.0,13.9,23.4,75.203,59.402
Jet Airways,nonscheduled_international,2018,3,0.0,0,0.0,0.0,0.0,0.0,0.0,0.0,0.0,0.0
Air Deccan,scheduled_domestic,2018,3,98.13,302,93.724,176.634,0.0,0.0,7.96,39.58,53.061,20.111
Air India,scheduled_domestic,2018,3,10943.3,1365653,1330262.2,1583041.7,6117.4,683.1,140791.2,178164.8,84.032,79.023
Air India Express,scheduled_domestic,2018,3,187.17,18994,25180.8,34812.9,49.75,0.0,2050.46,3352.81,72.332,61.156
Air Odisha,scheduled_domestic,2018,3,4.72,75,22.26,84.96,0.0,0.0,18.8,118.0,26.201,15.932
AirAsia India,scheduled_domestic,2018,3,3269.2,523568,482817.9,588452.8,1803.8,0.0,41868.2,87847.2,82.049,47.66
Alliance Air,scheduled_domestic,2018,3,2024.0,142441,62562.0,82128.0,7.0,3.0,5700.0,7622.0,76.176,74.784
Blue Dart Aviation,scheduled_domestic,2018,3,502.0,0,0.0,0.0,10403.0,0.0,10686.491,15679.086,0.0,68.158
Go First,scheduled_domestic,2018,3,6353.3,1039974,997302.6,1133354.9,4090.2,0.0,94310.9,120396.0,87.996,78.334
IndiGo,scheduled_domestic,2018,3,27937.5,4576236,4428533.0,4973298.0,13134.8,1490.0,415736.8,541650.5,89.046,76.754
Jet Airways,scheduled_domestic,2018,3,11575.0,1732912,1592578.9,1847404.9,11086.0,682.377,147187.1,193073.2,86.206,76.234
JetLite,scheduled_domestic,2018,3,1097.0,184334,146720.5,168376.7,872.6,153.89,13122.5,16884.3,87.138,77.72
SpiceJet,scheduled_domestic,2018,3,8805.0,1474206,1322851.5,1392143.6,5964.6,0.0,105364.9,121358.9,95.023,86.821
TruJet,scheduled_domestic,2018,3,295.0,42651,15114.1,20997.9,0.0,0.0,1471.75,2124.461,71.979,69.276
Vistara,scheduled_domestic,2018,3,3693.0,442122,514716.0,583478.0,3924.484,0.0,43655.0,55393.0,88.215,78.81
Zoom Air,scheduled_domestic,2018,3,46.0,1365,1422.0,2238.0,0.0,0.0,540.0,3899.0,63.539,13.85
Air India,scheduled_international,2018,3,21680.8,586725,2890629.6,3546568.9,11851.8,292.232,351341.9,509554.5,81.505,68.951
Air India Express,scheduled_international,2018,3,6024.6,328643,858999.5,1120576.0,1391.25,0.58,82458.08,104905.75,76.657,78.602
IndiGo,scheduled_international,2018,3,4959.0,316661,744102.0,892618.0,2285.0,0.0,72635.4,100362.7,83.362,72.373
Jet Airways,scheduled_international,2018,3,13570.7,732276,2622714.5,3151667.6,16614.1,121.38,303967.2,430825.8,83.217,70.555
SpiceJet,scheduled_international,2018,3,2123.7,175554,347179.6,392955.3,770.3,0.0,27696.4,33459.8,88.351,82.775
Air India,nonscheduled_domestic,2018,4,219.3,27080,12388.6,23118.8,0.0,0.0,929.1,2260.9,53.587,41.094
Jet Airways,nonscheduled_domestic,2018,4,59.0,10056,7829.0,9253.0,17.3,5.705,770.1,1017.2,84.61,75.708
JetLite,nonscheduled_domestic,2018,4,1.0,166,74.0,75.0,0.0,0.0,6.3,8.2,98.667,76.829
Vistara,nonscheduled_domestic,2018,4,0.0,0,0.0,0.0,0.0,0.0,0.0,0.0,0.0,0.0
Jet Airways,nonscheduled_international,2018,4,4.0,320,699.0,740.0,0.0,0.0,59.4,68.0,94.459,87.353
Air Deccan,scheduled_domestic,2018,4,25.265,468,158.983,454.77,0.0,0.0,79.6,341.0,34.959,23.343
Air India,scheduled_domestic,2018,4,10670.9,1345592,1318494.0,1562619.3,6254.5,691.823,139413.1,178406.7,84.377,78.143
Air India Express,scheduled_domestic,2018,4,184.61,18590,22784.464,34336.716,21.339,0.029,1049.01,1926.29,66.356,54.458
Air Odisha,scheduled_domestic,2018,4,31.284,666,138.419,531.828,0.0,0.0,292.7,1038.1,26.027,28.196
AirAsia India,scheduled_domestic,2018,4,3495.0,579203,550403.7,629101.8,1941.6,0.0,47758.3,93915.5,87.49,50.852
Alliance Air,scheduled_domestic,2018,4,1975.0,139655,61099.0,80027.0,7.0,3.0,5568.0,7434.0,76.348,74.899
Blue Dart Aviation,scheduled_domestic,2018,4,474.0,0,0.0,0.0,9626.0,0.0,10007.677,14680.802,0.0,68.168
Go First,scheduled_domestic,2018,4,6103.4,1009963,974781.9,1088873.7,5458.6,0.0,93837.0,115658.8,89.522,81.133
IndiGo,scheduled_domestic,2018,4,27103.9,4579916,4420575.0,4809221.0,10639.2,1347.5,411870.3,526071.0,91.919,78.292
Jet Airways,scheduled_domestic,2018,4,11472.0,1683573,1572237.9,1836103.9,10894.9,764.339,145186.4,190660.5,85.629,76.149
JetLite,scheduled_domestic,2018,4,1048.0,173248,141474.0,167677.0,695.4,108.204,12529.0,16466.0,84.373,76.09
SpiceJet,scheduled_domestic,2018,4,8503.2,1426801,1284336.8,1344688.4,5567.9,0.0,102081.5,117308.7,95.512,87.02
TruJet,scheduled_domestic,2018,4,337.0,52947,18909.1,23717.4,0.0,0.0,1835.609,2431.562,79.727,75.491
Vistara,scheduled_domestic,2018,4,3838.0,462622,538297.0,606449.0,4261.319,0.0,45878.0,57574.0,88.762,79.685
Zoom Air,scheduled_domestic,2018,4,67.0,2254,2244.0,3270.0,0.0,0.0,1211.0,6214.0,68.624,19.488
Air India,scheduled_international,2018,4,21263.1,568627,2718210.6,3527137.5,11742.9,310.376,331922.3,506462.9,77.066,65.537
Air India Express,scheduled_international,2018,4,5957.04,355853,936751.436,1108009.254,866.174,0.424,55580.02,69855.41,84.544,79.564
IndiGo,scheduled_international,2018,4,4895.4,318828,750370.0,881153.0,2090.0,0.0,72715.6,99195.2,85.158,73.306
Jet Airways,scheduled_international,2018,4,12921.0,659907,2380605.8,3026279.4,17099.9,122.436,285175.2,417670.9,78.664,68.277
SpiceJet,scheduled_international,2018,4,2056.7,172813,346693.0,380560.2,709.4,0.0,27446.6,32404.2,91.101,84.701
Air India,nonscheduled_domestic,2018,5,234.4,28935,14084.7,24628.4,0.0,0.0,1056.4,2409.4,57.189,43.845
Jet Airways,nonscheduled_domestic,2018,5,48.0,8305,6149.0,7310.0,35.7,6.201,655.7,855.9,84.118,76.609
JetLite,nonscheduled_domestic,2018,5,0.0,0,0.0,0.0,0.0,0.0,0.0,0.0,0.0,0.0
Vistara,nonscheduled_domestic,2018,5,0.0,0,0.0,0.0,0.0,0.0,0.0,0.0,0.0,0.0
Jet Airways,nonscheduled_international,2018,5,2.0,145,257.0,298.0,0.0,0.0,21.8,29.4,86.242,74.15
Air Deccan,scheduled_domestic,2018,5,50.254,1391,470.17,964.584,0.0,0.0,784.182,6846.0,48.743,11.455
Air India,scheduled_domestic,2018,5,11072.5,1333851,1318502.8,1613888.6,6179.9,772.0,142377.5,182530.8,81.697,78.002
Air India Express,scheduled_domestic,2018,5,186.5,17789,25441.6,34689.2,32.0,0.003,1993.2,3124.7,73.342,63.789
Air Odisha,scheduled_domestic,2018,5,34.917,867,190.32,593.589,0.0,0.0,172.5,4600.0,32.063,3.75
AirAsia India,scheduled_domestic,2018,5,3786.8,647586,611718.1,681756.7,2143.7,0.0,53167.5,102028.0,89.727,52.111
Alliance Air,scheduled_domestic,2018,5,2318.0,137718,60114.0,82413.0,5.0,3.0,5806.0,7665.0,72.942,75.747
Blue Dart Aviation,scheduled_domestic,2018,5,496.0,0,0.0,0.0,10556.0,0.0,11095.642,15026.978,0.0,73.838
Go First,scheduled_domestic,2018,5,6330.4,1034197,1005378.7,1127621.3,5998.3,0.0,97259.2,119962.0,89.159,81.075
IndiGo,scheduled_domestic,2018,5,29014.6,4852909,4677509.0,5141930.0,12451.1,1418.252,437568.9,563300.3,90.968,77.68
Jet Airways,scheduled_domestic,2018,5,11787.0,1618129,1517637.0,1888414.5,12373.7,775.107,142338.7,191878.8,80.366,74.182
JetLite,scheduled_domestic,2018,5,1175.0,182103,151125.6,188410.0,820.6,97.474,13372.0,17603.9,80.211,75.96
SpiceJet,scheduled_domestic,2018,5,8834.0,1459005,1319542.9,1391957.8,6146.0,0.0,105363.3,121709.7,94.798,86.569
TruJet,scheduled_domestic,2018,5,349.0,56818,20529.5,24827.8,0.0,0.0,1925.336,2511.706,82.688,76.655
Vistara,scheduled_domestic,2018,5,4097.9,471499,554966.8,647462.2,5112.6,0.0,48270.1,61460.3,85.714,78.539
Zoom Air,scheduled_domestic,2018,5,122.0,4772,4169.0,5963.0,0.0,0.0,1211.0,16579.0,69.914,7.304
Air India,scheduled_international,2018,5,22133.4,580708,2799009.4,3667758.3,11215.7,327.0,335463.3,528416.0,76.314,63.485
Air India Express,scheduled_international,2018,5,6198.1,341248,915090.5,1152843.8,1265.3,0.81,81683.8,102216.1,79.377,79.913
IndiGo,scheduled_international,2018,5,5211.6,334042,782012.0,938029.0,2042.4,0.0,75454.8,105395.9,83.368,71.592
Jet Airways,scheduled_international,2018,5,13320.7,663531,2428654.9,3095725.6,17296.7,149.127,290038.5,423482.7,78.452,68.489
SpiceJet,scheduled_international,2018,5,2128.1,184157,364514.9,393788.0,689.8,0.0,28763.8,33530.3,92.566,85.784
Air India,nonscheduled_domestic,2018,6,220.9,27607,13226.7,23327.1,0.0,0.0,992.0,2284.7,56.701,43.419
Jet Airways,nonscheduled_domestic,2018,6,52.0,8930,6699.0,8041.0,37.9,7.031,592.2,748.9,83.311,79.076
JetLite,nonscheduled_domestic,2018,6,0.0,0,0.0,0.0,0.0,0.0,0.0,0.0,0.0,0.0
Vistara,nonscheduled_domestic,2018,6,2.9,272,396.0,458.0,0.0,0.0,24.0,34.0,86.463,70.588
Jet Airways,nonscheduled_international,2018,6,0.0,0,0.0,0.0,0.0,0.0,0.0,0.0,0.0,0.0
Air Deccan,scheduled_domestic,2018,6,25.04,573,201.467,450.72,0.0,0.0,286.5,3958.0,44.699,7.239
Air India,scheduled_domestic,2018,6,10669.7,1238131,1228357.5,1509386.8,6097.1,690.4,134017.7,167195.0,81.381,80.157
Air India Express,scheduled_domestic,2018,6,178.4,13637,21642.1,33181.8,11.5,0.0,1813.9,3206.78,65.223,56.565
Air Odisha,scheduled_domestic,2018,6,21.912,468,124.751,372.504,0.0,0.0,249.502,3632.0,33.49,6.87
AirAsia India,scheduled_domestic,2018,6,3711.6,600731,594715.2,803248.7,2110.8,0.0,51817.3,98606.3,74.039,52.55
Alliance Air,scheduled_domestic,2018,6,1872.0,131358,56370.0,77700.0,7.0,3.0,5136.0,7222.0,72.548,71.116
Blue Dart Aviation,scheduled_domestic,2018,6,509.0,0,0.0,0.0,10787.0,0.0,11241.961,15763.713,0.0,71.315
Go First,scheduled_domestic,2018,6,6496.63,1054793,1027052.997,1159408.61,6602.78,0.0,99749.04,123111.08,88.584,81.024
IndiGo,scheduled_domestic,2018,6,29156.4,4672686,4565770.0,5170011.0,12793.09,1607.5,428124.2,567301.5,88.313,75.467
Jet Airways,scheduled_domestic,2018,6,11098.0,1502783,1411035.5,1775722.8,11255.4,778.908,131945.6,183276.7,79.463,71.993
JetLite,scheduled_domestic,2018,6,1242.0,194304,159300.0,200008.0,848.2,92.43,14099.1,19105.4,79.647,73.796
SpiceJet,scheduled_domestic,2018,6,8380.5,1370265,1226187.116,1314144.519,7159.1,0.0,99296.7,114931.3,93.307,86.397
TruJet,scheduled_domestic,2018,6,333.0,52173,18740.5,23724.1,0.0,0.0,1945.931,2401.164,78.994,81.041
Vistara,scheduled_domestic,2018,6,3941.8,452177,528328.4,622800.6,5030.0,0.0,54052.4,67789.8,84.831,79.735
Zoom Air,scheduled_domestic,2018,6,109.0,4258,3881.0,15608.0,0.0,0.0,1231.68,14847.292,24.865,8.296
Air India,scheduled_international,2018,6,21561.0,559293,2827440.2,3594306.5,10575.6,304.5,336559.9,517944.3,78.664,64.98
Air India Express,scheduled_international,2018,6,5999.4,309826,828466.2,1115888.8,1042.9,0.81,76490.53,103054.73,74.243,74.223
IndiGo,scheduled_international,2018,6,5030.3,318327,743310.0,905447.0,1337.12,0.0,70115.3,101726.9,82.093,68.925
Jet Airways,scheduled_international,2018,6,13449.9,669682,2523735.1,3101597.7,16457.2,145.532,293986.8,423134.1,81.369,69.478
SpiceJet,scheduled_international,2018,6,2071.0,172905,343463.608,383200.349,885.1,0.0,27480.7,32624.3,89.63,84.234
Air India,nonscheduled_domestic,2018,7,211.5,26162,10893.3,20571.2,0.0,0.0,817.0,2045.1,52.954,39.949
Jet Airways,nonscheduled_domestic,2018,7,59.0,10651,7846.0,9319.0,25.201,7.278,689.3,866.2,84.194,79.577
JetLite,nonscheduled_domestic,2018,7,0.0,0,0.0,0.0,0.0,0.0,0.0,0.0,0.0,0.0
Vistara,nonscheduled_domestic,2018,7,1.82,250,227.0,287.0,0.0,0.0,20.4,34.4,79.094,59.302
Jet Airways,nonscheduled_international,2018,7,4.0,313,559.0,600.0,0.0,0.0,47.6,60.2,93.167,79.07
Air Deccan,scheduled_domestic,2018,7,5.303,58,18.114,95.454,0.0,0.0,264.313,3958.0,18.977,6.678
Air India,scheduled_domestic,2018,7,10386.2,1255241,1222820.3,1475555.1,6110.4,714.7,131678.908,163759.9,82.872,80.41
Air India Express,scheduled_domestic,2018,7,178.74,14499,20645.0,33245.0,13.08,0.0,1690.62,3122.13,62.1,54.15
Air Odisha,scheduled_domestic,2018,7,7.264,186,7.264,108.46,0.0,0.0,544.34,7642.0,6.697,7.123
AirAsia India,scheduled_domestic,2018,7,3824.6,557633,556996.3,692899.9,2702.5,0.0,49127.0,102515.9,80.386,47.921
Alliance Air,scheduled_domestic,2018,7,1979.0,134169,57904.0,80342.0,7.0,3.0,5276.0,7472.0,72.072,70.61
Blue Dart Aviation,scheduled_domestic,2018,7,497.0,0,0.0,0.0,10463.0,0.0,10791.806,15309.45,0.0,70.491
Go First,scheduled_domestic,2018,7,6425.2,1026758,1002176.5,1149476.3,6516.0,0.0,97504.1,121757.2,87.185,80.081
IndiGo,scheduled_domestic,2018,7,30718.75,5002416,4804228.0,5438722.0,14608.74,1745.9,452087.495,593886.184,88.334,76.124
Jet Airways,scheduled_domestic,2018,7,10837.0,1565793,1473747.6,1757072.8,10874.8,933.617,137571.1,181402.9,83.875,75.837
JetLite,scheduled_domestic,2018,7,1022.0,171138,132752.2,165008.3,739.7,103.595,11841.5,16035.8,80.452,73.844
SpiceJet,scheduled_domestic,2018,7,8545.0,1427257,1248730.6,1331839.0,7600.8,0.0,101639.8,116534.2,93.76,87.219
TruJet,scheduled_domestic,2018,7,349.0,51402,18556.3,24820.5,0.0,0.0,1807.14,2511.727,74.762,71.948
Vistara,scheduled_domestic,2018,7,3928.3,451473,522033.6,620675.2,4845.7,0.0,53254.5,67567.2,84.107,78.817
Zoom Air,scheduled_domestic,2018,7,0.0,0,0.0,0.0,0.0,0.0,0.0,0.0,0.0,0.0
Air India,scheduled_international,2018,7,21636.8,537174,2815827.4,3569365.7,12145.5,325.4,348040.555,517700.0,78.889,67.228
Air India Express,scheduled_international,2018,7,6167.58,340424,903675.0,1147169.0,1143.71,0.618,81533.15,104157.02,78.774,78.279
IndiGo,scheduled_international,2018,7,5197.91,343262,804139.0,935615.0,1702.003,0.0,76562.234,105099.309,85.948,72.848
Jet Airways,scheduled_international,2018,7,14074.3,739241,2720836.9,3228294.1,16222.2,162.42,307299.8,439827.2,84.281,69.868
SpiceJet,scheduled_international,2018,7,2150.4,184537,363183.6,398006.5,967.2,0.0,28990.9,33887.4,91.251,85.551
Air India,nonscheduled_domestic,2018,8,219.11,26263,11335.48,21028.52,0.0,0.0,850.16,2087.54,53.905,40.725
Jet Airways,nonscheduled_domestic,2018,8,56.0,8853,7198.0,8752.0,8.58,6.09,621.85,809.55,82.244,76.814
JetLite,nonscheduled_domestic,2018,8,0.0,0,0.0,0.0,0.0,0.0,0.0,0.0,0.0,0.0
Vistara,nonscheduled_domestic,2018,8,0.0,0,0.0,0.0,0.0,0.0,0.0,0.0,0.0,0.0
Jet Airways,nonscheduled_international,2018,8,0.0,0,0.0,0.0,0.0,0.0,0.0,0.0,0.0,0.0
Air Deccan,scheduled_domestic,2018,8,49.471,1374,442.647,845.597,0.0,0.0,3762.5,22105.0,52.347,17.021
Air India,scheduled_domestic,2018,8,10385.99,1265214,1239689.66,1491647.66,6345.444,787.423,132977.6,164537.6,83.109,80.819
Air India Express,scheduled_domestic,2018,8,169.94,16703,21767.81,31609.21,7.577,0.0,1752.17,2937.9,68.865,59.64
Air Odisha,scheduled_domestic,2018,8,29.263,553,124.06,497.471,0.0,0.0,1054.51,8232.0,24.938,12.81
AirAsia India,scheduled_domestic,2018,8,3788.57,537079,550158.29,718207.74,2900.131,0.0,48747.58,107620.42,76.602,45.296
Alliance Air,scheduled_domestic,2018,8,2078.0,132970,56929.0,83152.0,7.0,3.0,5189.0,7738.0,68.464,67.059
Blue Dart Aviation,scheduled_domestic,2018,8,500.0,0,0.0,0.0,10639.0,0.0,11134.0,15412.0,0.0,72.242
Go First,scheduled_domestic,2018,8,6544.11,1014015,992139.22,1172612.38,6118.46,0.0,96083.486,124010.97,84.609,77.48
IndiGo,scheduled_domestic,2018,8,31462.91,4757378,4610890.0,5565617.0,13976.968,1856.702,434227.23,608617.96,82.846,71.346
Jet Airways,scheduled_domestic,2018,8,10993.0,1552418,1460931.2,1781954.03,10237.644,699.015,135351.91,187952.17,81.985,72.014
JetLite,scheduled_domestic,2018,8,1013.0,163476,130673.13,164950.28,701.755,101.715,11602.52,16219.9,79.22,71.533
SpiceJet,scheduled_domestic,2018,8,8431.26,1404424,1229718.59,1313965.21,7459.605,0.0,100111.64,115152.9,93.588,86.938
TruJet,scheduled_domestic,2018,8,334.0,50627,18001.07,23772.3,0.0,0.0,1752.319,2404.454,75.723,72.878
Vistara,scheduled_domestic,2018,8,3835.42,422985,494122.67,605995.89,4636.248,0.0,50448.74,65969.17,81.539,76.473
Zoom Air,scheduled_domestic,2018,8,0.0,0,0.0,0.0,0.0,0.0,0.0,0.0,0.0,0.0
Air India,scheduled_international,2018,8,21646.78,542938,2803799.15,3548755.13,12104.05,393.85,347372.61,516371.36,79.008,67.272
Air India Express,scheduled_international,2018,8,6157.23,345809,924916.0,1145245.52,1282.78,0.742,86129.57,106560.82,80.761,80.827
IndiGo,scheduled_international,2018,8,4829.18,334780,754065.0,869239.0,1849.13,0.0,72449.29,97501.23,86.75,74.306
Jet Airways,scheduled_international,2018,8,13742.22,748417,2734133.33,3197565.49,16176.56,165.672,309186.54,440428.05,85.507,70.201
SpiceJet,scheduled_international,2018,8,2100.09,179435,351288.96,390389.99,875.63,0.0,28027.92,33227.27,89.984,84.352
Air India,nonscheduled_domestic,2018,9,212.172,25604,10747.25,19729.522,0.0,0.0,806.044,1984.11,54.473,40.625
Jet Airways,nonscheduled_domestic,2018,9,57.0,8871,7362.0,8812.0,15.141,6.584,553.769,721.916,83.545,76.708
JetLite,nonscheduled_domestic,2018,9,0.0,0,0.0,0.0,0.0,0.0,0.0,0.0,0.0,0.0
SpiceJet,nonscheduled_domestic,2018,9,0.944,229,108.088,178.416,0.0,0.0,8.107,15.104,60.582,53.675
Vistara,nonscheduled_domestic,2018,9,0.0,0,0.0,0.0,0.0,0.0,0.0,0.0,0.0,0.0
Jet Airways,nonscheduled_international,2018,9,0.0,0,0.0,0.0,0.0,0.0,0.0,0.0,0.0,0.0
Air Deccan,scheduled_domestic,2018,9,511.67,1268,377.093,887.363,0.0,0.0,12626.0,32052.905,42.496,39.391
Air India,scheduled_domestic,2018,9,9917.133,1173238,1150285.403,1400900.399,6532.236,707.676,122726.683,154295.885,82.11,79.54
Air India Express,scheduled_domestic,2018,9,181.05,15855,22424.954,33675.858,8.89,0.0,1818.677,3118.477,66.591,58.319
Air Odisha,scheduled_domestic,2018,9,0.0,295,0.0,0.0,0.0,0.0,0.0,0.0,0.0,0.0
AirAsia India,scheduled_domestic,2018,9,3709.87,498138,490208.02,688614.3,2657.31,0.0,42475.75,100673.19,71.188,42.192
Alliance Air,scheduled_domestic,2018,9,2116.0,129952,54847.0,84326.0,7.0,0.0,5002.0,7822.0,65.042,63.948
Blue Dart Aviation,scheduled_domestic,2018,9,471.0,0,0.0,0.0,10260.0,0.0,10756.0,14602.0,0.0,73.661
Go First,scheduled_domestic,2018,9,5915.001,989309,960011.867,1059735.798,6207.856,0.0,93398.889,112089.269,90.59,83.325
IndiGo,scheduled_domestic,2018,9,32512.217,4920335,4753181.0,5747320.0,14255.104,1695.5,447023.841,630112.446,82.703,70.944
Jet Airways,scheduled_domestic,2018,9,10864.0,1604196,1502921.719,1770160.717,10252.98,625.124,139069.927,188113.871,84.903,73.929
JetLite,scheduled_domestic,2018,9,1085.0,182290,143058.194,172375.84,762.283,115.597,12767.129,17325.422,82.992,73.69
SpiceJet,scheduled_domestic,2018,9,8357.393,1362564,1214945.834,1303992.6,8039.258,0.0,99979.302,114883.302,93.171,87.027
TruJet,scheduled_domestic,2018,9,333.0,50203,18040.295,23714.406,0.0,0.0,1765.795,2398.493,76.073,73.621
Vistara,scheduled_domestic,2018,9,3737.258,436063,502368.423,591914.974,4848.973,0.0,51442.234,64280.838,84.872,80.027
Zoom Air,scheduled_domestic,2018,9,0.0,0,0.0,0.0,0.0,0.0,0.0,0.0,0.0,0.0
Air India,scheduled_international,2018,9,18638.467,493010,2486734.603,3406660.01,11953.075,434.829,315193.824,494903.507,72.996,63.688
Air India Express,scheduled_international,2018,9,5916.785,295714,788808.447,1100522.01,1336.52,1.064,73649.465,100098.565,71.676,73.577
IndiGo,scheduled_international,2018,9,5074.241,318893,720502.0,913351.0,1907.342,0.0,69675.366,102547.3,78.886,67.945
Jet Airways,scheduled_international,2018,9,13057.792,697813,2532829.92,3047220.224,15711.88,150.891,292854.277,425390.779,83.119,68.844
SpiceJet,scheduled_international,2018,9,2056.376,176387,333816.573,382094.904,832.98,0.0,26633.117,32521.256,87.365,81.894
Air India,nonscheduled_domestic,2018,10,242.528,29239,14272.622,24922.73,0.0,0.0,1070.447,2443.324,57.267,43.811
Jet Airways,nonscheduled_domestic,2018,10,58.0,9753,7362.0,9074.0,24.213,5.342,691.47,944.343,81.133,73.222
JetLite,nonscheduled_domestic,2018,10,1.0,90,47.0,139.0,0.0,0.0,3.98,12.06,33.813,33.002
SpiceJet,nonscheduled_domestic,2018,10,1.36,350,163.6,218.12,0.0,0.0,10.36,18.78,75.005,55.165
Vistara,nonscheduled_domestic,2018,10,0.0,0,0.0,0.0,0.0,0.0,0.0,0.0,0.0,0.0
Jet Airways,nonscheduled_international,2018,10,6.0,288,854.0,996.0,0.0,0.0,72.56,108.64,85.743,66.789
Air Deccan,scheduled_domestic,2018,10,15.672,203,52.406,281.462,0.0,0.0,4454.51,12626.0,18.619,35.28
Air India,scheduled_domestic,2018,10,11030.128,1276807,1254204.383,1579133.941,6676.385,729.448,134415.084,173348.297,79.424,77.54
Air India Express,scheduled_domestic,2018,10,174.7,15386,18625.76,32494.01,47.14,0.047,1773.17,3737.35,57.321,47.445
Air Odisha,scheduled_domestic,2018,10,0.0,0,0.0,0.0,0.0,0.0,0.0,0.0,0.0,0.0
AirAsia India,scheduled_domestic,2018,10,4001.71,643358,635667.4,759506.76,2697.4,0.0,51337.35,113382.97,83.695,45.278
Alliance Air,scheduled_domestic,2018,10,2104.0,123014,51236.0,78182.0,6.0,0.0,4672.0,7259.0,65.534,64.361
Blue Dart Aviation,scheduled_domestic,2018,10,552.0,0,0.0,0.0,11238.0,0.0,11777.0,17177.0,0.0,68.563
Go First,scheduled_domestic,2018,10,6759.89,1047651,1019261.21,1211954.956,7469.795,0.0,99934.691,128099.916,84.101,78.013
IndiGo,scheduled_domestic,2018,10,34065.699,5074853,4998733.0,6014907.0,14660.534,1754.6,469334.49,661360.99,83.106,70.965
Jet Airways,scheduled_domestic,2018,10,11312.0,1562304,1490663.53,1826589.05,10307.45,635.146,137203.78,191226.27,81.609,71.749
JetLite,scheduled_domestic,2018,10,1174.0,188698,149785.45,186770.0,827.89,140.042,13329.024,18941.257,80.198,70.37
SpiceJet,scheduled_domestic,2018,10,8761.85,1382010,1239910.21,1365551.69,8345.55,0.0,100726.91,119428.05,90.799,84.341
TruJet,scheduled_domestic,2018,10,350.0,56337,20281.443,24822.468,0.0,0.0,1964.803,2521.901,81.706,77.91
Vistara,scheduled_domestic,2018,10,3994.627,434761,508194.893,637488.416,5081.171,0.0,52272.368,68707.584,79.718,76.079
Zoom Air,scheduled_domestic,2018,10,0.0,0,0.0,0.0,0.0,0.0,0.0,0.0,0.0,0.0
Air India,scheduled_international,2018,10,22001.0,555307,2728320.0,3678752.0,13364.0,429.576,345308.0,529862.0,74.164,65.169
Air India Express,scheduled_international,2018,10,6073.02,310180,822918.96,1129582.46,1606.89,0.6,84670.141,107914.54,72.852,78.46
Go First,scheduled_international,2018,10,153.22,5423,14816.878,27886.404,0.0,0.0,1333.519,2903.557,53.133,45.927
IndiGo,scheduled_international,2018,10,6074.123,375292,882712.0,1093292.0,2174.22,0.0,85014.12,122951.07,80.739,69.145
Jet Airways,scheduled_international,2018,10,12119.63,617395,2293057.62,2837747.63,15350.0,173.411,276297.2,398698.54,80.806,69.3
SpiceJet,scheduled_international,2018,10,2224.181,181244,348360.936,413602.371,1364.372,0.0,28340.532,35194.878,84.226,80.525
Air India,nonscheduled_domestic,2018,11,221.794,29445,15360.0,23491.0,0.0,0.0,1152.0,2292.0,65.387,50.262
Jet Airways,nonscheduled_domestic,2018,11,57.0,9126,7457.0,8863.0,27.151,6.335,672.012,848.224,84.136,79.226
JetLite,nonscheduled_domestic,2018,11,2.0,299,273.0,306.0,0.0,0.0,23.178,29.239,89.216,79.271
SpiceJet,nonscheduled_domestic,2018,11,4.018,805,743.921,772.014,0.0,0.0,55.968,67.32,96.361,83.137
Vistara,nonscheduled_domestic,2018,11,0.0,0,0.0,0.0,0.0,0.0,0.0,0.0,0.0,0.0
Jet Airways,nonscheduled_international,2018,11,2.0,108,265.0,412.0,0.0,0.0,22.519,45.069,64.32,49.966
Air Deccan,scheduled_domestic,2018,11,0.0,0,0.0,0.0,0.0,0.0,0.0,0.0,0.0,0.0
Air India,scheduled_domestic,2018,11,10664.017,1242223,1177788.474,1532219.67,5760.706,694.268,130948.848,169183.375,76.868,77.401
Air India Express,scheduled_domestic,2018,11,199.112,17038,22344.562,37034.832,53.253,0.005,1817.66,3567.22,60.334,50.955
Air Odisha,scheduled_domestic,2018,11,0.0,0,0.0,0.0,0.0,0.0,0.0,0.0,0.0,0.0
AirAsia India,scheduled_domestic,2018,11,3733.44,617740,613381.53,695250.0,2286.873,0.0,53877.54,103790.4,88.225,51.91
Alliance Air,scheduled_domestic,2018,11,2187.0,129339,54169.0,79653.0,6.5,0.0,4677.0,7259.0,68.006,64.43
Blue Dart Aviation,scheduled_domestic,2018,11,479.0,0,0.0,0.0,9619.0,0.0,9953.771,14619.861,0.0,68.084
Go First,scheduled_domestic,2018,11,6410.801,1019398,1007827.395,1150762.452,6082.65,0.0,97410.719,121484.679,87.579,80.184
IndiGo,scheduled_domestic,2018,11,32769.504,5005919,4916916.0,5794474.0,11716.432,1805.882,458329.575,652032.005,84.855,70.292
Jet Airways,scheduled_domestic,2018,11,10714.0,1477384,1422400.902,1732194.202,8287.528,695.824,129118.047,180691.185,82.116,71.458
JetLite,scheduled_domestic,2018,11,1062.0,174535,138431.774,171165.42,773.349,111.313,12346.386,17467.524,80.876,70.682
SpiceJet,scheduled_domestic,2018,11,9270.233,1454822,1330630.801,1461379.556,7193.027,0.0,106955.425,127426.675,91.053,83.935
TruJet,scheduled_domestic,2018,11,340.0,52696,19005.415,24115.256,0.0,0.0,1846.307,2450.002,78.811,75.359
Vistara,scheduled_domestic,2018,11,3862.618,415432,487427.348,621214.532,4199.04,0.0,49294.261,66437.03,78.464,74.197
Zoom Air,scheduled_domestic,2018,11,0.0,0,0.0,0.0,0.0,0.0,0.0,0.0,0.0,0.0
Air India,scheduled_international,2018,11,21445.489,581736,2906374.0,3635611.612,12589.086,491.385,355070.621,523044.839,79.942,67.885
Air India Express,scheduled_international,2018,11,6012.17,320229,850130.11,1118263.62,1476.891,0.518,81046.79,105149.75,76.022,77.077
Go First,scheduled_international,2018,11,310.34,14066,36920.586,56481.88,0.0,0.0,3322.853,5880.943,65.367,56.502
IndiGo,scheduled_international,2018,11,6772.457,423414,1010511.0,1218815.0,1777.373,0.0,95481.077,139875.309,82.909,68.262
Jet Airways,scheduled_international,2018,11,12447.255,648417,2414085.385,2872366.206,14160.28,134.438,281476.574,394669.718,84.045,71.32
SpiceJet,scheduled_international,2018,11,2412.34,191812,383702.89,449460.972,1803.507,0.0,31097.455,38228.272,85.37,81.347
Air India,nonscheduled_domestic,2018,12,249.0,32274,16709.0,26010.0,0.0,0.0,1253.0,2544.0,64.241,49.253
Go First,nonscheduled_domestic,2018,12,2.56,540,461.0,477.0,0.0,0.0,42.0,47.0,96.646,89.362
Jet Airways,nonscheduled_domestic,2018,12,64.0,10885,8137.0,10071.0,33.402,5.471,678.86,882.99,80.796,76.882
JetLite,nonscheduled_domestic,2018,12,1.0,276,157.0,194.0,0.0,0.0,13.325,18.386,80.928,72.474
SpiceJet,nonscheduled_domestic,2018,12,10.373,2433,1710.855,1960.497,0.0,0.0,128.314,165.968,87.266,77.312
Vistara,nonscheduled_domestic,2018,12,6.21,846,525.366,1018.44,0.0,0.0,47.283,106.812,51.585,44.267
Jet Airways,nonscheduled_international,2018,12,10.0,740,1483.0,1710.0,0.0,0.0,232.01,399.63,86.725,58.056
SpiceJet,nonscheduled_international,2018,12,3.296,146,240.608,296.64,0.0,0.0,18.046,24.72,81.111,73.002
Air Deccan,scheduled_domestic,2018,12,0.0,0,0.0,0.0,0.0,0.0,0.0,0.0,0.0,0.0
Air India,scheduled_domestic,2018,12,11449.0,1372904,1313600.0,1649442.0,5705.285,742.357,128383.0,180995.0,79.639,70.932
Air India Express,scheduled_domestic,2018,12,208.02,19040,25437.0,38692.0,63.139,0.02,2163.952,3709.06,65.742,58.342
Air Odisha,scheduled_domestic,2018,12,0.0,0,0.0,0.0,0.0,0.0,0.0,0.0,0.0,0.0
AirAsia India,scheduled_domestic,2018,12,3840.43,673179,654723.77,730517.4,2347.426,0.0,57489.68,109055.29,89.625,52.716
Alliance Air,scheduled_domestic,2018,12,1844.0,143712,61431.0,88725.0,4.8,0.0,5592.2,8241.0,69.238,67.858
Blue Dart Aviation,scheduled_domestic,2018,12,487.0,0,0.0,0.0,10099.0,0.0,10381.619,14763.327,0.0,70.32
Go First,scheduled_domestic,2018,12,6685.662,1111770,1090067.199,1231631.976,5668.55,0.0,104593.15,126693.29,88.506,82.556
IndiGo,scheduled_domestic,2018,12,34430.362,5478523,5425426.0,6101125.0,12582.105,2099.507,505413.269,685259.526,88.925,73.755
Jet Airways,scheduled_domestic,2018,12,10417.0,1537426,1471987.26,1691358.79,8493.324,649.522,133452.349,176100.614,87.03,75.782
JetLite,scheduled_domestic,2018,12,1220.0,214385,166417.618,194214.448,872.29,187.198,14795.176,19679.549,85.688,75.18
SpiceJet,scheduled_domestic,2018,12,9905.555,1563700,1448751.49,1562334.127,8419.586,0.0,116785.865,136025.954,92.73,85.856
TruJet,scheduled_domestic,2018,12,360.774,57038,20583.199,25622.42,0.0,0.0,1997.731,2597.573,80.333,76.908
Vistara,scheduled_domestic,2018,12,4182.37,478133,563776.79,678617.036,4218.267,0.0,56234.496,71936.764,83.077,78.172
Zoom Air,scheduled_domestic,2018,12,0.0,0,0.0,0.0,0.0,0.0,0.0,0.0,0.0,0.0
Air India,scheduled_international,2018,12,22373.0,614108,3089362.0,3875133.0,12575.588,549.917,389946.0,556590.0,79.723,70.06
Air India Express,scheduled_international,2018,12,6465.54,395035,1048918.0,1202590.0,1497.99,0.641,99483.44,115749.15,87.222,85.947
Go First,scheduled_international,2018,12,472.0,22989,58661.0,87458.0,0.0,0.0,5279.0,8954.0,67.073,58.957
IndiGo,scheduled_international,2018,12,7715.809,493132,1193023.0,1390819.0,2329.55,0.0,113191.587,159397.847,85.778,71.012
Jet Airways,scheduled_international,2018,12,13462.378,719050,2669808.222,3088888.53,13929.163,113.423,298867.168,418757.426,86.433,71.37
SpiceJet,scheduled_international,2018,12,2709.868,218467,451819.905,505889.804,2381.392,0.0,36248.089,42972.164,89.312,84.352
Air India,nonscheduled_domestic,2019,1,253.97,28903,15459.5,26796.97,0.0,0.0,1159.46,2620.08,57.691,44.253
Jet Airways,nonscheduled_domestic,2019,1,58.0,9820,7634.0,9027.0,28.57,4.304,664.3,866.76,84.569,76.642
JetLite,nonscheduled_domestic,2019,1,0.0,0,0.0,0.0,0.0,0.0,0.0,0.0,0.0,0.0
SpiceJet,nonscheduled_domestic,2019,1,0.79,37,29.34,149.88,0.0,0.0,2.2,12.69,19.576,17.336
Jet Airways,nonscheduled_international,2019,1,0.0,0,0.0,0.0,0.0,0.0,0.0,0.0,0.0,0.0
SpiceJet,nonscheduled_international,2019,1,0.0,0,0.0,0.0,0.0,0.0,0.0,0.0,0.0,0.0
Air Heritage,scheduled_domestic,2019,1,12.249,307,103.721,302.94,0.0,0.0,7.779,9.071,34.238,85.756
Air India,scheduled_domestic,2019,1,11299.762,1343960,1278677.705,1629893.95,5673.338,750.61,125389.379,178332.445,78.452,70.312
Air India Express,scheduled_domestic,2019,1,204.16,18115,24981.0,37974.0,48.56,0.0,2091.59,3748.94,65.784,55.792
AirAsia India,scheduled_domestic,2019,1,4437.72,666971,714801.97,798789.06,2020.24,0.0,62192.75,117041.41,89.486,53.137
Alliance Air,scheduled_domestic,2019,1,1901.0,138705,58712.999,89372.474,6.5,0.0,5346.0,8306.0,65.695,64.363
Blue Dart Aviation,scheduled_domestic,2019,1,460.0,0,0.0,0.0,9314.0,0.0,9509.15,13929.529,0.0,68.266
Go First,scheduled_domestic,2019,1,6639.29,1087717,1060701.668,1213805.9,5229.419,0.0,101348.731,125814.546,87.386,80.554
IndiGo,scheduled_domestic,2019,1,34515.158,5321832,5282940.0,6111639.0,13069.63,2078.017,492953.77,673255.83,86.441,73.219
Jet Airways,scheduled_domestic,2019,1,10033.0,1481560,1408836.7,1635306.63,8062.79,621.087,127819.38,170791.98,86.151,74.839
JetLite,scheduled_domestic,2019,1,1242.0,215128,166936.92,198376.27,829.31,231.363,14881.687,20043.364,84.152,74.247
SpiceJet,scheduled_domestic,2019,1,10803.49,1665660,1568335.01,1726201.8,7705.25,0.0,125328.27,149626.58,90.855,83.761
Star Air,scheduled_domestic,2019,1,10.938,637,1780.278,3281.4,0.0,0.0,522.563,3281.4,54.254,15.925
TruJet,scheduled_domestic,2019,1,382.432,58143,21171.632,27132.828,0.0,0.0,2059.802,2753.51,78.03,74.806
Vistara,scheduled_domestic,2019,1,4090.854,470340,560324.13,665630.56,3882.52,0.0,55530.637,70362.689,84.179,78.921
Air India,scheduled_international,2019,1,21021.0,624147,3237285.673,3855869.779,10743.253,506.554,393365.178,554848.4,83.957,70.896
Air India Express,scheduled_international,2019,1,6546.0,400642,1064563.0,1217556.0,1382.69,2.22,100222.83,116857.75,87.434,85.765
Go First,scheduled_international,2019,1,677.0,26703,70846.567,125927.952,0.0,0.0,6376.191,12829.756,56.26,49.698
IndiGo,scheduled_international,2019,1,7971.736,498170,1199655.0,1437827.0,2462.0,0.0,114270.04,161402.34,83.435,70.798
Jet Airways,scheduled_international,2019,1,13440.21,733063,2737136.72,3088503.73,11705.73,120.158,292446.78,415320.67,88.623,70.415
SpiceJet,scheduled_international,2019,1,2677.49,212534,436857.4,499337.7,1810.45,0.0,34833.0,42378.23,87.487,82.196
Air India,nonscheduled_domestic,2019,2,166.445,24088,15594.0,20705.0,0.0,0.0,1170.0,2020.0,75.315,57.921
Jet Airways,nonscheduled_domestic,2019,2,13.0,2828,1907.0,2262.0,10.284,2.52,169.729,217.43,84.306,78.061
JetLite,nonscheduled_domestic,2019,2,1.0,111,89.0,134.0,0.0,0.0,7.529,9.217,66.418,81.686
SpiceJet,nonscheduled_domestic,2019,2,3.246,618,353.529,581.859,0.0,0.0,26.515,49.514,60.759,53.551
Jet Airways,nonscheduled_international,2019,2,14.0,717,1648.0,2316.0,0.0,0.0,177.0,253.0,71.157,69.96
SpiceJet,nonscheduled_international,2019,2,0.0,0,0.0,0.0,0.0,0.0,0.0,0.0,0.0,0.0
Air Heritage,scheduled_domestic,2019,2,10.129,225,87.552,91.161,0.0,0.0,6.566,9.071,96.041,72.385
Air India,scheduled_domestic,2019,2,10168.0,1286834,1235346.0,1470423.0,5283.335,750.443,120898.834,160899.0,84.013,75.14
Air India Express,scheduled_domestic,2019,2,173.76,14354,20106.0,32319.0,63.841,0.0,1674.79,3211.27,62.211,52.154
AirAsia India,scheduled_domestic,2019,2,3793.35,583216,634592.868,682803.72,1927.017,0.0,55074.029,101932.353,92.939,54.03
Alliance Air,scheduled_domestic,2019,2,1659.0,127312,53354.0,77272.0,8.0,0.0,4858.8,7178.0,69.047,67.69
Blue Dart Aviation,scheduled_domestic,2019,2,424.0,0,0.0,0.0,8593.0,0.0,8733.779,12947.94,0.0,67.453
Go First,scheduled_domestic,2019,2,5856.552,1026676,999484.096,1079898.144,4851.401,0.0,95270.99,110981.66,92.554,85.844
IndiGo,scheduled_domestic,2019,2,30957.867,4930608,4841086.0,5475814.0,14069.552,1811.267,454022.46,602746.818,88.409,75.326
Jet Airways,scheduled_domestic,2019,2,7283.0,1129751,1060084.925,1185870.996,6605.378,471.883,97273.075,124336.174,89.393,78.234
JetLite,scheduled_domestic,2019,2,804.0,158576,111303.688,126601.48,570.852,119.336,9909.58,12872.986,87.917,76.98
SpiceJet,scheduled_domestic,2019,2,9791.813,1557868,1464787.81,1557610.245,6831.854,0.0,117261.29,135280.676,94.041,86.68
Star Air,scheduled_domestic,2019,2,45.496,2603,1194.397,2274.8,0.0,0.0,107.496,1000.901,52.506,10.74
TruJet,scheduled_domestic,2019,2,343.0,51164,18471.718,24335.824,0.0,0.0,1826.834,2469.154,75.903,73.986
Vistara,scheduled_domestic,2019,2,3661.567,452362,532463.735,597498.662,3465.234,0.0,52462.034,62978.952,89.115,83.301
Air India,scheduled_international,2019,2,20537.0,555271,2800950.0,3508021.0,10643.017,400.724,347270.418,506148.0,79.844,68.61
Air India Express,scheduled_international,2019,2,5913.2,346145,917909.0,1099854.0,1334.29,2.87,89361.0,108373.26,83.457,82.457
Go First,scheduled_international,2019,2,584.339,21974,59820.273,108595.254,0.0,0.0,5383.825,11073.224,55.086,48.62
IndiGo,scheduled_international,2019,2,7172.415,438099,1048388.0,1293773.0,2411.152,0.0,100332.498,145036.238,81.033,69.178
Jet Airways,scheduled_international,2019,2,11109.928,592536,2283186.785,2631909.596,11904.16,104.613,256910.3,366303.133,86.75,70.136
SpiceJet,scheduled_international,2019,2,2283.462,174191,347324.517,424025.372,3667.306,0.0,28114.549,35927.809,81.911,78.253
Air India,nonscheduled_domestic,2019,3,227.995,31276,19832.51,28728.114,0.0,0.0,1487.438,2883.205,69.035,51.59
Jet Airways,nonscheduled_domestic,2019,3,34.0,7015,4982.0,5728.0,32.959,0.0,439.118,568.437,86.976,77.25
JetLite,nonscheduled_domestic,2019,3,0.0,0,0.0,0.0,0.0,0.0,0.0,0.0,0.0,0.0
SpiceJet,nonscheduled_domestic,2019,3,0.85,318,136.551,161.217,0.0,0.0,10.241,13.648,84.7,75.037
Jet Airways,nonscheduled_international,2019,3,0.0,0,0.0,0.0,0.0,0.0,0.0,0.0,0.0,0.0
SpiceJet,nonscheduled_international,2019,3,0.0,0,0.0,0.0,0.0,0.0,0.0,0.0,0.0,0.0
Air India,scheduled_domestic,2019,3,11230.325,1345336,1275956.51,1602803.247,6417.616,730.98,125668.144,173696.369,79.608,72.349
Air India Express,scheduled_domestic,2019,3,188.33,13074,19537.0,35030.0,64.213,0.103,1603.12,3383.82,55.772,47.376
AirAsia India,scheduled_domestic,2019,3,4669.07,686701,743864.485,840432.24,2477.951,0.0,64563.459,125463.927,88.51,51.46
Alliance Air,scheduled_domestic,2019,3,1788.0,129478,53681.29,83357.69,11.5,0.0,4858.8,7743.0,64.399,62.751
Blue Dart Aviation,scheduled_domestic,2019,3,461.0,0,0.0,0.0,9558.0,0.0,9814.0,14262.0,0.0,68.812
Go First,scheduled_domestic,2019,3,6605.523,1148587,1114700.284,1219774.416,6721.94,0.0,107703.682,125174.661,91.386,86.043
IndiGo,scheduled_domestic,2019,3,35414.459,5440796,5391425.0,6272727.0,18433.85,1942.772,508387.54,688414.78,85.95,73.849
Jet Airways,scheduled_domestic,2019,3,3629.0,529832,488152.561,563220.533,3438.525,280.638,44953.027,59232.75,86.672,75.892
JetLite,scheduled_domestic,2019,3,722.0,134037,101133.182,115557.702,670.53,89.822,9185.212,11977.013,87.517,76.69
SpiceJet,scheduled_domestic,2019,3,10148.297,1581456,1458326.357,1567500.81,8506.361,0.0,117125.88,136577.219,93.035,85.758
Star Air,scheduled_domestic,2019,3,70.486,4145,1906.451,3479.9,0.0,0.0,171.581,1531.156,54.785,11.206
TruJet,scheduled_domestic,2019,3,377.0,53946,19170.635,26175.664,0.0,0.0,1887.963,2710.994,73.238,69.641
Vistara,scheduled_domestic,2019,3,4081.152,490428,579567.694,667765.944,4122.404,0.0,57555.636,70195.814,86.792,81.993
Air India,scheduled_international,2019,3,23501.0,591249,2888234.0,3753949.0,12647.426,443.329,367686.0,541825.0,76.939,67.861
Air India Express,scheduled_international,2019,3,6544.51,387322,1024112.0,1217279.0,1957.749,0.52,98287.47,117863.31,84.131,83.391
Go First,scheduled_international,2019,3,808.039,41328,107515.665,150295.254,0.0,0.0,9676.41,15312.339,71.536,63.194
IndiGo,scheduled_international,2019,3,8279.029,508534,1234050.639,1507505.488,2846.113,0.0,117591.268,167442.624,81.86,70.228
Jet Airways,scheduled_international,2019,3,8184.203,382130,1672637.418,2110896.872,9745.797,93.161,198837.174,303211.883,79.238,65.577
SpiceJet,scheduled_international,2019,3,2445.66,190800,398719.515,455004.88,2442.783,0.0,32040.851,38610.28,87.63,82.985
Air India,nonscheduled_domestic,2019,4,198.0,27477,17209.49,24926.46,0.0,0.0,1290.71,2427.68,69.041,53.166
Jet Airways,nonscheduled_domestic,2019,4,0.0,0,0.0,0.0,0.0,0.0,0.0,0.0,0.0,0.0
JetLite,nonscheduled_domestic,2019,4,0.0,0,0.0,0.0,0.0,0.0,0.0,0.0,0.0,0.0
SpiceJet,nonscheduled_domestic,2019,4,0.52,132,68.38,97.9,0.0,0.0,5.13,8.29,69.847,61.882
Jet Airways,nonscheduled_international,2019,4,0.0,0,0.0,0.0,0.0,0.0,0.0,0.0,0.0,0.0
Air India,scheduled_domestic,2019,4,11340.0,1344054,1314554.09,1600132.0,6220.91,803.55,137079.74,171407.0,82.153,79.973
Air India Express,scheduled_domestic,2019,4,196.12,17066,23536.19,36477.58,41.3,0.008,1964.51,3614.58,64.522,54.35
AirAsia India,scheduled_domestic,2019,4,4714.55,677989,742315.96,848618.46,2241.93,0.0,62903.08,121233.82,87.473,51.886
Alliance Air,scheduled_domestic,2019,4,1792.0,134597,56195.0,82941.0,11.6,0.0,5119.6,7713.0,67.753,66.376
Blue Dart Aviation,scheduled_domestic,2019,4,460.967,0,0.0,0.0,9513.0,0.0,9665.506,14304.35,0.0,67.57
Go First,scheduled_domestic,2019,4,6820.397,1190386,1142651.091,1257984.438,6772.52,0.0,110262.843,129246.523,90.832,85.312
IndiGo,scheduled_domestic,2019,4,34806.678,5481088,5399413.0,6151697.0,18918.89,1557.51,509199.85,675404.5,87.771,75.392
Jet Airways,scheduled_domestic,2019,4,676.0,86256,67994.306,89093.702,353.109,29.307,6101.202,8761.664,76.318,69.635
JetLite,scheduled_domestic,2019,4,110.0,17053,14638.85,18508.9,85.278,5.517,1300.648,1809.16,79.091,71.892
SpiceJet,scheduled_domestic,2019,4,9292.74,1440598,1317633.332,1405657.313,7624.251,0.0,105840.65,123304.76,93.738,85.837
Star Air,scheduled_domestic,2019,4,67.775,3956,1790.961,3344.35,0.0,0.0,161.19,1471.51,53.552,10.954
TruJet,scheduled_domestic,2019,4,412.0,57496,20760.5,28595.87,0.0,0.0,2076.05,2962.829,72.6,70.07
Vistara,scheduled_domestic,2019,4,4176.91,516629,579240.801,685013.24,4047.301,0.0,57325.424,71843.0,84.559,79.793
Air India,scheduled_international,2019,4,21691.0,598024,2847253.95,3571847.59,11976.255,361.943,349881.32,515484.1,79.714,67.874
Air India Express,scheduled_international,2019,4,6614.05,425124,1119413.96,1230212.74,1867.969,0.942,106708.32,121322.13,90.994,87.955
Go First,scheduled_international,2019,4,1404.268,44569,114014.593,148607.118,0.0,0.0,10261.313,26610.879,76.722,38.561
IndiGo,scheduled_international,2019,4,8178.462,505911,1261877.0,1468664.77,2570.77,0.0,119634.93,165281.63,85.92,72.382
Jet Airways,scheduled_international,2019,4,1516.8,61411,373423.919,458559.962,2013.447,3.687,44445.927,72622.161,81.434,61.202
SpiceJet,scheduled_international,2019,4,2558.381,196256,432566.489,477904.621,2685.167,0.0,34374.83,40601.86,90.513,84.663
Air India,nonscheduled_domestic,2019,5,240.303,34791,23833.671,31230.924,0.0,0.0,1787.525,3127.914,76.314,57.148
Jet Airways,nonscheduled_domestic,2019,5,0.0,0,0.0,0.0,0.0,0.0,0.0,0.0,0.0,0.0
JetLite,nonscheduled_domestic,2019,5,0.0,0,0.0,0.0,0.0,0.0,0.0,0.0,0.0,0.0
SpiceJet,nonscheduled_domestic,2019,5,0.518,133,68.894,97.902,0.0,0.0,5.167,8.288,70.37,62.344
Jet Airways,nonscheduled_international,2019,5,0.0,0,0.0,0.0,0.0,0.0,0.0,0.0,0.0,0.0
Air India,scheduled_domestic,2019,5,11797.213,1429384,1387334.975,1665629.506,6954.649,849.107,136683.385,178631.813,83.292,76.517
Air India Express,scheduled_domestic,2019,5,203.858,15861,23121.102,37917.588,49.994,0.006,1877.243,3722.075,60.977,50.435
AirAsia India,scheduled_domestic,2019,5,4976.595,768200,806091.743,910562.94,3123.937,0.0,71118.089,130957.012,88.527,54.306
Alliance Air,scheduled_domestic,2019,5,1958.0,152294,64350.0,91234.0,15.1,0.0,5863.2,8466.0,70.533,69.256
Blue Dart Aviation,scheduled_domestic,2019,5,484.0,0,0.0,0.0,10311.0,0.0,10613.0,14936.0,0.0,71.057
Go First,scheduled_domestic,2019,5,7755.092,1355072,1303857.818,1397329.0,7918.546,0.0,126114.562,146958.993,93.311,85.816
IndiGo,scheduled_domestic,2019,5,36494.462,5979551,5871438.0,6458545.0,20557.945,1610.268,554205.543,709453.781,90.91,78.117
Jet Airways,scheduled_domestic,2019,5,0.0,0,0.0,0.0,0.0,0.0,0.0,0.0,0.0,0.0
JetLite,scheduled_domestic,2019,5,0.0,0,0.0,0.0,0.0,0.0,0.0,0.0,0.0,0.0
Pawan Hans,scheduled_domestic,2019,5,6.274,237,15.135,69.014,0.0,0.0,1.253,1.908,21.93,65.649
SpiceJet,scheduled_domestic,2019,5,12222.041,1802705,1728070.602,1841023.941,9149.33,0.0,139465.827,166681.948,93.865,83.672
Star Air,scheduled_domestic,2019,5,96.476,5612,2998.187,4823.8,0.0,0.0,269.837,2412.41,62.154,11.185
TruJet,scheduled_domestic,2019,5,431.0,64218,22868.0,30005.0,0.0,0.0,2227.753,3043.687,76.214,73.193
Vistara,scheduled_domestic,2019,5,4473.728,578615,628383.752,733694.696,4324.99,0.0,61940.912,75160.035,85.646,82.412
Air India,scheduled_international,2019,5,22978.25,598769,3033451.761,3699470.25,12780.767,499.623,383078.826,534654.325,81.997,71.65
Air India Express,scheduled_international,2019,5,6868.841,427204,1128310.709,1277604.426,1933.483,2.251,104011.68,121338.073,88.315,85.721
Go First,scheduled_international,2019,5,812.182,50694,129775.522,147817.124,0.0,0.0,11679.797,15390.849,87.795,75.888
IndiGo,scheduled_international,2019,5,7857.857,482988,1222035.0,1418773.0,2588.479,0.0,116468.576,159784.992,86.133,72.891
Jet Airways,scheduled_international,2019,5,0.0,0,0.0,0.0,0.0,0.0,0.0,0.0,0.0,0.0
SpiceJet,scheduled_international,2019,5,2982.134,213048,499455.81,558140.952,1454.768,0.0,39329.005,47417.179,89.486,82.943
Air India,nonscheduled_domestic,2019,6,235.17,35524,22326.876,28898.024,0.0,0.0,1674.516,2863.059,77.261,58.487
Jet Airways,nonscheduled_domestic,2019,6,0.0,0,0.0,0.0,0.0,0.0,0.0,0.0,0.0,0.0
JetLite,nonscheduled_domestic,2019,6,0.0,0,0.0,0.0,0.0,0.0,0.0,0.0,0.0,0.0
SpiceJet,nonscheduled_domestic,2019,6,1.457,145,211.0,245.0,0.0,0.0,16.0,23.0,86.122,69.565
Jet Airways,nonscheduled_international,2019,6,0.0,0,0.0,0.0,0.0,0.0,0.0,0.0,0.0,0.0
Air India,scheduled_domestic,2019,6,11471.372,1354156,1331384.26,1629329.538,6208.216,673.313,130279.924,174883.703,81.714,74.495
Air India Express,scheduled_domestic,2019,6,203.858,14298,21996.223,37917.588,82.442,0.115,1883.697,3720.299,58.011,50.633
AirAsia India,scheduled_domestic,2019,6,4939.471,771955,818615.894,902447.1,2857.618,0.0,71585.438,130070.555,90.711,55.036
Alliance Air,scheduled_domestic,2019,6,1886.0,147259,61093.0,86163.0,13.6,0.0,5566.6,7988.0,70.904,69.687
Blue Dart Aviation,scheduled_domestic,2019,6,466.0,0,0.0,0.0,10110.677,0.0,10448.0,14295.0,0.0,73.088
Go First,scheduled_domestic,2019,6,7539.183,1330396,1279195.672,1360279.32,7445.256,0.0,123340.713,142867.518,94.039,86.332
IndiGo,scheduled_domestic,2019,6,35379.323,5778376,5658684.0,6281020.0,19024.563,1548.552,533473.164,690011.215,90.092,77.314
Jet Airways,scheduled_domestic,2019,6,0.0,0,0.0,0.0,0.0,0.0,0.0,0.0,0.0,0.0
JetLite,scheduled_domestic,2019,6,0.0,0,0.0,0.0,0.0,0.0,0.0,0.0,0.0,0.0
Pawan Hans,scheduled_domestic,2019,6,7.582,282,22.53,83.402,0.0,0.0,1.618,2.193,27.014,73.765
SpiceJet,scheduled_domestic,2019,6,12868.19,1875606,1818349.0,1940661.0,9841.654,0.0,147033.0,177851.0,93.697,82.672
Star Air,scheduled_domestic,2019,6,113.912,5473,3179.253,5695.6,0.0,0.0,286.133,2506.064,55.819,11.418
TruJet,scheduled_domestic,2019,6,431.0,63765,22619.0,28996.0,0.0,0.0,2203.217,2941.587,78.007,74.899
Vistara,scheduled_domestic,2019,6,5023.979,647799,690144.629,828585.091,4326.765,0.0,67378.871,85933.17,83.292,78.408
Air India,scheduled_international,2019,6,21460.312,628878,3178287.328,3635967.688,10441.591,529.485,384900.855,524457.031,87.412,73.39
Air India Express,scheduled_international,2019,6,6661.286,400611,1050243.101,1238999.196,1775.308,0.684,99571.115,121491.767,84.765,81.957
Go First,scheduled_international,2019,6,920.73,57265,146898.055,167572.86,0.0,0.0,13220.825,17447.834,87.662,75.773
IndiGo,scheduled_international,2019,6,8127.877,508202,1272375.0,1481840.0,2504.826,0.0,120892.681,166970.38,85.865,72.404
Jet Airways,scheduled_international,2019,6,0.0,0,0.0,0.0,0.0,0.0,0.0,0.0,0.0,0.0
SpiceJet,scheduled_international,2019,6,3068.0,215338,496018.724,573172.563,1422.307,0.0,39207.051,48817.24,86.539,80.314
Air India,nonscheduled_domestic,2019,7,229.88,39926,22373.243,28898.024,0.0,0.0,1677.993,2746.533,77.421,61.095
Air India,scheduled_domestic,2019,7,11282.545,1290205,1256187.75,1598272.599,6081.433,709.642,123357.167,171919.695,78.597,71.753
Air India Express,scheduled_domestic,2019,7,206.207,12757,19534.966,38354.502,84.13,0.0,1687.746,2237.624,50.933,75.426
AirAsia India,scheduled_domestic,2019,7,4963.145,770996,811080.599,905749.74,2837.844,0.0,70373.716,130595.593,89.548,53.887
Alliance Air,scheduled_domestic,2019,7,1810.0,135724,56763.0,85207.0,11.7,0.0,5170.6,7916.0,66.618,65.318
Blue Dart Aviation,scheduled_domestic,2019,7,508.0,0,0.0,0.0,11224.204,0.0,11423.0,15579.0,0.0,73.323
Go First,scheduled_domestic,2019,7,7789.532,1325734,1269121.517,1404277.57,8094.7,0.0,123249.175,147611.631,90.375,83.496
IndiGo,scheduled_domestic,2019,7,35699.038,5693448,5430427.0,6302625.0,20019.988,1730.236,514290.247,692651.464,86.161,74.249
Pawan Hans,scheduled_domestic,2019,7,3.238,98,6.85,35.618,0.0,0.0,0.494,1.379,19.232,35.823
SpiceJet,scheduled_domestic,2019,7,12812.882,1847629,1788800.51,1935818.512,10706.191,0.0,145535.224,177652.926,92.405,81.921
Star Air,scheduled_domestic,2019,7,110.745,4875,2818.623,5537.25,0.0,0.0,253.676,2436.39,50.903,10.412
TruJet,scheduled_domestic,2019,7,485.0,67970,25406.0,33865.0,0.0,0.0,2540.585,3484.876,75.021,72.903
Vistara,scheduled_domestic,2019,7,5468.044,714504,745810.334,904827.02,3724.174,0.0,71609.148,94377.282,82.426,75.875
Air India,scheduled_international,2019,7,22005.207,598692,3073593.756,3676071.296,11276.228,618.287,379567.751,531316.325,83.611,71.439
Air India Express,scheduled_international,2019,7,6833.809,403628,1061415.196,1271088.474,2002.392,0.355,102570.982,106689.796,83.504,96.139
Go First,scheduled_international,2019,7,1052.448,58867,149923.311,191545.536,0.0,0.0,13493.098,19943.89,78.27,67.655
IndiGo,scheduled_international,2019,7,8940.518,545117,1324527.0,1664293.0,3204.295,0.0,127199.665,187719.061,79.585,67.761
SpiceJet,scheduled_international,2019,7,3418.64,223510,510375.398,623327.985,2117.664,0.0,40981.463,54258.76,81.879,75.53
Air India,nonscheduled_domestic,2019,8,217.539,36266,20646.011,26676.06,0.0,0.0,1548.451,2608.741,77.395,59.356
SpiceJet,nonscheduled_international,2019,8,9.77,1133,1577.711,1641.36,0.0,0.0,118.328,156.32,96.122,75.696
Air India,scheduled_domestic,2019,8,11398.0,1329262,1286024.847,1617731.572,5940.0,755.139,126211.696,175400.944,79.496,71.956
Air India Express,scheduled_domestic,2019,8,201.921,14903,22263.227,37557.306,49.119,0.004,1893.791,2405.22,59.278,78.737
AirAsia India,scheduled_domestic,2019,8,5053.698,762998,798989.626,909665.64,3110.933,0.0,69722.847,134284.055,87.833,51.922
Alliance Air,scheduled_domestic,2019,8,1790.0,134431,56175.0,88069.0,21.6,0.0,5122.3,8187.0,63.785,62.566
Blue Dart Aviation,scheduled_domestic,2019,8,478.0,0,0.0,0.0,10921.057,0.0,11165.0,14785.0,0.0,75.516
Go First,scheduled_domestic,2019,8,8320.324,1390927,1311612.309,1498860.668,8752.785,0.0,127732.3,157670.14,87.507,81.012
IndiGo,scheduled_domestic,2019,8,35578.924,5540693,5278012.0,6259585.0,20637.445,1499.933,500791.382,702156.039,84.319,71.322
Pawan Hans,scheduled_domestic,2019,8,6.554,156,10.4,72.094,0.0,0.0,0.849,2.746,14.426,30.918
SpiceJet,scheduled_domestic,2019,8,12644.251,1833644,1782977.086,1928853.803,11256.841,0.0,145502.365,176362.697,92.437,82.502
Star Air,scheduled_domestic,2019,8,95.738,4232,2540.052,4786.9,0.0,0.0,228.605,2106.236,53.063,10.854
TruJet,scheduled_domestic,2019,8,414.0,61277,22471.0,28883.0,0.0,0.0,2022.41,2980.224,77.8,67.861
Vistara,scheduled_domestic,2019,8,5395.226,684209,730227.95,892292.28,2200.391,0.0,68450.127,92990.607,81.837,73.61
Air India,scheduled_international,2019,8,21977.857,622467,3125299.851,3753964.647,9777.992,525.678,373368.116,540376.651,83.253,69.094
Air India Express,scheduled_international,2019,8,6897.872,406847,1073155.838,1283004.192,2020.399,1.713,104154.797,109093.147,83.644,95.473
Go First,scheduled_international,2019,8,1722.156,93959,237330.559,313432.392,0.0,0.0,21359.75,32634.856,75.72,65.451
IndiGo,scheduled_international,2019,8,9942.222,584501,1419025.0,1852296.0,3209.957,0.0,135878.558,212960.167,76.609,63.805
SpiceJet,scheduled_international,2019,8,4144.845,250931,582251.691,744841.023,2095.627,0.0,47283.849,65873.307,78.171,71.78
Vistara,scheduled_international,2019,8,475.567,16718,60548.929,79607.712,0.341,0.0,6356.271,8675.783,76.059,73.265
Air India,nonscheduled_domestic,2019,9,229.409,38019,22630.494,28583.64,0.0,0.0,1697.287,2811.16,79.173,60.377
Blue Dart Aviation,nonscheduled_domestic,2019,9,25.0,0,0.0,0.0,460.336,0.0,570.0,786.0,0.0,72.519
SpiceJet,nonscheduled_international,2019,9,12.812,1458,2072.036,2152.416,0.0,0.0,155.403,204.992,96.266,75.809
Air Heritage,scheduled_domestic,2019,9,28.665,520,236.6,257.985,0.0,0.0,17745.0,194922.0,91.711,9.104
Air India,scheduled_domestic,2019,9,11369.904,1301642,1257937.174,1609843.687,5936.375,684.226,123547.331,174103.564,78.14,70.962
Air India Express,scheduled_domestic,2019,9,196.775,13572,19985.596,36600.15,60.568,0.0,1712.375,2244.218,54.605,76.302
AirAsia India,scheduled_domestic,2019,9,4971.956,725467,766363.992,904466.88,3415.454,0.0,67383.846,130963.891,84.731,51.452
Alliance Air,scheduled_domestic,2019,9,1787.0,135642,55415.0,88338.0,25.0,0.0,5055.2,8209.0,62.731,61.581
Blue Dart Aviation,scheduled_domestic,2019,9,442.0,0,0.0,0.0,10502.616,0.0,10812.0,13702.0,0.0,78.908
Go First,scheduled_domestic,2019,9,8004.767,1326836,1249974.988,1441754.002,9086.747,0.0,122427.031,151690.335,86.698,80.709
IndiGo,scheduled_domestic,2019,9,34774.165,5559031,5287003.0,6115257.0,21670.798,1291.855,502913.61,673215.401,86.456,74.703
Pawan Hans,scheduled_domestic,2019,9,5.854,175,11.5,64.34,0.0,0.0,0.72,2.794,17.874,25.77
SpiceJet,scheduled_domestic,2019,9,11615.632,1700367,1653697.899,1777592.836,10962.86,0.0,135411.915,161654.643,93.03,83.766
Star Air,scheduled_domestic,2019,9,100.361,4653,2560.528,5018.05,0.0,0.0,230.448,2207.942,51.026,10.437
TruJet,scheduled_domestic,2019,9,427.0,55773,20154.0,29423.0,0.0,0.0,1914.66,3001.18,68.497,63.797
Vistara,scheduled_domestic,2019,9,5346.344,664391,711176.73,885379.248,497.758,0.0,64634.589,92579.415,80.325,69.815
Air India,scheduled_international,2019,9,21114.622,556384,2745510.74,3688583.926,9787.21,657.08,333595.376,533128.036,74.433,62.573
Air India Express,scheduled_international,2019,9,6626.241,366519,971827.893,1232480.826,1979.873,1.402,94452.709,99405.477,78.851,95.018
Go First,scheduled_international,2019,9,1746.636,86636,222310.061,317887.752,0.0,0.0,20007.905,33098.752,69.934,60.449
IndiGo,scheduled_international,2019,9,10717.355,592799,1457436.0,1981627.0,3459.412,0.0,139855.328,223944.74,73.547,62.451
SpiceJet,scheduled_international,2019,9,4088.82,250092,562972.846,737257.646,2191.94,0.0,46194.955,65033.88,76.36,71.032
Vistara,scheduled_international,2019,9,776.64,27672,88748.377,129305.52,0.224,0.0,9319.24,13870.59,68.635,67.187
Air India,nonscheduled_domestic,2019,10,226.603,35182,19639.34,26293.18,0.0,14.062,1478.908,2611.313,74.694,56.635
Blue Dart Aviation,nonscheduled_domestic,2019,10,86.0,0,0.0,0.0,1535.48,0.0,1757.0,2658.0,0.0,66.102
IndiGo,nonscheduled_domestic,2019,10,8.974,2018,1294.0,1642.0,0.9,0.0,117.32,184.13,78.806,63.716
SpiceJet,nonscheduled_domestic,2019,10,0.956,153,73.134,160.608,0.0,0.0,5.485,15.296,45.536,35.859
Air Heritage,scheduled_domestic,2019,10,51.712,991,453.468,465.408,0.0,0.0,34010.1,351641.6,97.435,9.672
Air India,scheduled_domestic,2019,10,12334.074,1352701,1298576.881,1736752.187,6740.773,630.834,128205.048,187680.749,74.77,68.31
Air India Express,scheduled_domestic,2019,10,352.08,14043,21771.7,36470.88,89.61,0.0,1858.79,3594.534,59.696,51.712
AirAsia India,scheduled_domestic,2019,10,5098.778,803242,860720.367,1036485.18,3857.531,0.0,76095.338,132798.959,83.042,57.301
Alliance Air,scheduled_domestic,2019,10,1805.0,145086,58309.0,88373.0,25.8,0.0,5318.6,8200.0,65.981,64.861
Blue Dart Aviation,scheduled_domestic,2019,10,460.0,0,0.0,0.0,10430.393,0.0,10866.0,14281.0,0.0,76.087
Go First,scheduled_domestic,2019,10,8607.878,1378207,1289128.0,1551113.0,10082.366,0.0,126838.431,163119.288,83.11,77.758
IndiGo,scheduled_domestic,2019,10,37380.275,5842318,5611952.0,6592745.0,22166.379,1302.974,532364.71,742722.955,85.123,71.677
Pawan Hans,scheduled_domestic,2019,10,9.418,322,23.8,103.6,0.0,0.0,1.807,4.48,22.973,40.335
SpiceJet,scheduled_domestic,2019,10,14075.107,2004583,1985372.914,2205339.316,12337.386,0.0,161090.191,196277.734,90.026,82.073
Star Air,scheduled_domestic,2019,10,113.481,6232,3376.393,5674.05,0.0,0.0,303.875,2496.582,59.506,12.172
TruJet,scheduled_domestic,2019,10,448.0,63810,22807.0,31027.0,0.0,0.0,2166.711,3164.769,73.507,68.463
Vistara,scheduled_domestic,2019,10,5571.612,668715,718659.118,922395.884,262.386,0.0,65023.25,95075.898,77.912,68.391
Air India,scheduled_international,2019,10,21830.797,587118,2920520.134,3983835.312,10530.913,583.934,357504.881,572728.21,73.309,62.421
Air India Express,scheduled_international,2019,10,6848.665,378472,1002418.96,1273851.69,2128.455,1.656,98716.951,124555.109,78.692,79.256
Alliance Air,scheduled_international,2019,10,0.7,10,4.0,50.0,0.0,0.0,0.3,4.6,8.0,6.522
Go First,scheduled_international,2019,10,2010.297,97100,252446.07,365874.054,0.0,0.0,22720.146,38095.128,68.998,59.641
IndiGo,scheduled_international,2019,10,11189.4,646108,1584908.0,2015366.0,3000.316,0.0,150029.86,233483.35,78.641,64.257
SpiceJet,scheduled_international,2019,10,4259.72,257488,595589.926,771848.765,2890.957,0.0,49007.395,67769.796,77.164,72.315
Vistara,scheduled_international,2019,10,802.528,27361,88488.775,133615.704,0.0,0.0,9291.321,14332.943,66.226,64.825
Air India,nonscheduled_domestic,2019,11,227.29,36070,20695.463,25848.346,0.0,8.586,1558.117,2590.174,80.065,60.155
Blue Dart Aviation,nonscheduled_domestic,2019,11,55.0,0,0.0,0.0,971.53,0.0,1075.0,1725.0,0.0,62.319
Go First,nonscheduled_domestic,2019,11,2.487,558,462.582,462.582,0.0,0.0,41.632,46.01,100.0,90.486
IndiGo,nonscheduled_domestic,2019,11,20.512,5103,3271.0,3734.0,3.267,0.0,297.361,411.966,87.6,72.181
SpiceJet,nonscheduled_domestic,2019,11,2.706,916,430.428,502.74,0.0,0.0,32.282,43.296,85.616,74.561
Air Heritage,scheduled_domestic,2019,11,13.76,238,109.17,123.84,0.0,0.0,8187.75,93568.0,88.154,8.751
Air India,scheduled_domestic,2019,11,11540.667,1377244,1331702.494,1627585.701,5913.439,755.928,130475.118,177048.407,81.821,73.695
Air India Express,scheduled_domestic,2019,11,198.016,16085,24318.41,36830.976,82.28,0.0,1969.23,3535.497,66.027,55.699
AirAsia India,scheduled_domestic,2019,11,5837.076,877973,916091.382,1050673.68,3246.219,19.119,80474.261,156849.82,87.191,51.307
Alliance Air,scheduled_domestic,2019,11,1658.0,134676,54529.0,82734.0,22.8,0.0,4973.0,7676.0,65.909,64.786
Blue Dart Aviation,scheduled_domestic,2019,11,444.0,0,0.0,0.0,10375.355,0.0,10605.0,13751.0,0.0,77.122
Go First,scheduled_domestic,2019,11,8092.889,1422119,1352293.297,1459429.45,8673.19,0.0,131105.152,153360.247,92.659,85.488
IndiGo,scheduled_domestic,2019,11,36448.489,6151347,5863493.0,6414008.0,19120.104,1540.696,551794.876,707308.382,91.417,78.013
Pawan Hans,scheduled_domestic,2019,11,8.892,329,24.5,97.81,0.0,0.0,1.998,4.921,25.049,40.602
SpiceJet,scheduled_domestic,2019,11,14385.58,2080133,2118378.237,2283171.178,10811.584,0.0,170126.165,201302.168,92.782,84.513
Star Air,scheduled_domestic,2019,11,159.147,8562,6001.917,7957.35,0.0,0.0,534.155,3501.234,75.426,15.256
TruJet,scheduled_domestic,2019,11,560.0,81116,30311.0,39238.0,0.0,0.0,2879.551,4002.276,77.249,71.948
Vistara,scheduled_domestic,2019,11,5823.103,760313,809168.923,962231.06,13.145,0.0,72839.453,94018.315,84.093,77.474
Air India,scheduled_international,2019,11,21666.84,624138,3090911.453,3938280.798,11444.1,614.555,382957.943,564040.959,78.484,67.895
Air India Express,scheduled_international,2019,11,6672.4,391015,1026858.681,1241066.4,1756.185,0.558,97337.419,120174.583,82.74,80.997
Alliance Air,scheduled_international,2019,11,6.4,464,164.0,447.0,0.0,0.0,14.9,41.4,36.689,35.99
Go First,scheduled_international,2019,11,2046.78,110179,287122.509,372513.96,0.0,0.0,25841.026,38786.481,77.077,66.624
IndiGo,scheduled_international,2019,11,11368.671,695212,1715100.0,2043719.0,2972.179,0.0,161568.338,231609.126,83.921,69.759
SpiceJet,scheduled_international,2019,11,4091.592,272472,629191.352,741859.655,2340.986,0.0,50594.697,65098.458,84.813,77.72
Vistara,scheduled_international,2019,11,791.85,33135,107164.181,131380.372,0.0,0.0,11252.239,13947.793,81.568,80.674
Air India,nonscheduled_domestic,2019,12,200.979,34733,19113.275,23140.834,0.0,9.197,1438.327,2310.865,82.595,62.242
Blue Dart Aviation,nonscheduled_domestic,2019,12,25.0,0,0.0,0.0,495.334,0.0,582.0,802.0,0.0,72.569
Go First,nonscheduled_domestic,2019,12,0.933,181,168.873,173.538,0.0,0.0,15.199,17.26,97.312,88.054
IndiGo,nonscheduled_domestic,2019,12,20.512,5466,3504.0,3746.0,4.548,0.0,319.769,415.336,93.54,76.991
SpiceJet,nonscheduled_domestic,2019,12,6.29,1127,947.747,1168.146,0.0,0.0,71.081,100.64,81.133,70.629
SpiceJet,nonscheduled_international,2019,12,1.77,171,302.67,334.53,0.0,0.0,22.7,28.32,90.476,80.156
Air Heritage,scheduled_domestic,2019,12,58.225,1112,509.81,524.025,0.0,0.0,38235.75,395930.0,97.287,9.657
Air India,scheduled_domestic,2019,12,11598.632,1349814,1315463.7,1657785.173,7549.185,659.704,130773.229,181318.724,79.351,72.123
Air India Express,scheduled_domestic,2019,12,203.375,17955,27961.69,37827.75,76.325,0.0,2287.858,3644.978,73.918,62.767
AirAsia India,scheduled_domestic,2019,12,6159.874,911052,958409.291,1136366.46,3432.716,58.581,84605.978,169642.467,84.34,49.873
Alliance Air,scheduled_domestic,2019,12,1751.0,145520,58192.0,88009.0,24.3,0.0,5307.3,8157.0,66.121,65.064
Blue Dart Aviation,scheduled_domestic,2019,12,488.0,0,0.0,0.0,11367.316,0.0,11827.0,14882.0,0.0,79.472
Go First,scheduled_domestic,2019,12,7813.82,1332368,1262740.787,1408237.09,0.0,0.0,113646.671,148071.889,89.668,76.751
IndiGo,scheduled_domestic,2019,12,37114.223,6188457,5890402.0,6537502.0,21009.351,1661.507,555291.379,719992.832,90.102,77.125
Pawan Hans,scheduled_domestic,2019,12,6.782,290,20.8,74.6,0.0,0.0,1.547,4.357,27.882,35.499
SpiceJet,scheduled_domestic,2019,12,14944.214,2144156,2201985.855,2374186.173,13282.525,0.0,179151.0,208638.769,92.747,85.867
Star Air,scheduled_domestic,2019,12,173.599,10705,7136.5,8679.95,0.0,0.0,642.285,3819.178,82.218,16.817
TruJet,scheduled_domestic,2019,12,587.0,87087,31972.09,41131.0,0.0,0.0,3037.348,4195.396,77.732,72.397
Vistara,scheduled_domestic,2019,12,6299.424,791892,842999.685,1039351.432,31.844,0.0,75909.874,104900.441,81.108,72.364
Air India,scheduled_international,2019,12,22430.362,680680,3308630.43,4075417.452,12556.274,639.376,411042.683,584291.942,81.185,70.349
Air India Express,scheduled_international,2019,12,6858.513,433537,1138730.502,1275683.418,1788.972,0.859,108937.422,126154.455,89.264,86.352
Alliance Air,scheduled_international,2019,12,9.2,1158,410.0,644.0,0.0,0.0,37.3,59.8,63.665,62.375
Go First,scheduled_international,2019,12,2458.239,128445,353614.537,447399.498,0.0,0.0,31825.308,46583.629,79.038,68.319
IndiGo,scheduled_international,2019,12,12229.791,773623,1927634.0,2189778.0,3083.365,0.0,180884.013,250281.39,88.029,72.272
SpiceJet,scheduled_international,2019,12,4166.832,289242,663466.156,756409.552,1993.231,0.0,53275.968,66342.262,87.713,80.305
Vistara,scheduled_international,2019,12,884.662,36228,109566.391,145084.568,0.0,0.0,11504.471,14862.322,75.519,77.407
Air India,nonscheduled_domestic,2020,1,207.724,33969,18902.761,23747.436,0.0,12.561,1423.899,2374.55,79.599,59.965
Go First,nonscheduled_domestic,2020,1,0.888,182,161.616,161.616,0.0,0.0,14.545,16.428,100.0,88.541
IndiGo,nonscheduled_domestic,2020,1,21.794,5688,3646.0,3958.0,3.994,0.0,332.489,435.86,92.117,76.283
SpiceJet,nonscheduled_domestic,2020,1,12.084,1849,1729.521,2144.742,0.0,0.0,129.714,192.299,80.64,67.454
Air Deccan,scheduled_domestic,2020,1,35.885,465,141.052,570.996,0.0,0.0,0.0,0.0,24.703,0.0
Air Heritage,scheduled_domestic,2020,1,45.874,792,363.44,412.866,0.0,0.0,27258.0,311943.2,88.029,8.738
Air India,scheduled_domestic,2020,1,11607.891,1285138,1246625.631,1628680.285,6797.764,751.95,123538.965,176733.554,76.542,69.901
Air India Express,scheduled_domestic,2020,1,203.85,15335,24825.521,37916.1,68.884,0.0,2105.928,3749.451,65.475,56.166
AirAsia India,scheduled_domestic,2020,1,6402.556,882765,936059.89,1180322.82,3780.765,72.351,83139.045,176204.492,79.305,47.183
Alliance Air,scheduled_domestic,2020,1,1747.0,142268,57617.0,89407.0,17.8,0.0,5251.5,8291.0,64.443,63.34
Go First,scheduled_domestic,2020,1,7462.182,1247479,1191784.32,1343764.716,0.0,0.0,107260.589,141408.349,88.69,75.852
IndiGo,scheduled_domestic,2020,1,37471.865,6119924,5789000.0,6594144.0,22075.551,1785.865,548198.513,727109.082,87.79,75.394
Pawan Hans,scheduled_domestic,2020,1,6.496,278,19.137,71.5,0.0,0.0,1482.0,4557.0,26.765,32.521
SpiceJet,scheduled_domestic,2020,1,14921.647,2124455,2170814.842,2372618.952,13795.871,0.0,176654.845,208146.06,91.494,84.871
Star Air,scheduled_domestic,2020,1,190.671,10921,7601.703,9533.55,0.0,0.0,684.153,4075.566,79.736,16.787
TruJet,scheduled_domestic,2020,1,579.0,86826,32127.448,40589.408,0.0,0.0,3052.108,4140.12,79.152,73.72
Vistara,scheduled_domestic,2020,1,6436.737,830945,885425.029,1060196.124,1455.599,0.0,81705.485,99272.194,83.515,82.305
Air India,scheduled_international,2020,1,22486.997,681323,3448481.131,4069203.32,11546.606,562.118,418474.397,583472.229,84.746,71.721
Air India Express,scheduled_international,2020,1,6902.338,439962,1152599.043,1283834.868,1881.946,0.538,111612.439,127635.503,89.778,87.446
Alliance Air,scheduled_international,2020,1,9.2,1181,418.0,644.0,0.0,0.0,38.0,59.8,64.907,63.545
Go First,scheduled_international,2020,1,2405.371,125035,337083.565,437777.522,0.0,0.0,30337.521,45581.78,76.999,66.556
IndiGo,scheduled_international,2020,1,12085.676,751983,1873376.0,2189558.0,3276.921,0.0,176574.26,250823.016,85.56,70.398
SpiceJet,scheduled_international,2020,1,4172.438,276675,634676.403,758160.401,2070.134,0.0,51201.024,66412.326,83.713,77.096
Vistara,scheduled_international,2020,1,881.62,35482,106218.511,144585.68,0.0,0.0,11152.944,14811.216,73.464,75.301
Air India,nonscheduled_domestic,2020,2,226.817,36883,20400.294,26321.114,0.0,12.967,1534.853,2620.168,77.505,58.578
Go First,nonscheduled_domestic,2020,2,2.584,710,461.08,471.904,0.0,0.0,41.497,47.804,97.706,86.807
IndiGo,nonscheduled_domestic,2020,2,19.23,5106,3274.0,3516.0,5.004,0.0,300.92,386.881,93.117,77.781
SpiceJet,nonscheduled_domestic,2020,2,0.85,148,69.44,160.029,0.0,0.0,5.208,13.6,43.392,38.294
Air Heritage,scheduled_domestic,2020,2,36.708,692,317.522,330.372,0.0,0.0,23814.15,249614.4,96.11,9.54
Air India,scheduled_domestic,2020,2,10979.711,1283574,1254070.047,1549757.843,6036.501,789.399,123635.104,168441.627,80.92,73.399
Air India Express,scheduled_domestic,2020,2,190.986,15345,24892.086,35523.396,90.626,0.003,2042.486,3389.356,70.072,60.262
AirAsia India,scheduled_domestic,2020,2,6108.725,896653,942780.972,1127590.56,3484.688,77.835,82838.896,168332.357,83.61,49.212
Alliance Air,scheduled_domestic,2020,2,1695.0,145354,58381.0,89662.0,20.2,0.0,5322.6,8303.0,65.112,64.105
Go First,scheduled_domestic,2020,2,7096.264,1231507,1158190.743,1279530.596,797.12,0.0,105163.059,134474.203,90.517,78.203
IndiGo,scheduled_domestic,2020,2,36147.93,5931189,5615979.0,6358872.0,21597.039,1666.481,532350.488,701165.634,88.317,75.924
Pawan Hans,scheduled_domestic,2020,2,8.56,324,24.0,92.7,0.0,0.0,1952.0,5285.0,25.89,36.935
SpiceJet,scheduled_domestic,2020,2,12970.659,1890633,1884852.114,2026187.229,12350.905,0.0,153445.324,176974.224,93.025,86.705
Star Air,scheduled_domestic,2020,2,210.117,11622,8473.734,10505.85,0.0,0.0,761.87,4384.182,80.657,17.378
TruJet,scheduled_domestic,2020,2,569.03,90489,33831.0,40574.0,0.0,0.0,3213.991,4138.633,83.381,77.658
Vistara,scheduled_domestic,2020,2,6086.931,833783,882305.913,1002708.516,1888.45,0.0,81820.515,94613.628,87.992,86.479
Air India,scheduled_international,2020,2,20388.311,591237,3018390.273,3744302.92,11022.571,345.76,373340.347,536224.542,80.613,69.624
Air India Express,scheduled_international,2020,2,6435.587,373745,981979.027,1197019.182,2001.556,0.114,93592.268,114714.747,82.035,81.587
Alliance Air,scheduled_international,2020,2,10.6,1006,356.0,743.0,0.0,0.0,32.4,69.0,47.914,46.957
Go First,scheduled_international,2020,2,1783.561,81348,215326.756,324608.102,18.272,0.0,19434.48,33798.481,66.334,57.501
IndiGo,scheduled_international,2020,2,10781.079,621387,1515813.0,1981845.0,3681.283,0.0,145582.556,224756.816,76.485,64.773
SpiceJet,scheduled_international,2020,2,3663.703,233449,522343.175,677177.685,2202.619,0.0,42525.105,58326.899,77.135,72.908
Vistara,scheduled_international,2020,2,856.178,32820,83159.474,140530.696,0.0,0.0,8731.745,14433.73,59.175,60.495
Air India,nonscheduled_domestic,2020,3,271.643,25584,14081.719,26703.94,0.0,7.018,1138.157,2828.768,52.733,40.235
Go First,nonscheduled_domestic,2020,3,1.446,361,260.899,263.172,0.0,0.0,23.481,26.751,99.136,87.776
IndiGo,nonscheduled_domestic,2020,3,16.666,4131,2648.0,3035.0,3.922,0.0,240.831,333.427,87.249,72.229
SpiceJet,nonscheduled_domestic,2020,3,4.324,665,395.163,641.94,0.0,0.0,29.637,54.904,61.558,53.98
Air Deccan,scheduled_domestic,2020,3,0.0,58,0.0,0.0,0.0,0.0,0.0,0.0,0.0,0.0
Air Heritage,scheduled_domestic,2020,3,22.471,406,186.237,202.239,0.0,0.0,13967.775,152802.8,92.088,9.141
Air India,scheduled_domestic,2020,3,8493.181,722474,722481.532,1157009.173,3971.54,368.946,71580.987,125075.176,62.444,57.23
Air India Express,scheduled_domestic,2020,3,146.686,10072,15576.903,27283.596,68.282,0.004,1264.747,1270.559,57.093,99.543
AirAsia India,scheduled_domestic,2020,3,4852.591,591780,631541.269,913760.28,2388.399,69.41,54924.614,134750.326,69.115,40.76
Alliance Air,scheduled_domestic,2020,3,1196.0,82612,33510.0,65187.0,15.5,0.0,3057.1,5954.0,51.406,51.345
Go First,scheduled_domestic,2020,3,5103.104,767558,729052.525,923735.886,2482.276,0.0,68507.848,96703.821,78.924,70.843
IndiGo,scheduled_domestic,2020,3,28386.352,3793464,3660382.0,4985152.0,15280.57,0.0,347164.206,550214.349,73.426,63.096
Pawan Hans,scheduled_domestic,2020,3,5.302,183,13.6,58.32,0.0,0.0,886.0,2767.0,23.32,32.02
SpiceJet,scheduled_domestic,2020,3,9509.13,1245208,1246162.788,1489232.758,8909.947,0.0,100944.31,129754.124,83.678,77.797
Star Air,scheduled_domestic,2020,3,210.117,8033,6421.409,9371.5,0.0,0.0,577.927,4123.46,68.521,14.016
TruJet,scheduled_domestic,2020,3,412.0,56626,21036.0,29691.0,0.0,0.0,1998.484,3028.514,70.85,65.989
Vistara,scheduled_domestic,2020,3,4456.119,457191,488179.074,734927.56,1360.488,0.0,45759.422,76843.677,66.425,59.549
Air India,scheduled_international,2020,3,12378.202,293819,1646355.356,2269889.188,7271.911,223.8,214996.718,331699.779,72.53,64.817
Air India Express,scheduled_international,2020,3,3989.432,201498,535071.707,742034.352,1416.348,0.035,48627.883,49376.922,72.109,98.483
Alliance Air,scheduled_international,2020,3,10.3,475,168.0,719.0,0.0,0.0,15.3,66.7,23.366,22.939
Go First,scheduled_international,2020,3,543.91,28823,69597.628,98991.62,18.272,0.0,6318.858,10307.094,70.307,61.306
IndiGo,scheduled_international,2020,3,4859.258,259243,609571.0,901216.0,2124.801,0.0,59810.825,102664.547,67.639,58.259
SpiceJet,scheduled_international,2020,3,1729.803,115048,244612.092,324005.751,1764.884,0.0,20536.1,27503.363,75.496,74.668
Vistara,scheduled_international,2020,3,451.849,14490,32349.94,74233.796,0.0,0.0,3396.744,7646.551,43.578,44.422
Air India,nonscheduled_domestic,2020,4,377.89,1897,1625.932,37200.342,479.637,0.0,722.515,4744.013,4.371,15.23
Air India,nonscheduled_international,2020,4,619.278,3505,10032.445,129675.916,839.165,0.0,4634.21,21013.451,7.737,22.054
Air India,nonscheduled_domestic,2020,5,219.0,2895,3328.0,28325.0,560.952,0.0,3142.4,3713.0,11.749,84.632
IndiGo,nonscheduled_domestic,2020,5,11.0,998,902.0,1646.0,8.0,0.0,78.0,221.0,54.8,35.294
SpiceJet,nonscheduled_domestic,2020,5,9.095,488,484.485,1210.553,0.0,0.0,36.336,112.826,40.022,32.206
Vistara,nonscheduled_domestic,2020,5,63.0,67,101.387,476.056,0.0,0.0,9.125,51.945,21.297,17.566
Air India,nonscheduled_international,2020,5,2505.518,39457,271698.54,461150.0,1501.793,35.51,32500.762,70001.931,58.918,46.428
Air India Express,nonscheduled_international,2020,5,669.66,21478,57673.0,124557.0,254.22,0.06,4838.03,4894.14,46.302,98.854
SpiceJet,nonscheduled_international,2020,5,7.912,287,697.072,1416.891,3680.0,0.0,52.28,120.582,49.197,43.357
Air India,scheduled_domestic,2020,5,482.0,41595,39002.038,77788.0,199.904,12.214,3789.012,9105.0,50.139,41.615
Air India Express,scheduled_domestic,2020,5,23.05,332,624.0,4288.0,0.003,0.0,33.52,33.8,14.552,99.172
AirAsia India,scheduled_domestic,2020,5,305.909,21941,25328.698,55063.62,153.861,11.037,2390.573,8220.173,45.999,29.082
Alliance Air,scheduled_domestic,2020,5,86.0,3772,1548.0,6676.0,85.0,0.0,140.6,502.9,23.188,27.958
IndiGo,scheduled_domestic,2020,5,1473.0,142254,141383.0,268985.0,782.261,192.678,13854.0,30075.0,52.562,46.065
SpiceJet,scheduled_domestic,2020,5,530.809,48156,48598.377,85004.787,3850.046,0.0,4155.672,7282.168,57.171,57.066
Star Air,scheduled_domestic,2020,5,14.0,403,256.0,683.0,0.0,0.0,23.0,301.0,37.482,7.641
TruJet,scheduled_domestic,2020,5,31.54,1548,506.32,2230.45,0.0,0.0,48.1,227.505,22.7,21.142
Vistara,scheduled_domestic,2020,5,255.284,18416,18946.353,42976.544,67.202,0.0,1803.834,4616.115,44.085,39.077
Air India,nonscheduled_domestic,2020,6,25.0,1260,1575.0,4646.0,18.176,0.0,138.0,541.0,33.9,25.508
AirAsia India,nonscheduled_domestic,2020,6,40.0,4528,5412.0,7236.0,0.0,0.0,505.0,1080.0,74.793,46.759
IndiGo,nonscheduled_domestic,2020,6,43.0,4570,5187.0,7004.0,12.0,0.0,296.45,803.0,74.058,36.918
SpiceJet,nonscheduled_domestic,2020,6,7.1,37,188.0,789.0,2.1,0.0,16.6,71.0,23.828,23.38
Vistara,nonscheduled_domestic,2020,6,0.9,180,154.0,154.0,0.0,0.0,0.016,0.017,100.0,96.429
Air India,nonscheduled_international,2020,6,6507.477,110328,938902.613,1206836.438,1567.85,0.0,96728.899,182830.251,77.799,52.906
Air India Express,nonscheduled_international,2020,6,1274.032,44646,125164.874,236969.916,816.802,1.166,11740.736,14047.319,52.819,83.58
Go First,nonscheduled_international,2020,6,185.37,10153,30360.0,33739.0,0.0,0.0,2732.0,3430.0,89.985,79.65
IndiGo,nonscheduled_international,2020,6,648.0,40150,105038.0,116766.0,1.669,0.0,9107.522,13949.388,89.956,65.29
SpiceJet,nonscheduled_international,2020,6,445.11,27976,75045.0,83786.0,3849.0,0.0,5628.0,7122.0,89.567,79.023
Vistara,nonscheduled_international,2020,6,11.42,357,858.57,1872.88,0.0,0.0,90.15,191.856,45.842,46.988
Air India,scheduled_domestic,2020,6,2425.0,197747,184473.0,354204.0,2050.843,0.0,19307.54,37112.0,52.081,52.025
Air India Express,scheduled_domestic,2020,6,89.306,3244,5217.326,16610.916,6.379,0.0,414.527,492.076,31.409,84.24
AirAsia India,scheduled_domestic,2020,6,1199.0,139934,161108.0,284946.0,1522.075,159.513,16056.1,42538.0,56.54,37.745
Alliance Air,scheduled_domestic,2020,6,752.0,36092,14295.0,42942.0,8.0,0.0,1305.0,3968.0,33.289,32.888
Go First,scheduled_domestic,2020,6,883.0,88513,95199.0,164290.0,887.26,0.0,9652.41,16738.0,57.946,57.668
IndiGo,scheduled_domestic,2020,6,9437.0,1046836,1038263.0,1711028.0,7860.996,1410.205,103659.0,194003.0,60.681,53.432
Pawan Hans,scheduled_domestic,2020,6,2.388,11,1.11,26.268,0.0,0.0,25.0,644.0,4.226,3.882
SpiceJet,scheduled_domestic,2020,6,3238.0,334104,362216.0,532545.0,5965.948,0.0,30093.0,45995.0,68.016,65.427
Star Air,scheduled_domestic,2020,6,129.0,5952,3645.7,6473.2,0.0,0.0,328.0,2815.0,56.32,11.652
TruJet,scheduled_domestic,2020,6,267.0,15125,5337.0,19403.0,0.0,0.0,506.988,1979.139,27.506,25.617
Vistara,scheduled_domestic,2020,6,1360.0,111914,130240.0,230117.0,1168.268,0.0,13378.0,24866.0,56.597,53.8
Air India,nonscheduled_domestic,2020,7,35.589,748,1093.024,6570.284,27.771,0.0,123.973,786.592,16.636,15.761
IndiGo,nonscheduled_domestic,2020,7,48.191,5926,7896.0,8442.0,0.0,0.0,102.057,984.443,93.532,10.367
SpiceJet,nonscheduled_domestic,2020,7,765.42,888,1188.062,1672.38,4511.396,0.0,5072.183,11234.089,71.04,45.15
Vistara,nonscheduled_domestic,2020,7,6.7,5,8.192,1067.552,26.0,0.0,45.737,112.56,0.767,40.634
Air India,nonscheduled_international,2020,7,5829.351,99732,828546.563,1220888.347,1683.652,0.0,88126.929,188098.244,67.864,46.852
Air India Express,nonscheduled_international,2020,7,1671.076,70782,190210.294,310820.136,932.372,4.606,15316.942,19030.791,61.196,80.485
Go First,nonscheduled_international,2020,7,518.464,32339,91505.859,94360.448,0.0,0.0,8235.527,9591.584,96.975,85.862
IndiGo,nonscheduled_international,2020,7,1304.831,72878,198711.0,242327.0,42.192,0.0,16920.932,29040.1,82.001,58.267
SpiceJet,nonscheduled_international,2020,7,2205.457,46940,132855.257,148535.082,5422.661,0.0,21445.093,39550.879,89.444,54.222
Vistara,nonscheduled_international,2020,7,11.828,787,1557.376,1939.792,0.0,0.0,163.524,198.71,80.286,82.293
Air India,scheduled_domestic,2020,7,2995.653,142583,142506.476,346488.378,1937.336,0.0,15370.601,36508.464,41.129,42.101
Air India Express,scheduled_domestic,2020,7,77.218,1732,2729.504,14362.548,3.757,0.0,201.428,249.292,19.004,80.8
AirAsia India,scheduled_domestic,2020,7,1481.598,129780,149745.203,266687.64,1590.003,118.572,14662.768,39812.464,56.15,36.83
Alliance Air,scheduled_domestic,2020,7,917.0,41967,16366.0,48616.0,23.6,0.0,1495.0,4497.0,33.664,33.244
Go First,scheduled_domestic,2020,7,881.515,79358,82736.712,163961.79,1036.55,0.0,8672.34,16704.709,50.461,51.916
IndiGo,scheduled_domestic,2020,7,11616.535,1272240,1240088.0,2060464.0,10776.526,1797.602,124931.889,233503.523,60.185,53.503
Pawan Hans,scheduled_domestic,2020,7,2.84,18,1.508,31.24,0.0,0.0,115.0,1054.0,4.827,10.911
SpiceJet,scheduled_domestic,2020,7,3062.99,331197,342586.692,489130.542,2863.595,0.0,28948.871,42487.529,70.04,68.135
Star Air,scheduled_domestic,2020,7,129.875,5651,3568.897,6493.75,0.0,0.0,321.201,2823.59,54.959,11.376
TruJet,scheduled_domestic,2020,7,145.0,10093,3525.0,10526.0,0.0,0.0,334.9,1073.611,33.489,31.194
Vistara,scheduled_domestic,2020,7,1121.492,88235,100586.603,189529.484,1644.994,0.0,11397.424,18566.083,53.072,61.388
Air India,nonscheduled_domestic,2020,8,47.278,584,691.148,6237.162,56.576,0.0,107.172,660.548,11.081,16.225
IndiGo,nonscheduled_domestic,2020,8,65.988,6741,7327.0,11003.0,9.926,0.0,362.023,739.886,66.591,48.93
Pawan Hans,nonscheduled_domestic,2020,8,0.0,0,0.0,0.0,0.0,0.0,0.0,0.0,0.0,0.0
SpiceJet,nonscheduled_domestic,2020,8,972.209,7902,12487.617,14811.859,5726.96,0.0,7800.737,14944.997,84.308,52.196
Vistara,nonscheduled_domestic,2020,8,4.887,51,78725.0,801468.0,0.0,0.0,7.0,82.102,9.823,8.526
Air India,nonscheduled_international,2020,8,4694.118,94308,822193.875,1202207.108,1775.504,0.0,89360.814,186140.41,68.39,48.007
Air India Express,nonscheduled_international,2020,8,2459.725,108214,297931.277,457508.808,1150.838,4.181,24098.096,30020.535,65.12,80.272
Go First,nonscheduled_international,2020,8,427.719,23980,75370.379,79555.734,16.174,0.0,6832.537,8105.275,94.739,84.297
IndiGo,nonscheduled_international,2020,8,1484.366,65082,178286.0,258938.0,301.126,0.0,16058.672,18030.307,68.853,89.065
SpiceJet,nonscheduled_international,2020,8,1863.901,27239,98159.118,115029.521,4891.012,0.0,17914.74,38038.941,85.334,47.096
Vistara,nonscheduled_international,2020,8,143.941,5000,12240.99,27255.976,55.831,0.0,1571.985,3398.094,44.911,46.261
Air India,scheduled_domestic,2020,8,3533.723,224999,251564.875,421686.64,2378.491,0.0,26051.685,44546.055,59.657,58.483
Air India Express,scheduled_domestic,2020,8,35.542,1361,1990.216,14362.548,3.641,0.0,153.051,185.64,13.857,82.445
AirAsia India,scheduled_domestic,2020,8,1735.753,192401,201318.137,312435.54,1963.693,127.881,19070.047,34715.06,64.435,54.933
Alliance Air,scheduled_domestic,2020,8,1011.0,45544,18673.0,44933.0,32.5,0.0,1713.0,4168.0,41.557,41.099
Go First,scheduled_domestic,2020,8,1226.576,132779,139257.664,228143.136,1746.708,0.0,14634.83,23243.615,61.04,62.963
IndiGo,scheduled_domestic,2020,8,14060.192,1681787,1633951.0,2490194.0,11349.065,1959.648,158325.852,165610.035,65.615,95.602
Pawan Hans,scheduled_domestic,2020,8,2.72,11,1.102,29.92,0.0,0.0,71.0,1099.0,3.683,6.46
SpiceJet,scheduled_domestic,2020,8,3368.301,390885,406988.875,535160.924,3533.408,0.0,34560.813,46545.806,76.05,74.251
Star Air,scheduled_domestic,2020,8,145.087,7339,4761.059,7254.35,0.0,0.0,394.698,2899.974,65.63,13.61
TruJet,scheduled_domestic,2020,8,70.0,7394,2554.108,5262.363,0.0,0.0,242.64,536.761,48.535,45.205
Vistara,scheduled_domestic,2020,8,1353.047,141648,157701.778,230743.078,2211.73,0.0,17137.997,19634.804,68.345,87.284
Air India,nonscheduled_domestic,2020,9,38.767,1193,729.038,5463.21,96.259,0.0,137.539,589.07,13.344,23.348
IndiGo,nonscheduled_domestic,2020,9,54.732,5219,5384.0,9544.0,14.089,0.0,427.335,1087.537,56.412,39.294
SpiceJet,nonscheduled_domestic,2020,9,1041.599,6525,10194.947,11567.85,4300.49,0.0,5828.851,15659.861,88.132,37.222
Air India,nonscheduled_international,2020,9,5713.628,93561,766353.621,1446711.218,2750.34,0.0,92151.942,223795.315,52.972,41.177
Air India Express,nonscheduled_international,2020,9,2493.129,106419,295585.435,463721.994,1062.147,10.614,25313.611,32042.556,63.742,79.0
Go First,nonscheduled_international,2020,9,366.236,19696,59482.199,68119.896,13.121,0.0,5390.417,6940.172,87.32,77.67
IndiGo,nonscheduled_international,2020,9,2102.434,99219,264491.0,371291.0,486.57,0.0,24185.94,43867.869,71.235,55.134
SpiceJet,nonscheduled_international,2020,9,2156.619,42875,134121.099,159160.242,5379.3,0.0,23193.837,49353.448,84.268,46.995
Vistara,nonscheduled_international,2020,9,539.009,19790,64018.776,118530.916,496.9,0.0,9822.523,17066.806,54.01,57.553
Air India,scheduled_domestic,2020,9,4840.043,318320,358675.638,617835.674,3466.686,0.0,37345.561,66265.316,58.054,56.358
Air India Express,scheduled_domestic,2020,9,40.096,999,1579.158,7457.856,3.439,0.0,134.267,162.99,21.174,82.378
AirAsia India,scheduled_domestic,2020,9,2397.049,234679,251896.237,431468.82,2803.765,179.717,24192.949,47940.98,58.381,50.464
Alliance Air,scheduled_domestic,2020,9,1146.0,49709,20300.0,48594.0,36.2,0.0,1865.0,4509.0,41.775,41.362
Go First,scheduled_domestic,2020,9,2553.565,263659,273752.763,474960.048,3387.633,0.0,28816.339,48390.057,57.637,59.55
IndiGo,scheduled_domestic,2020,9,19101.914,2265539,2233475.0,3415497.0,13099.071,2296.435,217670.567,381911.566,65.392,56.995
Pawan Hans,scheduled_domestic,2020,9,3.454,45,3.769,37.994,0.0,0.0,230.0,1609.0,9.92,14.295
SpiceJet,scheduled_domestic,2020,9,4827.978,529758,560602.198,767945.381,5059.45,0.0,48123.332,66694.727,73.0,72.155
Star Air,scheduled_domestic,2020,9,160.567,8463,5923.93,8028.35,0.0,0.0,454.38,3030.786,73.788,14.992
TruJet,scheduled_domestic,2020,9,149.0,10075,3773.0,10586.0,0.0,0.0,358.468,1079.811,35.641,33.197
Vistara,scheduled_domestic,2020,9,2645.092,258441,294649.239,441959.79,3756.62,0.0,31579.208,34568.753,66.669,91.352
Air India,nonscheduled_domestic,2020,10,13.473,2183,1348.307,2337.004,8.074,0.0,103.457,243.915,57.694,42.415
IndiGo,nonscheduled_domestic,2020,10,55.03,4742,3326.0,9667.0,12.801,0.0,298.288,1052.323,34.406,28.346
SpiceJet,nonscheduled_domestic,2020,10,1123.056,1504,2056.389,2967.652,4466.08,0.0,5631.692,17159.806,69.293,32.819
Air India,nonscheduled_international,2020,10,6574.196,119859,883513.971,1601852.774,3755.102,0.0,110348.511,243180.436,55.156,45.377
Air India Express,nonscheduled_international,2020,10,3133.965,126862,354555.005,582917.49,1258.944,4.554,29009.467,36254.397,60.824,80.016
Go First,nonscheduled_international,2020,10,553.904,30946,85465.185,103026.144,59.384,0.0,7834.542,10496.481,82.955,74.64
IndiGo,nonscheduled_international,2020,10,2447.681,129991,336538.0,432970.0,604.479,0.0,30930.31,48659.8,77.728,63.564
SpiceJet,nonscheduled_international,2020,10,2472.034,71309,190153.432,226528.084,5666.321,0.0,30045.037,55582.347,83.943,54.055
Vistara,nonscheduled_international,2020,10,518.764,21809,69392.453,119047.112,709.355,0.0,11347.535,17417.731,58.29,65.149
Air India,scheduled_domestic,2020,10,6060.188,426369,471208.851,756541.355,3990.308,0.0,48326.42,80351.413,62.285,60.144
Air India Express,scheduled_domestic,2020,10,60.658,1786,3096.958,11282.388,18.422,0.0,295.995,347.191,27.449,85.254
AirAsia India,scheduled_domestic,2020,10,3613.297,373616,409868.282,650856.81,4151.289,214.792,39230.223,72300.0,62.974,54.26
Alliance Air,scheduled_domestic,2020,10,1339.0,63236,25317.0,54388.0,37.1,0.0,2323.0,5044.0,46.549,46.055
Go First,scheduled_domestic,2020,10,3553.875,395061,408108.549,660477.048,4315.096,0.0,42043.727,67345.931,61.79,62.429
IndiGo,scheduled_domestic,2020,10,22864.053,2926835,2820750.0,4137233.0,15877.951,2522.164,273846.852,435741.186,68.18,62.846
Pawan Hans,scheduled_domestic,2020,10,6.09,172,14.679,66.99,0.0,0.0,1061.0,2689.15,21.912,39.455
SpiceJet,scheduled_domestic,2020,10,6203.834,704498,732301.642,989616.415,5711.37,0.0,61780.496,86036.738,73.999,71.807
Star Air,scheduled_domestic,2020,10,168.706,8804,6226.743,8435.3,0.0,0.0,472.788,3103.914,73.818,15.232
TruJet,scheduled_domestic,2020,10,331.525,28865,10836.296,23989.37,0.0,0.0,1029.448,2446.916,45.171,42.071
Vistara,scheduled_domestic,2020,10,3457.575,339454,374807.299,574898.178,4274.462,0.0,39391.099,60075.112,65.195,65.57
Air India,nonscheduled_domestic,2020,11,80.705,11247,6278.141,12370.89,25.364,0.0,512.067,1400.336,50.749,36.567
AirAsia India,nonscheduled_domestic,2020,11,3.74,926,576.626,673.2,0.0,0.0,52.019,74.8,85.654,69.544
IndiGo,nonscheduled_domestic,2020,11,51.416,6613,3692.0,7974.0,9.985,0.0,277.336,998.631,46.3,27.772
SpiceJet,nonscheduled_domestic,2020,11,837.157,1738,2110.728,3068.217,2579.767,0.0,3244.416,12590.883,68.793,25.768
Vistara,nonscheduled_domestic,2020,11,2.998,11,16.489,491.672,0.0,0.0,1.484,50.366,3.354,2.946
Air India,nonscheduled_international,2020,11,6676.613,139050,885349.371,1616858.978,4673.61,0.0,123271.309,245598.041,54.757,50.192
Air India Express,nonscheduled_international,2020,11,3485.39,159026,422460.857,648282.54,1124.433,9.317,31764.819,40136.107,65.166,79.143
Go First,nonscheduled_international,2020,11,672.403,39098,94112.367,117173.49,69.27,0.0,8606.248,12742.037,80.319,67.542
IndiGo,nonscheduled_international,2020,11,2513.438,142830,356128.0,441046.0,688.213,0.0,33334.07,52370.135,80.746,63.651
SpiceJet,nonscheduled_international,2020,11,2710.264,79804,204071.526,240665.215,4162.552,0.0,24880.56,61859.316,84.795,40.221
Vistara,nonscheduled_international,2020,11,500.98,20584,57768.335,110876.432,664.838,0.0,10108.415,15681.968,52.102,64.459
Air India,scheduled_domestic,2020,11,6311.359,558588,613972.451,880142.182,3795.353,0.0,62531.324,93120.95,69.758,67.151
Air India Express,scheduled_domestic,2020,11,106.868,3990,6851.065,19877.448,65.084,0.062,638.927,735.83,34.467,86.831
AirAsia India,scheduled_domestic,2020,11,3835.221,421272,458360.802,691665.432,3926.245,235.243,43922.717,76704.42,66.269,57.262
Alliance Air,scheduled_domestic,2020,11,1359.0,82656,33735.0,59069.0,46.968,0.0,3084.0,5472.0,57.111,56.36
Go First,scheduled_domestic,2020,11,4484.259,577339,587011.683,829618.338,4399.799,0.0,58136.358,84976.708,70.757,68.414
IndiGo,scheduled_domestic,2020,11,24377.12,3423059,3280792.0,4435096.0,15035.611,2287.271,313990.342,496279.275,73.973,63.269
Pawan Hans,scheduled_domestic,2020,11,5.97,163,13.0,65.67,0.0,0.0,994.0,3038.0,19.796,32.719
SpiceJet,scheduled_domestic,2020,11,7055.178,839523,871555.893,1121006.64,4932.424,0.0,71168.529,97701.592,77.748,72.843
Star Air,scheduled_domestic,2020,11,213.787,10653,8080.772,10689.35,0.0,0.0,727.269,4703.314,75.596,15.463
TruJet,scheduled_domestic,2020,11,257.016,28044,10744.237,18264.684,0.0,0.0,1020.703,1862.998,58.825,54.788
Vistara,scheduled_domestic,2020,11,3694.811,397302,439851.271,621558.65,3913.83,0.0,44742.202,66063.36,70.766,67.726
Air India,nonscheduled_domestic,2020,12,136.874,20383,11507.93,19847.272,45.011,0.0,893.786,2065.772,57.982,43.266
AirAsia India,nonscheduled_domestic,2020,12,38.0,5413,4829.0,6793.0,0.0,0.0,447.0,755.0,71.088,59.205
Go First,nonscheduled_domestic,2020,12,2.662,401,344.223,495.132,0.0,0.0,30.98,49.247,69.521,62.908
IndiGo,nonscheduled_domestic,2020,12,59.253,8717,5963.0,9275.0,4.0,0.0,382.41,1101.932,64.291,34.704
SpiceJet,nonscheduled_domestic,2020,12,898.888,1133,770.161,3188.792,3646.828,0.0,4322.633,13117.645,24.152,32.953
Vistara,nonscheduled_domestic,2020,12,26.784,158,596.347,4392.576,0.0,0.0,53.671,449.971,13.576,11.928
Air India,nonscheduled_international,2020,12,7081.184,168066,1248149.632,1705441.054,4640.714,0.0,145521.091,258863.502,73.186,56.215
Air India Express,nonscheduled_international,2020,12,4004.356,201257,549166.872,744810.216,1114.619,5.248,41077.885,51491.337,73.732,79.776
Go First,nonscheduled_international,2020,12,761.794,46994,109952.384,135669.888,104.574,0.0,10045.149,14435.996,81.044,69.584
IndiGo,nonscheduled_international,2020,12,2976.943,173098,420973.0,527469.0,0.0,840.13,38541.017,59516.777,79.81,64.757
SpiceJet,nonscheduled_international,2020,12,2780.293,86107,211372.916,257788.734,4709.672,0.0,28722.232,63720.562,81.995,45.075
Vistara,nonscheduled_international,2020,12,643.671,29791,89965.29,134701.5,525.379,0.0,12478.374,18127.503,66.789,68.837
Air India,scheduled_domestic,2020,12,7037.842,627009,686267.616,1035020.571,4102.809,0.0,70172.857,110471.352,66.305,63.521
Air India Express,scheduled_domestic,2020,12,89.246,3834,6301.654,16599.756,25.053,0.043,537.74,642.909,37.962,83.642
AirAsia India,scheduled_domestic,2020,12,4595.643,502311,540718.942,830448.324,4080.351,227.666,45315.218,91912.86,65.112,49.302
Alliance Air,scheduled_domestic,2020,12,1474.0,99226,40329.0,64982.0,25.0,0.0,3686.0,6032.0,62.062,61.107
Go First,scheduled_domestic,2020,12,5283.254,654539,647184.488,976744.272,4612.704,0.0,63647.692,100117.663,66.259,63.573
IndiGo,scheduled_domestic,2020,12,28845.914,3951522,3768240.0,5270175.0,15997.508,2878.192,359852.774,556202.234,71.501,64.698
Pawan Hans,scheduled_domestic,2020,12,7.242,218,18.528,79.662,0.0,0.0,1322.0,4191.0,23.258,31.544
SpiceJet,scheduled_domestic,2020,12,8131.571,951550,999565.456,1281416.105,5381.863,0.0,81288.35,111619.932,78.005,72.826
Star Air,scheduled_domestic,2020,12,245.065,12824,9357.493,12253.25,0.0,0.0,842.174,5525.432,76.367,15.242
TruJet,scheduled_domestic,2020,12,365.0,41649,15814.917,25985.11,0.0,0.0,1502.417,2650.481,60.861,56.685
Vistara,scheduled_domestic,2020,12,4557.624,461382,506985.367,759198.836,3612.017,0.0,50251.031,79783.91,66.779,62.984
Air India,nonscheduled_domestic,2021,1,208.547,29482,15959.037,25856.14,2.582,0.0,1199.543,2572.395,61.722,46.631
AirAsia India,nonscheduled_domestic,2021,1,37.297,6129,5002.685,6713.46,0.0,0.0,476.824,745.94,74.517,63.923
IndiGo,nonscheduled_domestic,2021,1,128.776,6763,5260.0,9846.0,245.299,0.0,544.152,1790.085,53.423,30.398
SpiceJet,nonscheduled_domestic,2021,1,873.778,1670,1271.602,3445.029,3320.925,0.0,3884.194,12931.258,36.911,30.037
Vistara,nonscheduled_domestic,2021,1,30.33,131,154.201,846.788,0.0,0.0,13.878,87.85,18.21,15.797
Air India,nonscheduled_international,2021,1,7715.018,206429,1377109.054,1842696.58,4580.26,0.0,154443.968,277916.457,74.733,55.572
Air India Express,nonscheduled_international,2021,1,4508.563,211845,583081.305,838592.718,1388.239,6.323,44224.472,55696.126,69.531,79.403
Go First,nonscheduled_international,2021,1,1436.407,60484,151131.117,267171.702,193.32,0.0,13938.984,27219.913,56.567,51.209
IndiGo,nonscheduled_international,2021,1,4255.699,180217,447209.0,614904.0,3146.895,0.0,44645.09,76569.857,72.728,58.306
SpiceJet,nonscheduled_international,2021,1,2908.805,96827,243498.699,300148.624,4007.133,0.0,28216.827,68198.982,81.126,41.374
Vistara,nonscheduled_international,2021,1,377.31,12733,42591.728,79212.564,219.483,0.0,5752.798,9910.921,53.769,58.045
Air India,scheduled_domestic,2021,1,7603.38,672139,729220.203,1111072.948,4039.192,0.0,73675.426,119096.547,65.632,61.862
Air India Express,scheduled_domestic,2021,1,78.368,3075,5566.496,14576.448,9.963,0.0,1240.166,1433.966,38.188,86.485
Air Taxi,scheduled_domestic,2021,1,5.51,27,6.199,16.531,0.0,0.0,0.465,6.778,37.499,6.86
AirAsia India,scheduled_domestic,2021,1,4621.139,531578,558871.307,836264.022,3175.726,230.188,41831.153,92422.78,66.83,45.261
Alliance Air,scheduled_domestic,2021,1,1351.0,92039,36600.0,59562.0,19.0,0.0,3343.0,5536.0,61.449,60.387
Flybig,scheduled_domestic,2021,1,1.928,1717,777.2,1809.5,0.0,0.0,58.29,552.09,42.951,10.558
Go First,scheduled_domestic,2021,1,5163.897,633787,619864.761,955362.276,4439.473,0.0,60882.835,97855.848,64.883,62.217
IndiGo,scheduled_domestic,2021,1,31362.842,4202712,3983767.0,5746935.0,16154.855,2151.005,378799.397,602126.95,69.32,62.91
Pawan Hans,scheduled_domestic,2021,1,4.788,182,14.895,52.668,0.0,0.0,1032.0,3032.0,28.281,34.037
SpiceJet,scheduled_domestic,2021,1,8574.156,991883,1042368.244,1361661.376,5863.61,0.0,85093.921,118494.653,76.551,71.812
Star Air,scheduled_domestic,2021,1,305.297,15518,11175.086,15264.85,0.0,0.0,1005.758,6716.534,73.208,14.974
TruJet,scheduled_domestic,2021,1,367.0,44886,16923.337,26054.042,0.0,0.0,1607.717,2657.512,64.955,60.497
Vistara,scheduled_domestic,2021,1,4790.257,514479,563747.721,804955.657,3428.646,0.0,55126.356,85695.056,70.035,64.329
Air India,nonscheduled_domestic,2021,2,194.192,31934,15959.037,25856.14,24.493,0.0,1306.363,2383.249,61.722,54.814
AirAsia India,nonscheduled_domestic,2021,2,33.33,6015,5197.917,6061.02,0.0,0.0,472.213,666.6,85.76,70.839
IndiGo,nonscheduled_domestic,2021,2,74.692,7230,5859.0,7107.0,196.77,0.0,614.377,836.302,82.44,73.464
SpiceJet,nonscheduled_domestic,2021,2,989.06,1845,1707.841,4022.99,3730.239,0.0,4454.989,14530.006,42.452,30.661
Vistara,nonscheduled_domestic,2021,2,2.634,83,98.573,436.516,0.0,0.0,8.872,46.181,22.582,19.211
Air India,nonscheduled_international,2021,2,7827.214,211489,1384452.494,1886130.182,5552.057,0.0,159986.042,284878.117,73.402,56.159
Air India Express,nonscheduled_international,2021,2,3996.754,182235,497559.596,743396.244,1380.917,3.257,37191.741,47061.896,66.931,79.027
Go First,nonscheduled_international,2021,2,1167.578,55590,131462.688,217169.508,145.539,0.0,12062.733,22125.603,60.535,54.519
IndiGo,nonscheduled_international,2021,2,3636.138,183348,438673.0,585598.0,2894.158,0.0,44200.424,63539.165,74.91,69.564
SpiceJet,nonscheduled_international,2021,2,2583.141,82165,199447.01,259072.766,3327.513,0.0,23624.04,62501.645,76.985,37.797
Vistara,nonscheduled_international,2021,2,434.919,15243,49987.304,94827.024,378.781,0.0,7485.567,13331.411,52.714,56.15
Air India,scheduled_domestic,2021,2,7426.432,786746,849666.055,1085916.366,4382.365,0.0,85292.781,116358.163,78.244,73.302
Air India Express,scheduled_domestic,2021,2,50.048,1712,3138.0,9309.0,6.267,0.0,247.551,297.749,33.709,83.141
Air Taxi,scheduled_domestic,2021,2,29.792,77,18.89,89.377,0.0,0.0,1.786,36.644,21.135,4.874
AirAsia India,scheduled_domestic,2021,2,4417.0,520603,542276.763,798746.808,3410.638,211.892,44071.584,88341.12,67.891,49.888
Alliance Air,scheduled_domestic,2021,2,1240.0,95469,37382.0,57272.0,18.0,0.0,3412.0,5335.0,65.271,63.955
Flybig,scheduled_domestic,2021,2,38.56,2921,1412.57,2776.32,0.0,0.0,105.94,848.21,50.879,12.49
Go First,scheduled_domestic,2021,2,3987.456,581273,562958.335,735783.24,4496.466,0.0,55495.169,75562.291,76.511,73.443
IndiGo,scheduled_domestic,2021,2,29692.342,4238466,4039127.0,5431221.0,16743.805,2101.373,384267.33,571151.98,74.369,67.279
Pawan Hans,scheduled_domestic,2021,2,7.466,260,22.69,82.126,0.0,0.0,1644.0,4228.48,27.628,38.879
SpiceJet,scheduled_domestic,2021,2,7962.715,962081,991225.375,1256510.062,5743.054,0.0,81055.14,109370.24,78.887,74.111
Star Air,scheduled_domestic,2021,2,318.268,17886,12827.262,15913.4,0.0,0.0,1154.454,7001.896,80.607,16.488
TruJet,scheduled_domestic,2021,2,336.639,47505,18083.723,23841.445,0.0,0.0,1717.954,2431.827,75.85,70.645
Vistara,scheduled_domestic,2021,2,4867.434,540244,599906.941,813739.75,3772.591,0.0,58901.563,85725.444,73.722,68.71
Air India,nonscheduled_domestic,2021,3,215.915,33852,19036.676,27346.784,4.786,0.0,1437.515,2691.14,69.612,53.417
AirAsia India,nonscheduled_domestic,2021,3,36.698,7119,5447.654,6651.876,0.0,0.0,408.574,733.96,81.897,55.667
Go First,nonscheduled_domestic,2021,3,1.499,99,148.401,278.814,0.0,0.0,13.356,27.732,53.226,48.162
IndiGo,nonscheduled_domestic,2021,3,60.313,1451,1126.0,2910.0,312.0,0.0,520.228,1229.744,38.694,42.304
SpiceJet,nonscheduled_domestic,2021,3,1278.529,2771,1942.491,3798.372,3999.68,0.0,4854.778,18119.6,51.14,26.793
Vistara,nonscheduled_domestic,2021,3,9.161,723,593.274,1495.594,0.0,0.0,53.395,153.905,39.668,34.693
Air India,nonscheduled_international,2021,3,8722.905,233320,1542712.942,2111529.666,6062.677,0.0,179783.697,319613.411,73.061,56.25
Air India Express,nonscheduled_international,2021,3,4481.999,211519,581003.029,833651.814,1667.008,2.629,42577.075,54252.401,69.694,78.48
Go First,nonscheduled_international,2021,3,860.888,52028,117873.115,160125.168,37.357,0.0,10608.58,15926.428,73.613,66.61
IndiGo,nonscheduled_international,2021,3,4250.854,211386,502685.0,701506.0,3692.032,0.0,51522.611,86091.287,71.658,59.846
SpiceJet,nonscheduled_international,2021,3,2977.287,86889,210208.403,271712.623,4185.463,0.0,27515.667,76553.325,77.364,35.943
Vistara,nonscheduled_international,2021,3,532.48,19597,63319.465,117554.612,541.032,0.0,9839.983,16760.266,53.864,58.71
Air India,scheduled_domestic,2021,3,8371.057,785520,850171.134,1203236.619,5270.059,0.0,86674.524,128131.758,70.657,67.645
Air India Express,scheduled_domestic,2021,3,29.683,689,1306.0,5521.0,7.257,0.0,141.0,175.772,23.655,80.217
Air Taxi,scheduled_domestic,2021,3,29.687,79,19.75,89.06,0.0,0.0,1.483,36.515,22.176,4.061
AirAsia India,scheduled_domestic,2021,3,4855.674,541512,572123.104,878405.634,3662.262,211.753,43382.422,97113.48,65.132,44.672
Alliance Air,scheduled_domestic,2021,3,1515.0,95563,38098.0,65795.0,24.0,0.0,3481.0,6117.0,57.904,56.907
Flybig,scheduled_domestic,2021,3,43.69,2600,1278.0,3145.68,0.0,0.0,95.85,961.18,40.627,9.972
Go First,scheduled_domestic,2021,3,4464.36,611956,589514.952,823979.121,5228.14,0.0,58569.514,84599.622,71.545,69.231
IndiGo,scheduled_domestic,2021,3,33192.901,4184920,4038028.0,6081170.0,19304.063,2101.246,386893.474,643066.867,66.402,60.164
Pawan Hans,scheduled_domestic,2021,3,7.304,251,21.339,80.344,0.0,0.0,1651.0,3445.0,26.56,47.925
SpiceJet,scheduled_domestic,2021,3,8630.777,1002950,1038941.395,1357405.945,5515.558,0.0,84298.387,118177.347,76.539,71.332
Star Air,scheduled_domestic,2021,3,375.505,18746,13926.577,18775.25,0.0,0.0,1253.392,8261.11,74.175,15.172
TruJet,scheduled_domestic,2021,3,374.0,42678,15975.497,26678.817,0.0,0.0,1517.672,2721.239,59.881,55.771
Vistara,scheduled_domestic,2021,3,5254.559,499846,565503.537,876286.929,3677.611,0.0,55691.221,91732.964,64.534,60.71
Air India,nonscheduled_domestic,2021,4,459.259,31901,23413.155,63729.294,261.375,0.0,2194.0,7300.965,36.738,30.051
AirAsia India,nonscheduled_domestic,2021,4,41.079,8193,6016.931,7840.428,0.0,0.0,667.11,861.86,76.742,77.404
IndiGo,nonscheduled_domestic,2021,4,79.923,2546,1528.0,4026.0,357.024,0.0,603.823,1630.086,37.953,37.042
SpiceJet,nonscheduled_domestic,2021,4,1009.99,1530,1086.741,2464.868,4567.978,0.0,5558.891,15522.574,44.089,35.812
Vistara,nonscheduled_domestic,2021,4,21.149,762,1052.953,3530.076,0.0,0.0,94.766,369.229,29.828,25.666
Air India,nonscheduled_international,2021,4,7859.127,195253,1289436.044,1964826.284,5714.805,0.0,160618.585,298444.19,65.626,53.819
Air India Express,nonscheduled_international,2021,4,4333.181,161683,447329.621,805971.666,1742.491,2.261,33989.325,43426.457,55.502,78.269
Go First,nonscheduled_international,2021,4,716.168,39561,96661.609,133207.248,148.506,0.0,8947.315,13571.384,72.565,65.928
IndiGo,nonscheduled_international,2021,4,3803.39,175492,427945.0,627038.0,3533.721,0.0,45058.881,77281.609,68.249,58.305
SpiceJet,nonscheduled_international,2021,4,2913.669,68287,189235.215,260636.889,6036.881,0.0,35198.636,86700.792,72.605,40.598
Vistara,nonscheduled_international,2021,4,491.881,16205,59844.328,113977.172,550.659,0.0,9537.695,16979.542,52.506,56.172
Air India,scheduled_domestic,2021,4,8120.52,544067,575346.811,1101226.026,4703.39,0.0,59028.931,118108.351,52.246,49.979
Air Taxi,scheduled_domestic,2021,4,9.129,31,8.13,27.39,0.0,0.0,0.61,11.229,29.682,5.432
AirAsia India,scheduled_domestic,2021,4,3481.586,354878,403399.335,630122.874,2487.122,169.238,31504.632,69631.72,64.019,45.245
Alliance Air,scheduled_domestic,2021,4,1407.0,63147,25269.0,57532.0,39.0,0.0,2321.0,5354.0,43.922,43.351
Flybig,scheduled_domestic,2021,4,131.1,1765,803.45,2315.32,0.0,0.0,60.26,707.43,34.701,8.518
Go First,scheduled_domestic,2021,4,4431.672,547137,537578.093,818721.751,5041.834,0.0,53823.443,83980.184,65.661,64.091
IndiGo,scheduled_domestic,2021,4,28324.744,3083318,3056489.0,5208190.0,17706.902,1732.686,296473.22,552999.036,58.686,53.612
Pawan Hans,scheduled_domestic,2021,4,5.298,116,10.13,58.27,0.0,0.0,766.0,1917.0,17.385,39.958
SpiceJet,scheduled_domestic,2021,4,6675.427,705499,753476.549,1064553.434,4636.526,0.0,62028.244,92602.617,70.779,66.983
Star Air,scheduled_domestic,2021,4,334.041,12578,10226.53,16702.05,0.0,0.0,920.388,8261.11,61.229,11.141
TruJet,scheduled_domestic,2021,4,327.0,23962,9205.0,22797.0,0.0,0.0,874.0,2325.0,40.378,37.591
Vistara,scheduled_domestic,2021,4,3937.354,310936,356306.752,652790.98,2912.029,0.0,35899.72,67877.282,54.582,52.889
Air India,nonscheduled_domestic,2021,5,690.695,24715,14502.264,99817.116,739.263,0.0,2534.057,12146.472,14.529,20.862
AirAsia India,nonscheduled_domestic,2021,5,18.158,933,1755.912,3377.388,0.0,0.0,167.153,363.16,51.99,46.027
Go First,nonscheduled_domestic,2021,5,2.209,546,401.114,410.874,0.0,0.0,36.1,40.866,97.625,88.337
IndiGo,nonscheduled_domestic,2021,5,199.159,699,413.0,1332.0,918.563,0.0,1203.777,4358.831,31.006,27.617
SpiceJet,nonscheduled_domestic,2021,5,1223.98,452,450.933,3685.53,7532.688,0.0,9351.98,19993.34,12.235,46.775
Vistara,nonscheduled_domestic,2021,5,10.203,231,219.661,1703.86,0.0,0.0,20.525,176.002,12.892,11.662
Air India,nonscheduled_international,2021,5,5384.127,89264,494832.98,1235038.532,5288.274,0.0,86683.097,182605.158,40.066,47.47
Air India Express,nonscheduled_international,2021,5,2916.15,49102,148210.538,542403.9,1898.893,2.261,34545.902,44453.83,27.325,77.712
Go First,nonscheduled_international,2021,5,126.228,6328,20136.042,23478.408,12.564,0.0,1855.594,2392.021,85.764,77.574
IndiGo,nonscheduled_international,2021,5,2315.79,60280,161393.0,287464.0,2923.067,0.0,22241.239,47224.738,56.144,47.097
SpiceJet,nonscheduled_international,2021,5,2089.962,11561,38078.662,68121.265,5012.236,0.0,18643.961,69120.791,55.898,26.973
Vistara,nonscheduled_international,2021,5,285.328,5931,27836.928,74130.752,399.013,0.0,5429.939,12123.866,37.551,44.787
Air India,scheduled_domestic,2021,5,6656.445,321041,328374.717,829694.28,5785.727,0.0,37498.077,87140.675,39.578,43.032
Air Taxi,scheduled_domestic,2021,5,19.347,82,21.81,58.04,0.0,0.0,1.64,23.797,37.578,6.892
AirAsia India,scheduled_domestic,2021,5,867.183,63532,70007.636,157745.28,1344.148,57.508,5899.001,17343.66,44.38,34.012
Alliance Air,scheduled_domestic,2021,5,1019.0,29756,12178.0,39320.0,44.0,0.0,1130.0,3660.0,30.972,30.874
Flybig,scheduled_domestic,2021,5,62.86,1323,286.96,1113.69,0.0,0.0,21.52,340.3,25.767,6.324
Go First,scheduled_domestic,2021,5,1062.621,138417,124752.207,196951.756,1723.071,0.0,12942.439,20136.668,63.342,64.273
IndiGo,scheduled_domestic,2021,5,12702.033,1168738,1168028.0,2281799.0,12146.47,1224.561,119863.731,241919.251,51.189,49.547
SpiceJet,scheduled_domestic,2021,5,2189.374,198792,225662.506,352359.96,1677.796,0.0,19016.676,30412.068,64.043,62.53
Star Air,scheduled_domestic,2021,5,255.168,6847,5670.236,12758.4,0.0,0.0,510.321,5613.696,44.443,9.091
TruJet,scheduled_domestic,2021,5,258.0,11813,4636.983,18027.876,0.0,0.0,440.0,1838.843,25.721,23.928
Vistara,scheduled_domestic,2021,5,1590.582,97031,108606.828,265657.85,2018.775,0.0,12378.245,27783.473,40.882,44.553
Air India,nonscheduled_domestic,2021,6,747.78,37262,23222.019,92155.952,707.996,0.0,3027.372,10797.498,25.199,28.038
Go First,nonscheduled_domestic,2021,6,2.602,0,0.0,483.972,16.443,0.0,23.75,48.137,0.0,49.338
IndiGo,nonscheduled_domestic,2021,6,80.257,814,763.0,1769.0,533.176,47.0,726.288,1694.162,43.132,42.87
SpiceJet,nonscheduled_domestic,2021,6,998.792,684,672.221,2550.593,6752.88,0.0,8420.119,16215.291,26.355,51.927
Vistara,nonscheduled_domestic,2021,6,1.73,47,81.31,283.72,0.0,0.0,7.318,29.064,28.659,25.179
Air India,nonscheduled_international,2021,6,4257.235,83592,437925.868,933162.526,4638.488,0.0,67930.389,135225.672,46.929,50.235
Air India Express,nonscheduled_international,2021,6,2740.61,66727,198567.044,509753.46,2232.098,2.269,21717.651,28700.582,38.954,75.67
Go First,nonscheduled_international,2021,6,63.384,2127,6727.744,11789.424,32.46,0.0,702.041,1201.127,57.066,58.449
IndiGo,nonscheduled_international,2021,6,1821.304,59677,170706.0,251049.0,2572.811,0.0,20792.082,37698.443,67.997,55.154
SpiceJet,nonscheduled_international,2021,6,1732.404,5890,21176.474,31575.663,5213.288,0.0,17749.787,60307.379,67.066,29.432
Vistara,nonscheduled_international,2021,6,256.145,5633,24888.709,67478.776,355.64,0.0,4558.127,11124.973,36.884,40.972
Air India,scheduled_domestic,2021,6,5128.166,376800,388957.213,658576.174,4736.458,0.0,41651.574,68551.363,59.06,60.76
Air Taxi,scheduled_domestic,2021,6,17.123,56,16.58,51.37,0.0,0.0,1.24,21.061,32.276,5.888
AirAsia India,scheduled_domestic,2021,6,1082.085,106632,107461.227,197372.13,999.862,97.45,8256.435,21641.7,54.446,38.151
Alliance Air,scheduled_domestic,2021,6,1231.0,52874,22051.0,46841.0,47.0,0.0,2033.0,4336.0,47.076,46.887
Flybig,scheduled_domestic,2021,6,334.33,3253,897.64,2213.28,0.0,0.0,67.32,658.06,40.557,10.23
Go First,scheduled_domestic,2021,6,1794.126,258368,235326.108,331758.741,2994.224,0.0,24344.032,33998.688,70.933,71.603
IndiGo,scheduled_domestic,2021,6,14493.783,1701955,1607361.0,2563714.0,13775.17,1491.414,162024.639,271228.598,62.697,59.737
Pawan Hans,scheduled_domestic,2021,6,5.574,121,10.7,58.2,0.0,0.0,748.0,1409.0,18.385,53.087
SpiceJet,scheduled_domestic,2021,6,2832.22,280798,298165.838,420046.464,1795.499,0.0,24526.318,36611.99,70.984,66.99
Star Air,scheduled_domestic,2021,6,286.244,12492,9940.339,14312.2,0.0,0.0,894.631,6297.368,69.454,14.206
TruJet,scheduled_domestic,2021,6,130.0,10762,4554.156,9265.944,0.0,0.0,432.645,945.0,49.149,45.783
Vistara,scheduled_domestic,2021,6,2469.887,224532,248770.817,414602.379,3466.108,0.0,26931.538,43135.363,60.002,62.435
Air India,nonscheduled_domestic,2021,7,775.246,47347,34904.439,107256.298,723.074,0.0,3846.36,12257.664,32.543,31.379
Air Taxi,nonscheduled_domestic,2021,7,0.145,2,0.29,0.434,0.0,0.0,0.022,0.178,66.667,12.191
AirAsia India,nonscheduled_domestic,2021,7,38.708,7769,5745.216,7041.168,0.0,0.0,529.527,774.16,81.595,68.4
IndiGo,nonscheduled_domestic,2021,7,89.737,2607,1766.0,5056.0,398.404,39.744,737.568,1908.966,34.929,38.637
SpiceJet,nonscheduled_domestic,2021,7,1227.535,1429,1185.785,2175.864,7271.039,0.0,9306.918,17942.896,54.497,51.87
Vistara,nonscheduled_domestic,2021,7,10.717,391,483.542,1746.716,0.0,0.0,43.519,180.046,27.683,24.171
Air India,nonscheduled_international,2021,7,4493.062,109227,630147.059,998923.918,4654.301,0.0,84012.569,144013.208,63.083,58.337
Air India Express,nonscheduled_international,2021,7,3806.299,97521,287532.821,707971.614,2476.254,5.058,29468.927,38130.63,40.614,77.284
Go First,nonscheduled_international,2021,7,175.42,8447,23147.63,30868.188,60.914,0.0,2176.698,3324.209,74.989,65.48
IndiGo,nonscheduled_international,2021,7,2319.752,102313,275924.0,335407.0,3006.455,0.0,30375.348,49518.402,82.265,61.342
SpiceJet,nonscheduled_international,2021,7,2523.233,12055,38128.311,55297.233,6917.798,0.0,25017.622,90363.081,68.952,27.686
Vistara,nonscheduled_international,2021,7,329.41,9034,37597.5,86910.134,358.044,0.0,6256.47,14161.391,43.26,44.18
Air India,scheduled_domestic,2021,7,5822.601,489993,504753.36,778558.816,4795.274,0.0,52417.693,81349.39,64.832,64.435
Air Taxi,scheduled_domestic,2021,7,13.926,52,15.687,41.779,0.0,0.0,1.177,17.129,37.548,6.871
AirAsia India,scheduled_domestic,2021,7,1700.45,164608,165951.701,309698.724,1453.455,135.31,11585.091,34009.0,53.585,34.065
Alliance Air,scheduled_domestic,2021,7,1577.0,70363,29715.0,54547.0,59.0,0.0,2734.0,5064.0,54.476,53.989
Flybig,scheduled_domestic,2021,7,508.76,4982,1620.46,3583.4,0.0,0.0,121.53,1094.9,45.221,11.1
Go First,scheduled_domestic,2021,7,2397.954,342014,298046.222,443852.476,3693.817,0.0,30577.159,45441.228,67.15,67.289
IndiGo,scheduled_domestic,2021,7,23124.08,2932469,2766997.0,4178445.0,17357.811,1862.876,270810.711,466797.997,66.221,58.015
Pawan Hans,scheduled_domestic,2021,7,5.68,171,13.7,62.4,0.0,0.0,1052.0,2133.0,21.955,49.32
SpiceJet,scheduled_domestic,2021,7,4240.454,456239,459778.851,616596.399,2740.025,0.0,37731.806,54282.33,74.567,69.51
Star Air,scheduled_domestic,2021,7,345.329,16469,12926.141,17266.45,0.0,0.0,1168.54,7597.238,74.863,15.381
TruJet,scheduled_domestic,2021,7,175.0,13361,5512.646,12408.475,0.0,0.0,523.0,1265.664,44.426,41.322
Vistara,scheduled_domestic,2021,7,3936.211,406943,457545.397,660859.881,4481.652,0.0,47073.291,69504.991,69.235,67.726
Air India,nonscheduled_domestic,2021,8,894.001,57797,41250.871,117204.582,610.308,0.0,4104.166,13561.372,35.196,30.264
AirAsia India,nonscheduled_domestic,2021,8,38.132,7575,5856.516,6942.948,0.0,0.0,526.37,762.64,84.352,69.019
Go First,nonscheduled_domestic,2021,8,7.339,549,546.9,1101.258,30.744,0.0,49.221,135.772,49.661,36.253
IndiGo,nonscheduled_domestic,2021,8,64.168,1572,1332.0,1885.0,343.831,33.027,584.355,253.869,70.663,230.18
SpiceJet,nonscheduled_domestic,2021,8,944.505,489,316.832,1418.94,6274.217,0.0,8097.509,14300.015,22.329,56.626
Vistara,nonscheduled_domestic,2021,8,7.56,340,420.818,1248.92,0.0,0.0,37.874,130.867,33.695,28.941
Air India,nonscheduled_international,2021,8,6559.041,179698,1039489.095,1556812.89,5452.937,0.0,125429.237,228780.877,66.77,54.825
Air India Express,nonscheduled_international,2021,8,3785.891,129688,367267.088,704175.726,2377.604,6.32,32099.669,43597.347,52.156,73.628
Go First,nonscheduled_international,2021,8,773.921,37452,83992.194,143949.306,182.447,0.0,7954.161,14665.803,58.348,54.236
IndiGo,nonscheduled_international,2021,8,4010.671,162291,399596.0,668510.0,3710.629,0.0,42785.997,74830.478,59.774,57.177
SpiceJet,nonscheduled_international,2021,8,2455.677,30986,90409.494,132445.353,5265.602,0.0,22321.368,76035.448,68.262,29.357
Vistara,nonscheduled_international,2021,8,670.235,19680,83501.374,164891.479,609.7,0.0,12366.807,25305.127,50.64,48.871
Air India,scheduled_domestic,2021,8,6978.357,648329,674729.318,980470.556,5544.456,0.0,68965.75,105773.778,68.817,65.201
AirAsia India,scheduled_domestic,2021,8,3492.792,348656,382173.526,633516.762,2804.679,134.492,27804.834,69855.84,60.326,39.803
Alliance Air,scheduled_domestic,2021,8,1712.0,80491,33347.0,58161.0,54.5,0.0,3061.0,5401.0,57.336,56.675
Flybig,scheduled_domestic,2021,8,758.99,5663,2036.66,4330.08,0.0,0.0,152.75,1323.08,47.035,11.545
Go First,scheduled_domestic,2021,8,3329.94,457959,415897.514,615195.267,4803.88,0.0,42494.144,63097.171,67.604,67.347
IndiGo,scheduled_domestic,2021,8,26443.813,3816286,3549811.0,4796093.0,18552.037,1939.994,342640.803,538163.328,74.015,63.669
Pawan Hans,scheduled_domestic,2021,8,3.342,102,0.789,36.7,0.0,0.0,559.0,1396.0,2.15,40.043
SpiceJet,scheduled_domestic,2021,8,4995.994,583539,562899.434,707219.275,3246.669,0.0,45886.944,62216.284,79.593,73.754
Star Air,scheduled_domestic,2021,8,379.337,18187,14272.447,18966.85,0.0,0.0,1289.045,8345.414,75.249,15.446
TruJet,scheduled_domestic,2021,8,280.0,26823,10462.787,20251.167,0.0,0.0,993.0,2066.0,51.665,48.064
Vistara,scheduled_domestic,2021,8,5185.177,558021,617826.255,866416.984,4536.842,0.0,61454.462,90470.561,71.308,67.928
Air India,nonscheduled_domestic,2021,9,792.597,39805,29514.164,108068.792,592.492,0.0,3188.543,12737.608,27.311,25.033
AirAsia India,nonscheduled_domestic,2021,9,34.992,6530,5204.677,6368.964,0.0,0.0,625.026,699.84,81.719,89.31
IndiGo,nonscheduled_domestic,2021,9,96.254,2069,2005.0,2804.0,446.227,25.28,678.548,2258.28,71.505,30.047
SpiceJet,nonscheduled_domestic,2021,9,813.396,645,634.041,2986.79,5601.421,0.0,7145.693,13772.793,21.228,51.883
Vistara,nonscheduled_domestic,2021,9,2.04,116,236.64,334.56,0.0,0.0,21.298,34.272,70.732,62.143
Air India,nonscheduled_international,2021,9,7546.472,218602,1108511.04,1716970.896,6102.539,0.693,136529.017,250032.738,64.562,54.604
Air India Express,nonscheduled_international,2021,9,4339.71,184812,505535.226,807186.06,2141.816,7.23,38978.675,51258.571,62.629,76.043
Go First,nonscheduled_international,2021,9,1224.241,56486,135001.797,226422.636,254.854,0.0,12738.485,23199.575,59.624,54.908
IndiGo,nonscheduled_international,2021,9,5266.972,239615,579846.0,838177.0,5209.114,0.0,61647.0,114218.613,69.179,53.973
SpiceJet,nonscheduled_international,2021,9,3026.7,58849,147833.564,223097.799,5578.886,0.0,31551.509,86924.449,66.264,36.298
Vistara,nonscheduled_international,2021,9,943.525,29596,110623.692,225415.952,824.724,0.0,16849.286,34064.15,49.075,49.463
Air India,scheduled_domestic,2021,9,7091.216,598097,617156.063,969326.674,5622.974,3.745,63644.773,103656.746,63.669,61.4
AirAsia India,scheduled_domestic,2021,9,3639.185,412671,448865.64,659935.56,3091.195,189.823,32147.918,72783.7,68.017,44.169
Alliance Air,scheduled_domestic,2021,9,1811.0,91031,38186.0,63455.0,50.63,0.0,3500.0,5883.0,60.178,59.493
Flybig,scheduled_domestic,2021,9,805.27,5571,2093.76,4775.47,0.0,0.0,157.03,1459.17,43.844,10.762
Go First,scheduled_domestic,2021,9,3861.267,579872,527580.77,712498.074,6318.74,0.0,54023.287,73171.01,74.047,73.832
IndiGo,scheduled_domestic,2021,9,27657.0,3958375,3668544.0,4986115.0,18535.245,1881.751,353267.0,557736.0,73.575,63.339
Pawan Hans,scheduled_domestic,2021,9,6.952,198,17.96,76.472,0.0,0.0,1220.0,4106.0,23.486,29.713
SpiceJet,scheduled_domestic,2021,9,5248.53,601529,575449.953,729888.494,3363.811,0.0,46944.03,64263.174,78.841,73.05
Star Air,scheduled_domestic,2021,9,408.394,18158,14957.533,20419.7,0.0,0.0,1346.178,8984.668,73.251,14.983
TruJet,scheduled_domestic,2021,9,150.0,14557,5551.13,10673.396,0.0,0.0,527.0,1088.686,52.009,48.407
Vistara,scheduled_domestic,2021,9,5622.432,611819,679315.827,938752.252,4520.08,0.0,67009.631,98094.556,72.364,68.311
Air India,nonscheduled_domestic,2021,10,925.337,53481,37800.566,117057.242,598.251,0.0,3778.316,13639.436,32.292,27.701
AirAsia India,nonscheduled_domestic,2021,10,41.234,7005,6016.482,7538.76,0.0,0.0,607.36,824.68,79.807,73.648
Go First,nonscheduled_domestic,2021,10,0.944,201,94.872,175.584,0.0,0.0,8.538,17.464,54.032,48.892
IndiGo,nonscheduled_domestic,2021,10,148.524,3291,2943.0,4449.0,616.089,11.078,865.771,3614.395,66.15,23.953
SpiceJet,nonscheduled_domestic,2021,10,719.604,475,442.338,1268.064,5416.426,0.0,7056.603,11943.492,34.883,59.083
Vistara,nonscheduled_domestic,2021,10,2.267,310,147.87,549.043,0.993,0.0,13.426,85.616,26.932,15.681
Air India,nonscheduled_international,2021,10,9223.607,294469,1608282.073,2193489.504,6880.929,0.249,200852.302,326106.782,73.321,61.591
Air India Express,nonscheduled_international,2021,10,5230.323,242669,637528.243,972840.078,2208.456,9.34,47268.898,60480.807,65.533,78.155
Go First,nonscheduled_international,2021,10,1478.571,77632,178669.963,275014.206,538.624,0.0,17426.736,28018.92,64.968,62.196
IndiGo,nonscheduled_international,2021,10,6081.346,307125,753653.0,972139.0,5388.958,0.0,77371.622,129976.631,77.525,59.527
SpiceJet,nonscheduled_international,2021,10,2901.934,83378,203355.735,252710.687,4886.41,0.0,30775.673,80077.378,80.47,38.432
Vistara,nonscheduled_international,2021,10,1046.383,40696,148102.057,243736.085,1013.104,0.0,20872.717,36079.217,60.763,57.852
Air India,scheduled_domestic,2021,10,8435.191,859763,886480.416,1171554.486,6702.153,3.256,89797.309,125820.858,75.667,71.369
Air India Express,scheduled_domestic,2021,10,3.884,271,518.514,722.424,1.96,0.0,78.927,104.969,71.774,75.191
AirAsia India,scheduled_domestic,2021,10,4621.564,571707,617485.833,837436.752,3535.084,221.031,50659.733,92431.28,73.735,54.808
Alliance Air,scheduled_domestic,2021,10,1824.0,107718,48771.0,70954.0,32.33,0.0,4454.0,6576.0,68.736,67.731
Flybig,scheduled_domestic,2021,10,819.16,8398,3139.44,4844.88,0.0,0.0,235.46,1480.38,64.799,15.905
Go First,scheduled_domestic,2021,10,5998.572,883763,833800.578,1106509.912,6642.504,0.0,82176.747,113672.939,75.354,72.292
IndiGo,scheduled_domestic,2021,10,31914.095,4807415,4515676.0,5792852.0,20005.519,1640.358,431096.614,647698.437,77.953,66.558
Pawan Hans,scheduled_domestic,2021,10,8.714,320,27.9,95.9,0.0,0.0,1993.0,3833.0,29.093,51.996
SpiceJet,scheduled_domestic,2021,10,6869.238,810239,808847.995,984251.68,4123.552,0.0,65405.932,86572.232,82.179,75.551
Star Air,scheduled_domestic,2021,10,393.375,19525,15732.7,19668.75,0.0,0.0,1415.943,8654.25,79.988,16.361
TruJet,scheduled_domestic,2021,10,166.0,18674,7298.928,11797.289,0.0,0.0,693.0,1203.323,61.87,57.59
Vistara,scheduled_domestic,2021,10,6159.935,696351,776158.8,1030600.282,4659.75,0.0,75894.713,107843.734,75.311,70.375
Air India,nonscheduled_domestic,2021,11,203.255,35744,19708.093,27623.288,20.757,0.0,1502.521,2836.984,71.346,52.962
AirAsia India,nonscheduled_domestic,2021,11,35.924,6461,5608.687,6558.792,0.0,0.0,519.155,718.48,85.514,72.257
Go First,nonscheduled_domestic,2021,11,4.08,372,758.88,758.88,0.0,0.0,68.299,75.48,100.0,90.486
IndiGo,nonscheduled_domestic,2021,11,25.213,2180,2329.0,2643.0,39.111,0.0,104.735,1059.614,88.12,9.884
SpiceJet,nonscheduled_domestic,2021,11,587.242,3711,2816.555,4194.524,3819.183,0.0,4890.468,10039.166,67.148,48.714
Vistara,nonscheduled_domestic,2021,11,4.565,636,605.625,765.22,0.0,0.0,54.506,80.004,79.144,68.129
Air India,nonscheduled_international,2021,11,9914.294,349421,2016426.964,2426540.858,6220.913,0.272,250704.891,360230.619,83.099,69.596
Air India Express,nonscheduled_international,2021,11,5739.716,257211,694248.986,1067587.176,2030.019,4.309,50543.843,64197.362,65.03,78.732
Go First,nonscheduled_international,2021,11,1436.147,77726,179896.161,267123.342,231.713,0.0,16632.968,27214.986,67.346,61.117
IndiGo,nonscheduled_international,2021,11,5840.87,346878,848890.0,1043171.0,3430.118,0.0,82250.278,207709.551,81.376,39.599
SpiceJet,nonscheduled_international,2021,11,2858.128,82693,206037.765,250574.285,4757.261,0.0,28886.38,78956.798,82.226,36.585
Vistara,nonscheduled_international,2021,11,1068.746,48788,192665.931,255907.822,1101.055,0.0,26398.816,38804.042,75.287,68.031
Air India,scheduled_domestic,2021,11,8460.532,945717,991291.339,1220430.36,5864.177,1.179,100123.569,133286.57,81.225,75.119
Air India Express,scheduled_domestic,2021,11,118.582,7517,11480.755,22056.252,17.082,0.507,930.859,1111.574,52.052,83.742
AirAsia India,scheduled_domestic,2021,11,4952.035,622726,669896.994,897643.026,2550.651,231.097,52034.388,99040.7,74.628,52.538
Alliance Air,scheduled_domestic,2021,11,2218.0,120306,54410.0,79476.0,34.56,0.0,4969.0,7124.0,68.461,69.75
Flybig,scheduled_domestic,2021,11,1277.2,10081,3763.2,6253.9,0.0,0.0,282.2,1910.9,60.174,14.768
Go First,scheduled_domestic,2021,11,7638.282,1155939,1101805.331,1408278.833,6341.258,0.0,106089.352,144745.444,78.238,73.294
IndiGo,scheduled_domestic,2021,11,36288.846,5706021,5357596.0,6657154.0,17274.174,1660.419,503766.738,982313.424,80.479,51.284
Pawan Hans,scheduled_domestic,2021,11,8.664,428,33.77,95.3,0.0,0.0,2440.0,4276.0,35.435,57.063
SpiceJet,scheduled_domestic,2021,11,8152.28,1078210,1081602.223,1247828.353,3632.314,0.0,85376.868,109654.472,86.679,77.86
Star Air,scheduled_domestic,2021,11,398.59,20541,16253.448,19929.5,0.0,0.0,1462.81,8768.98,81.555,16.682
TruJet,scheduled_domestic,2021,11,80.0,10596,4106.641,5666.414,0.0,0.0,390.0,577.974,72.473,67.477
Vistara,scheduled_domestic,2021,11,6764.922,793152,873064.279,1133870.254,3963.23,316.084,84190.748,118044.906,76.999,71.321
Air India,nonscheduled_domestic,2021,12,219.547,37261,20444.818,29393.038,25.379,0.0,1559.148,3012.864,69.557,51.75
AirAsia India,nonscheduled_domestic,2021,12,41.234,7184,6262.186,7422.12,0.0,0.0,575.792,824.68,84.372,69.82
Go First,nonscheduled_domestic,2021,12,6.479,1302,1205.094,1205.094,0.0,0.0,108.458,119.862,100.0,90.486
IndiGo,nonscheduled_domestic,2021,12,42.535,2918,2865.0,3056.0,60.0,2.67,154.525,972.934,93.75,15.882
SpiceJet,nonscheduled_domestic,2021,12,556.382,5828,5064.486,6544.374,3979.893,0.0,5105.987,9486.342,77.387,53.825
Air India,nonscheduled_international,2021,12,11102.544,374740,2227548.903,2743912.158,7096.581,0.471,282613.512,19621.714,81.181,1440.31
Air India Express,nonscheduled_international,2021,12,6051.972,308609,841002.341,1125666.792,1900.227,5.409,58827.393,74502.838,74.711,78.96
Go First,nonscheduled_international,2021,12,1716.133,100245,245081.633,319200.738,310.496,0.0,22700.016,32520.72,76.78,69.802
IndiGo,nonscheduled_international,2021,12,6860.427,434628,1042382.0,1288384.0,3768.621,0.0,100564.532,154114.887,80.906,65.253
SpiceJet,nonscheduled_international,2021,12,2955.258,104891,255871.108,311248.603,3980.143,0.0,31400.239,79458.916,82.208,39.518
Vistara,nonscheduled_international,2021,12,1473.853,64515,243636.879,332072.358,1095.898,0.0,31820.022,45530.028,73.369,69.888
Air India,scheduled_domestic,2021,12,8982.624,935686,988332.989,1292699.302,6344.995,1.617,98341.351,139557.153,76.455,70.467
Air India Express,scheduled_domestic,2021,12,106.12,7314,10888.549,19738.32,16.541,1.826,759.128,873.405,55.165,86.916
AirAsia India,scheduled_domestic,2021,12,5518.95,701054,741750.45,999864.354,2860.893,257.232,59477.769,110379.0,74.185,53.885
Alliance Air,scheduled_domestic,2021,12,2263.0,125358,56284.0,84022.0,29.42,0.0,5138.0,7793.0,66.987,65.931
Flybig,scheduled_domestic,2021,12,1315.22,10244,3984.02,6513.12,0.0,0.0,298.8,1990.12,61.169,15.014
Go First,scheduled_domestic,2021,12,7859.509,1193076,1130994.365,1431800.332,7337.721,0.0,109802.603,148937.696,78.991,73.724
IndiGo,scheduled_domestic,2021,12,39262.646,6140654,5770309.0,7195573.0,19217.113,1803.691,543378.23,803039.96,80.192,67.665
Pawan Hans,scheduled_domestic,2021,12,3.498,74,6.63,28.9,0.0,0.0,1189.0,1476.0,22.941,80.556
SpiceJet,scheduled_domestic,2021,12,8626.072,1150688,1149594.855,1337371.283,4422.855,0.0,91451.705,122177.594,85.959,74.851
Star Air,scheduled_domestic,2021,12,414.068,21315,17030.776,20703.4,0.0,0.0,1532.77,9109.496,82.261,16.826
TruJet,scheduled_domestic,2021,12,77.0,9530,3590.105,5361.692,0.0,0.0,341.0,547.0,66.958,62.34
Vistara,scheduled_domestic,2021,12,7199.334,861086,943780.693,1208669.462,4045.183,334.217,90630.16,123870.935,78.084,73.165
Air India,nonscheduled_domestic,2022,1,200.207,30967,17012.904,25004.062,18.613,0.0,1299.651,2524.955,68.041,51.472
AirAsia India,nonscheduled_domestic,2022,1,31.146,5273,4421.326,5723.928,0.0,0.0,472.223,622.92,77.243,75.808
IndiGo,nonscheduled_domestic,2022,1,62.815,3325,2912.0,3472.0,181.316,10.059,437.33,1363.347,83.871,32.078
SpiceJet,nonscheduled_domestic,2022,1,453.032,4196,3245.351,4379.274,2792.873,0.0,3587.014,6683.57,74.107,53.669
Vistara,nonscheduled_domestic,2022,1,1.334,155,103.385,210.772,0.0,0.0,9.305,22.411,49.051,41.518
Air India,nonscheduled_international,2022,1,11028.58,317242,2001960.499,2722724.89,6677.781,0.637,260817.921,405429.812,73.528,64.331
Air India Express,nonscheduled_international,2022,1,6071.631,238796,669435.783,1129323.366,2039.541,8.386,47666.585,61538.642,59.278,77.458
Go First,nonscheduled_international,2022,1,1556.447,70527,178981.818,289499.142,374.18,0.0,16908.822,29494.671,61.825,57.328
IndiGo,nonscheduled_international,2022,1,7742.175,379584,935248.0,1433686.0,4207.228,0.0,92433.546,170610.381,65.234,54.178
SpiceJet,nonscheduled_international,2022,1,3063.278,105444,267594.101,383558.219,3571.613,0.0,31231.6,73827.426,69.766,42.304
Vistara,nonscheduled_international,2022,1,1456.512,49240,198468.605,332174.284,989.195,0.0,26396.102,42812.322,59.748,61.655
Air India,scheduled_domestic,2022,1,8503.806,655809,703328.181,1188655.346,6286.143,2.141,72204.247,127966.94,59.17,56.424
Air India Express,scheduled_domestic,2022,1,56.502,2514,3934.142,10509.372,6.779,0.911,285.37,334.319,37.435,85.358
AirAsia India,scheduled_domestic,2022,1,2851.298,295094,313575.255,518466.894,2071.97,214.007,21972.165,57025.96,60.481,38.53
Alliance Air,scheduled_domestic,2022,1,1975.0,79509,33309.0,68614.0,33.45,0.0,3047.0,6364.0,48.545,47.879
Flybig,scheduled_domestic,2022,1,1244.76,6962,2680.46,6227.71,0.0,0.0,201.03,1902.912,43.041,10.564
Go First,scheduled_domestic,2022,1,4902.867,635493,603763.254,904894.858,6067.95,0.0,60639.837,92909.33,66.722,65.268
IndiGo,scheduled_domestic,2022,1,27862.96,3556558,3370607.0,5063752.0,16504.948,1795.653,323770.203,566307.0,66.563,57.172
SpiceJet,scheduled_domestic,2022,1,6119.547,679827,681716.7,928732.367,3701.539,0.0,55502.584,85517.439,73.403,64.902
Star Air,scheduled_domestic,2022,1,372.011,14884,12659.423,18600.55,0.0,0.0,1139.348,8184.242,68.059,13.921
TruJet,scheduled_domestic,2022,1,71.0,5415,2049.989,4812.792,0.0,0.0,194.0,491.0,42.595,39.511
Vistara,scheduled_domestic,2022,1,5120.606,478514,529409.023,858964.366,3991.716,385.194,53266.822,89082.717,61.633,59.795
Air India,nonscheduled_domestic,2022,2,188.572,29578,16244.375,22441.298,8.127,0.0,1228.999,2211.166,72.386,55.581
AirAsia India,nonscheduled_domestic,2022,2,39.268,6535,5461.293,7162.812,0.0,0.0,409.597,785.36,76.245,52.154
Go First,nonscheduled_domestic,2022,2,6.499,602,448.222,1208.814,302.117,0.0,40.34,120.231,37.079,33.552
IndiGo,nonscheduled_domestic,2022,2,54.085,3682,2926.0,4090.0,256.144,2.0,600.287,1227.216,71.54,48.915
SpiceJet,nonscheduled_domestic,2022,2,475.905,5260,4589.318,5992.666,3125.392,0.0,4065.463,7239.925,76.582,56.153
Air India,nonscheduled_international,2022,2,10093.394,326066,2044485.364,2509293.13,6544.122,0.896,264276.926,373730.497,81.477,70.713
Air India Express,nonscheduled_international,2022,2,5011.547,218733,593917.58,932147.74,2091.87,7.291,44269.5,55643.02,63.715,79.56
Go First,nonscheduled_international,2022,2,1008.533,58048,137838.551,187587.138,462.325,0.0,13394.389,19111.7,73.48,70.085
IndiGo,nonscheduled_international,2022,2,6992.329,363402,905256.0,1245361.0,4547.781,0.0,90647.303,151564.554,72.69,59.808
SpiceJet,nonscheduled_international,2022,2,2393.949,88239,197859.356,273584.688,3309.689,0.0,27787.982,59835.271,72.321,46.441
Vistara,nonscheduled_international,2022,2,1191.547,48392,186770.094,274304.516,1044.938,0.0,25590.988,38904.633,68.089,65.779
Air India,scheduled_domestic,2022,2,7710.059,855249,903923.032,1096856.84,6547.28,2.091,90915.167,118348.594,82.41,76.82
AirAsia India,scheduled_domestic,2022,2,3119.247,445563,471344.23,566535.828,2389.591,210.956,41764.751,62384.94,83.198,66.947
Alliance Air,scheduled_domestic,2022,2,1819.0,111715,46365.0,64487.0,37.77,0.0,4237.0,5973.0,71.898,70.936
Flybig,scheduled_domestic,2022,2,1396.3,9930,3788.01,6926.0,0.0,0.0,284.1,2116.18,54.693,13.425
Go First,scheduled_domestic,2022,2,4471.781,734220,716681.981,824144.851,5542.459,0.0,70438.797,84740.25,86.961,83.123
IndiGo,scheduled_domestic,2022,2,23549.94,3950597,3702539.0,4345931.0,16219.013,1640.687,352900.665,487280.097,85.196,72.423
SpiceJet,scheduled_domestic,2022,2,5955.003,820397,790004.289,887039.085,3266.405,0.0,62989.64,82133.478,89.061,76.692
Star Air,scheduled_domestic,2022,2,368.329,17500,14287.429,18416.45,0.0,0.0,1285.869,8103.238,77.58,15.869
TruJet,scheduled_domestic,2022,2,23.2,2056,803.0,1575.0,0.0,0.0,76.24,161.0,50.984,47.354
Vistara,scheduled_domestic,2022,2,5664.2,748507,828043.82,950495.142,4001.37,396.952,80227.623,98292.648,87.117,81.621
Air India,nonscheduled_domestic,2022,3,210.647,34646,19348.931,26611.45,30.22,0.0,1489.573,2705.536,72.709,55.056
AirAsia India,nonscheduled_domestic,2022,3,67.214,9634,10569.848,12229.812,0.0,0.0,792.739,1344.28,86.427,58.971
IndiGo,nonscheduled_domestic,2022,3,59.895,4378,4645.0,5796.0,254.987,1.056,731.02,1443.551,80.141,50.64
SpiceJet,nonscheduled_domestic,2022,3,516.545,3250,2766.372,4220.424,3744.296,0.0,4594.377,8495.82,65.547,54.078
Vistara,nonscheduled_domestic,2022,3,17.734,1914,2531.068,3006.232,0.0,0.0,729.934,3006.232,84.194,24.281
Air India,nonscheduled_international,2022,3,11642.559,404581,2457162.698,2894350.416,7766.297,0.177,313948.922,429845.524,84.895,73.038
Air India Express,nonscheduled_international,2022,3,6105.238,318360,872134.163,1135574.268,2068.038,8.951,61774.351,75646.156,76.801,81.662
AirAsia India,nonscheduled_international,2022,3,37.149,500,2106.69,6909.714,0.0,0.0,158.002,743.0,30.489,21.265
Go First,nonscheduled_international,2022,3,1546.714,85668,209630.098,287688.804,449.97,0.0,19794.127,29310.23,72.867,67.533
IndiGo,nonscheduled_international,2022,3,7491.431,458571,1128025.36,1392270.426,4113.382,0.0,109986.575,160915.565,81.021,68.35
SpiceJet,nonscheduled_international,2022,3,2456.557,100289,215257.651,274273.515,3414.331,0.0,25874.393,54678.104,78.483,47.321
Vistara,nonscheduled_international,2022,3,1314.929,66755,226216.353,294199.246,1201.278,0.0,30440.594,55932.424,76.892,54.424
Air India,scheduled_domestic,2022,3,8202.754,936381,986415.702,1179524.86,6459.101,0.948,98276.562,126992.189,83.628,77.388
Air India Express,scheduled_domestic,2022,3,2.848,277,190.816,529.728,0.0,0.0,14.381,16.009,36.022,89.833
AirAsia India,scheduled_domestic,2022,3,5047.264,698450,743853.248,915358.998,3344.488,292.365,64108.109,100945.28,81.264,63.508
Alliance Air,scheduled_domestic,2022,3,2120.0,145441,58434.0,78966.0,47.78,0.0,5340.0,7319.0,73.999,72.961
Flybig,scheduled_domestic,2022,3,3209.82,13096,5402.71,10618.7,0.0,0.0,405.2,3269.11,50.879,12.395
Go First,scheduled_domestic,2022,3,6753.835,1044026,1013105.997,1245242.297,6998.491,0.0,98731.53,127985.173,81.358,77.143
IndiGo,scheduled_domestic,2022,3,36123.9,5783838,5397618.0,6667040.0,18904.569,1830.124,509195.884,751461.26,80.96,67.761
SpiceJet,scheduled_domestic,2022,3,7731.789,1020817,1013447.149,1166633.683,4084.681,0.0,80814.283,107108.668,86.869,75.451
Star Air,scheduled_domestic,2022,3,422.955,21137,16978.773,21147.75,0.0,0.0,1528.09,9305.01,80.286,16.422
Vistara,scheduled_domestic,2022,3,7368.502,956179,1068514.155,1241274.456,4649.62,384.6,102605.799,128281.47,86.082,79.985
Go First,scheduled_international,2022,3,165.804,10754,24402.326,30839.544,186.344,0.0,2491.974,3141.986,79.127,79.312
IndiGo,scheduled_international,2022,3,1218.697,76830,187078.0,226349.0,486.505,0.0,17982.313,26049.918,82.65,69.03
SpiceJet,scheduled_international,2022,3,207.138,16917,34446.913,39113.658,47.763,0.0,2674.734,3791.684,88.069,70.542
Vistara,scheduled_international,2022,3,224.928,9870,40337.717,52811.982,199.013,0.0,5463.757,8048.725,76.38,67.884
Air India,nonscheduled_domestic,2022,4,48.088,13280,7327.016,7790.256,0.0,0.0,549.526,754.361,94.054,72.847
AirAsia India,nonscheduled_domestic,2022,4,61.264,9905,9771.063,11150.76,0.0,0.0,883.895,1225.28,87.627,72.138
Go First,nonscheduled_domestic,2022,4,0.643,180,115.74,119.598,0.0,0.0,10.417,11.896,96.774,87.568
IndiGo,nonscheduled_domestic,2022,4,49.748,4427,3400.0,5619.0,99.61,11.682,453.453,1098.95,60.509,41.262
SpiceJet,nonscheduled_domestic,2022,4,388.312,2312,1952.507,3708.276,2992.459,0.0,3753.321,7607.464,52.653,49.337
Vistara,nonscheduled_domestic,2022,4,0.908,318,144.372,163.44,0.0,0.0,36.0,163.44,88.333,22.026
IndiGo,nonscheduled_international,2022,4,161.107,1543,4340.0,4677.0,835.363,0.0,1815.887,3833.27,92.795,47.372
SpiceJet,nonscheduled_international,2022,4,948.54,4420,13875.332,33031.719,3083.794,0.0,8871.075,20856.978,42.006,42.533
Vistara,nonscheduled_international,2022,4,18.306,527,1540.421,3295.08,1.597,0.0,108.533,3295.08,46.749,3.294
Air India,scheduled_domestic,2022,4,7647.907,826023,877610.752,1103321.694,4546.139,2.332,85741.654,116198.135,79.543,73.789
Air India Express,scheduled_domestic,2022,4,18.512,2372,1681.032,3443.232,0.0,0.0,98.553,110.894,48.821,88.871
AirAsia India,scheduled_domestic,2022,4,4363.575,591907,630660.732,791899.578,2857.075,287.671,54936.97,87271.5,79.639,62.949
Alliance Air,scheduled_domestic,2022,4,2217.695,120306,48693.097,72765.28,34.56,0.0,4969.273,7364.19,66.918,67.479
Flybig,scheduled_domestic,2022,4,182.06,16164,7278.98,12999.64,0.0,0.0,545.92,4100.83,55.994,13.312
Go First,scheduled_domestic,2022,4,7280.79,1108977,1078573.011,1343791.069,7271.96,0.0,105032.935,137970.97,80.263,76.127
IndiGo,scheduled_domestic,2022,4,38171.49,5957411,5665270.0,7108985.0,18927.36,1991.055,534069.128,820813.369,79.692,65.066
SpiceJet,scheduled_domestic,2022,4,7812.284,1000901,1011623.065,1178059.255,4560.828,0.0,81293.78,107677.645,85.872,75.497
Star Air,scheduled_domestic,2022,4,403.035,20599,16512.86,20151.75,0.0,0.0,1486.157,9617.85,81.943,15.452
Vistara,scheduled_domestic,2022,4,7273.899,904428,1020302.203,1230668.368,4675.509,404.003,98370.026,129183.336,82.906,76.148
Air India,scheduled_international,2022,4,13794.186,461138,2709738.662,3389553.888,9562.297,0.999,343865.168,492838.778,79.944,69.772
Air India Express,scheduled_international,2022,4,6220.305,316091,855940.603,1156976.73,2546.309,4.639,64732.238,79679.509,73.981,81.241
Go First,scheduled_international,2022,4,1164.902,58264,132101.252,216605.808,301.176,0.0,12499.933,22074.893,60.987,56.625
IndiGo,scheduled_international,2022,4,8072.361,453283,1129022.0,1526979.0,3026.055,0.0,109099.043,177100.296,73.938,61.603
SpiceJet,scheduled_international,2022,4,1463.446,114983,232229.326,275532.546,526.469,0.0,18484.019,27179.86,84.284,68.006
Vistara,scheduled_international,2022,4,1328.058,54418,227299.421,306328.032,994.882,0.0,29893.983,46049.597,74.201,64.917
Air India,nonscheduled_domestic,2022,5,3.877,1082,606.602,628.074,0.0,0.0,45.495,60.869,96.581,74.743
AirAsia India,nonscheduled_domestic,2022,5,29.283,4778,4377.136,5342.298,0.0,0.0,372.99,585.66,81.934,63.687
Flybig,nonscheduled_domestic,2022,5,4.6,1160,223.8,324.24,0.0,0.0,16.79,134.28,69.023,12.504
Go First,nonscheduled_domestic,2022,5,3.81,472,564.84,708.288,0.0,0.0,50.836,70.448,79.747,72.16
IndiGo,nonscheduled_domestic,2022,5,172.0,27701,18969.0,25483.0,97.918,28.146,1848.831,3401.338,74.438,54.356
SpiceJet,nonscheduled_domestic,2022,5,401.275,951,1052.545,1481.274,3314.823,0.0,4047.087,7856.952,71.057,51.51
Vistara,nonscheduled_domestic,2022,5,8.692,530,789.49,1484.096,0.0,0.0,108.9,159.248,53.197,68.384
IndiGo,nonscheduled_international,2022,5,108.792,1217,2910.0,3099.0,609.694,0.0,1604.895,2922.187,93.901,54.921
SpiceJet,nonscheduled_international,2022,5,675.35,151,474.291,2129.274,2869.56,0.0,6711.854,13938.407,22.275,48.154
Vistara,nonscheduled_international,2022,5,24.408,694,2028.562,4393.44,6.816,0.0,162.275,488.16,46.173,33.242
Air India,scheduled_domestic,2022,5,7705.679,822814,883040.33,1097018.386,4869.591,0.0,86669.214,114267.217,80.495,75.848
Air India Express,scheduled_domestic,2022,5,18.512,3227,2287.656,3443.232,0.0,0.0,146.82,167.149,66.439,87.838
AirAsia India,scheduled_domestic,2022,5,5078.682,686362,731036.837,920890.236,3184.449,304.793,63297.109,101573.64,79.384,62.316
Alliance Air,scheduled_domestic,2022,5,2263.447,125358,50627.439,77281.834,29.42,0.0,5137.5,7792.556,65.51,65.928
Flybig,scheduled_domestic,2022,5,234.0,23803,10646.63,17043.95,0.0,0.0,798.5,5576.532,62.466,14.319
Go First,scheduled_domestic,2022,5,7757.945,1276216,1238458.961,1431684.404,8443.62,0.0,120780.755,147013.058,86.504,82.156
IndiGo,scheduled_domestic,2022,5,39809.33,6376429,6076111.0,7427863.0,21972.944,1742.731,574834.026,832904.722,81.802,69.016
SpiceJet,scheduled_domestic,2022,5,8731.884,1152182,1181830.842,1326543.901,4537.188,0.0,94216.167,121211.528,89.091,77.729
Star Air,scheduled_domestic,2022,5,406.0,21355,16920.0,20285.0,0.0,0.0,1523.0,9427.0,83.411,16.156
Vistara,scheduled_domestic,2022,5,7750.206,982676,1105461.794,1303587.3,5265.57,383.95,106706.557,136706.823,84.802,78.055
Air India,scheduled_international,2022,5,14405.411,469817,2732832.316,3540786.762,8398.254,0.0,341555.883,515410.571,77.181,66.269
Air India Express,scheduled_international,2022,5,6547.812,342073,924173.448,1217893.032,2232.324,4.053,68653.195,85752.035,75.883,80.06
Go First,scheduled_international,2022,5,1674.678,86227,206513.658,311490.108,294.392,0.0,19151.15,31735.148,66.299,60.347
IndiGo,scheduled_international,2022,5,10420.29,613545,1545875.0,1987723.0,2975.17,0.0,146632.436,223409.814,77.771,65.634
SpiceJet,scheduled_international,2022,5,2211.733,151132,328617.921,414712.215,531.912,0.0,25833.794,40034.189,79.24,64.529
Vistara,scheduled_international,2022,5,1561.956,68161,275983.195,364794.69,1267.221,0.0,36609.305,53392.254,75.654,68.567
AirAsia India,nonscheduled_domestic,2022,6,4.433,277,363.665,810.816,0.0,0.0,27.275,88.66,44.852,30.763
Flybig,nonscheduled_domestic,2022,6,4.4,1540,229.7,320.1,0.0,0.0,17.1,135.2,71.759,12.648
Go First,nonscheduled_domestic,2022,6,7.544,1140,1255.322,1403.184,0.0,0.0,112.979,139.564,89.462,80.951
IndiGo,nonscheduled_domestic,2022,6,174.003,30809,21811.0,26331.0,50.857,16.129,2033.927,3299.03,82.834,61.652
SpiceJet,nonscheduled_domestic,2022,6,385.068,1031,1205.745,1756.854,3236.234,0.0,3923.615,7295.223,68.631,53.783
Vistara,nonscheduled_domestic,2022,6,1.276,82,104.632,229.68,0.0,0.0,9.417,25.52,45.556,36.9
IndiGo,nonscheduled_international,2022,6,70.872,1267,3925.0,4419.0,360.343,0.0,1018.867,1866.34,88.821,54.592
SpiceJet,nonscheduled_international,2022,6,781.036,7976,27391.776,44061.192,2524.319,0.0,7745.915,15318.954,62.168,50.564
Air India,scheduled_domestic,2022,6,7954.482,783479,860627.289,1141206.67,5240.444,0.0,84891.492,118949.864,75.414,71.367
Air India Express,scheduled_domestic,2022,6,15.664,1912,1346.392,2913.504,0.0,0.0,43.398,49.867,46.212,87.027
AirAsia India,scheduled_domestic,2022,6,4620.472,589510,635489.169,838217.202,2966.91,262.633,55552.64,92409.44,75.814,60.116
Alliance Air,scheduled_domestic,2022,6,2217.695,120306,48693.097,72765.28,34.56,0.0,4969.273,7364.19,66.918,67.479
Flybig,scheduled_domestic,2022,6,276.0,23027,10662.795,19690.86,0.0,0.0,799.71,6091.03,54.151,13.129
Go First,scheduled_domestic,2022,6,6637.827,998773,963404.879,1223956.284,7284.829,0.0,94566.217,125786.822,78.712,75.18
IndiGo,scheduled_domestic,2022,6,38559.37,5982787,5684887.0,7234539.0,22031.485,1764.801,539744.92,811830.929,78.58,66.485
SpiceJet,scheduled_domestic,2022,6,7998.93,1001649,1013624.994,1205972.812,4329.344,0.0,81340.519,110540.374,84.05,73.584
Star Air,scheduled_domestic,2022,6,399.023,21087,16327.238,19951.15,0.0,0.0,1469.451,8778.506,81.836,16.739
Vistara,scheduled_domestic,2022,6,7828.635,991500,1101157.503,1313677.044,5787.689,404.85,106934.596,137458.027,83.823,77.794
Air India,scheduled_international,2022,6,13863.182,483313,2787495.325,3401541.794,8295.507,0.0,341354.678,492329.957,81.948,69.335
Air India Express,scheduled_international,2022,6,6448.278,349042,943066.914,1199379.708,1269.568,2.68,38366.47,48170.424,78.63,79.647
Go First,scheduled_international,2022,6,1885.623,98573,258231.432,350725.878,299.713,0.0,23937.06,35732.556,73.628,66.989
IndiGo,scheduled_international,2022,6,11295.59,676807,1742586.0,2150854.0,3281.466,0.0,165149.408,243502.854,81.018,67.822
SpiceJet,scheduled_international,2022,6,2046.568,151902,323626.742,383864.81,590.446,0.0,25459.943,37818.576,84.307,67.321
Vistara,scheduled_international,2022,6,1605.688,77120,304285.045,369495.026,1194.704,0.0,39196.872,53551.908,82.352,73.194
Air India,nonscheduled_domestic,2022,7,1.206,238,143.514,147.132,0.0,0.0,10.764,15.919,97.541,67.614
AirAsia India,nonscheduled_domestic,2022,7,0.496,6,1.488,89.28,0.0,0.0,0.112,9.92,1.667,1.125
Go First,nonscheduled_domestic,2022,7,10.613,19107,11683.137,11695.122,0.0,0.0,1051.482,1163.225,99.898,90.394
IndiGo,nonscheduled_domestic,2022,7,150.294,30378,20236.0,24004.0,2.054,0.0,1791.64,2559.05,84.303,70.012
SpiceJet,nonscheduled_domestic,2022,7,381.072,525,374.988,627.987,2519.687,0.0,3267.105,7005.035,59.713,46.639
Vistara,nonscheduled_domestic,2022,7,0.235,123,28.905,38.54,0.0,0.0,2.601,3.948,75.0,65.893
IndiGo,nonscheduled_international,2022,7,39.421,2105,6035.0,6296.0,76.99,0.0,632.652,886.334,95.855,71.379
SpiceJet,nonscheduled_international,2022,7,851.138,8702,30169.272,50065.722,2739.596,0.0,8408.166,16843.877,60.259,49.918
Air India,scheduled_domestic,2022,7,8423.957,814028,868922.664,1222449.194,5690.948,0.0,86316.853,128248.763,71.08,67.304
AirAsia India,scheduled_domestic,2022,7,3407.696,442126,465704.79,619676.784,3024.249,244.607,42688.812,68153.92,75.153,62.636
Alliance Air,scheduled_domestic,2022,7,1819.0,111715,46365.0,64487.0,37.77,0.0,4237.0,5973.0,71.898,70.936
Flybig,scheduled_domestic,2022,7,285.0,21775,9498.0,20299.0,0.0,0.0,712.42,6288.44,46.79,11.329
Go First,scheduled_domestic,2022,7,5415.944,795237,764495.075,999119.767,7289.624,0.0,76760.987,102632.139,76.517,74.792
IndiGo,scheduled_domestic,2022,7,37099.95,5711288,5402584.0,6955302.0,22448.197,2056.916,514941.476,780612.876,77.676,65.966
SpiceJet,scheduled_domestic,2022,7,6115.717,775824,793607.194,937033.891,4133.891,0.0,64588.994,86150.339,84.694,74.972
Star Air,scheduled_domestic,2022,7,387.72,19610,15090.376,19386.0,0.0,0.0,1358.134,8529.84,77.842,15.922
Vistara,scheduled_domestic,2022,7,7948.856,1013331,1124680.071,1333901.392,6295.64,423.23,109663.367,139593.142,84.315,78.559
Air India,scheduled_international,2022,7,14889.763,535770,3058103.072,3635263.79,8771.515,0.0,372154.791,525646.146,84.123,70.799
Air India Express,scheduled_international,2022,7,6843.722,352377,949024.947,1272932.292,2387.966,3.21,85657.022,126901.046,74.554,67.499
Go First,scheduled_international,2022,7,1770.037,98716,251256.282,329226.882,313.8,0.0,23251.195,33542.201,76.317,69.319
IndiGo,scheduled_international,2022,7,12540.67,734442,1891992.0,2397366.0,3408.882,0.0,179000.361,270866.65,78.92,66.084
SpiceJet,scheduled_international,2022,7,2286.673,158666,361695.448,428136.891,713.49,0.0,28744.862,41999.754,84.481,68.441
Vistara,scheduled_international,2022,7,1696.914,84989,327893.987,389161.818,1277.765,0.0,42113.585,42420.337,84.256,99.277
Go First,nonscheduled_domestic,2022,8,88.945,24291,16373.32,16543.77,0.0,0.0,1473.599,1645.482,98.97,89.554
IndiGo,nonscheduled_domestic,2022,8,149.349,27890,18944.0,23978.0,0.337,0.0,1673.834,2687.471,79.006,62.283
India One Air,nonscheduled_domestic,2022,8,18.24,186,60.347,170.928,0.0,0.0,5.431,15.384,35.306,35.306
SpiceJet,nonscheduled_domestic,2022,8,344.591,46,29.256,99.216,2278.896,0.0,2967.85,6644.32,29.487,44.667
IndiGo,nonscheduled_international,2022,8,33.404,2427,6735.0,7390.0,15.486,0.0,649.001,844.253,91.137,76.873
SpiceJet,nonscheduled_international,2022,8,731.93,5044,16236.06,32421.816,2426.415,0.0,7011.806,14645.37,50.078,47.877
Air India,scheduled_domestic,2022,8,8537.161,861329,922831.956,1253390.366,5813.147,0.0,91533.936,133291.55,73.627,68.672
AirAsia India,scheduled_domestic,2022,8,4509.271,587836,613154.77,818504.838,3218.577,279.679,54475.127,90185.42,74.912,60.403
Akasa Air,scheduled_domestic,2022,8,141.0,23744,14059.87,26592.111,73.042,0.0,1082.523,2885.174,52.872,37.52
Alliance Air,scheduled_domestic,2022,8,2263.0,125358,56284.0,84022.0,29.42,0.0,5138.0,7793.0,66.987,65.931
Flybig,scheduled_domestic,2022,8,190.0,16357,6748.87,13509.292,0.0,0.0,508.87,4192.72,49.957,12.137
Go First,scheduled_domestic,2022,8,5594.063,870277,842497.374,1031949.97,6136.578,0.0,82517.231,106007.494,81.641,77.841
IndiGo,scheduled_domestic,2022,8,37012.43,5832025,5421725.0,6926748.0,20559.139,2167.868,513901.217,775776.364,78.272,66.243
SpiceJet,scheduled_domestic,2022,8,6253.644,798347,809044.068,956491.497,3885.302,0.0,65465.304,89070.605,84.585,73.498
Star Air,scheduled_domestic,2022,8,372.171,19438,14754.313,18608.55,0.0,0.0,1327.888,8187.762,79.288,16.218
Vistara,scheduled_domestic,2022,8,7691.606,981028,1091970.713,1293317.04,5239.79,297.87,105241.143,135583.059,84.432,77.621
Air India,scheduled_international,2022,8,14875.848,538562,3037781.95,3630523.45,8576.83,0.0,369182.321,524671.13,83.673,70.365
Air India Express,scheduled_international,2022,8,6777.55,314328,913578.677,1260624.3,2609.8,1.845,82388.013,124721.558,72.47,66.058
Go First,scheduled_international,2022,8,2008.785,108527,278831.523,373634.01,276.957,0.0,25655.944,38066.476,74.627,67.398
IndiGo,scheduled_international,2022,8,12064.02,715522,1840442.0,2337622.0,3124.225,0.0,173383.268,264087.537,78.731,65.654
SpiceJet,scheduled_international,2022,8,2362.088,155879,372037.041,442149.192,640.041,0.0,29421.332,42818.197,84.143,68.712
Vistara,scheduled_international,2022,8,1906.598,92720,347209.305,424851.274,1207.374,0.0,43543.726,49669.777,81.725,87.666
AirAsia India,nonscheduled_domestic,2022,9,4.372,255,278.715,786.96,0.0,0.0,20.904,87.44,35.417,23.906
Go First,nonscheduled_domestic,2022,9,96.324,26138,17467.21,17916.264,0.0,0.0,1572.049,1781.994,97.494,88.219
IndiGo,nonscheduled_domestic,2022,9,154.73,26652,19056.0,25145.0,3.099,0.255,1717.732,2860.917,75.784,60.041
India One Air,nonscheduled_domestic,2022,9,15.844,138,41.853,142.596,0.0,0.0,3.766,12.833,29.351,29.346
SpiceJet,nonscheduled_domestic,2022,9,484.05,1654,1650.529,2189.487,1971.329,0.0,2565.296,5460.0,75.384,46.983
Vistara,nonscheduled_domestic,2022,9,2.552,261,333.036,438.944,0.0,0.0,29.973,46.957,75.872,63.832
IndiGo,nonscheduled_international,2022,9,3.88,177,687.0,698.0,0.0,0.0,61.808,79.912,98.424,77.345
SpiceJet,nonscheduled_international,2022,9,571.475,3591,11279.331,24798.501,2014.297,0.0,5634.344,11130.353,45.484,50.621
Air India,scheduled_domestic,2022,9,8533.347,948637,1007718.242,1265488.756,6193.32,0.0,99611.518,134196.998,79.631,74.228
AirAsia India,scheduled_domestic,2022,9,4360.716,613867,609330.094,791117.106,3229.232,246.317,53882.806,87214.32,77.021,61.782
Akasa Air,scheduled_domestic,2022,9,400.0,92589,61372.0,75537.0,597.179,0.0,5192.0,8207.0,81.248,63.263
Alliance Air,scheduled_domestic,2022,9,2218.0,120306,54410.0,79476.0,34.56,0.0,4969.0,7124.0,68.461,69.75
Flybig,scheduled_domestic,2022,9,173.0,16702,6778.77,12388.426,0.0,0.0,498.713,3777.686,54.719,13.202
Go First,scheduled_domestic,2022,9,5139.214,814678,787899.768,946834.167,5957.374,0.0,77429.274,97388.105,83.214,79.506
IndiGo,scheduled_domestic,2022,9,36366.28,5972449,5535026.0,6800011.0,21436.316,2141.792,525063.998,760440.722,81.397,69.047
SpiceJet,scheduled_domestic,2022,9,9703.967,753485,766968.579,894269.312,3639.423,0.0,61890.56,82572.474,85.765,74.953
Star Air,scheduled_domestic,2022,9,339.223,17649,13429.018,16961.15,0.0,0.0,1208.612,7462.906,79.175,16.195
Vistara,scheduled_domestic,2022,9,7700.176,996471,1105468.999,1294808.976,4056.748,440.26,105243.289,135752.785,85.377,77.526
Air India,scheduled_international,2022,9,14673.105,534328,3047581.336,3621252.252,8900.894,0.0,374064.566,526799.652,84.158,71.007
Air India Express,scheduled_international,2022,9,6526.15,305402,828316.478,1213863.9,2470.634,2.99,74739.559,121013.097,68.238,61.762
Go First,scheduled_international,2022,9,1967.168,105551,271043.019,365893.248,310.372,0.0,25085.258,37277.834,74.077,67.293
IndiGo,scheduled_international,2022,9,11308.12,680361,1732792.0,2159646.0,3138.867,0.0,163460.789,248279.782,80.235,65.837
SpiceJet,scheduled_international,2022,9,2431.542,156798,385094.735,455145.075,712.617,0.0,30588.079,44329.718,84.609,69.001
Vistara,scheduled_international,2022,9,1863.844,92524,337495.54,413573.24,1278.104,22.29,43258.423,57881.538,81.605,74.736
AirAsia India,nonscheduled_domestic,2022,10,0.552,8,2.208,99.36,0.0,0.0,0.166,11.04,2.222,1.5
Go First,nonscheduled_domestic,2022,10,93.346,26027,17354.023,17362.356,0.0,0.0,1561.862,1726.901,99.952,90.443
IndiGo,nonscheduled_domestic,2022,10,156.604,27600,19194.0,24348.0,0.084,0.011,1712.556,2793.853,78.832,61.297
India One Air,nonscheduled_domestic,2022,10,13.448,93,27.163,121.032,0.0,0.0,2.444,10.892,22.443,22.438
SpiceJet,nonscheduled_domestic,2022,10,217.159,1610,1437.476,2452.632,1473.065,0.0,1969.477,3869.514,58.61,50.897
SpiceJet,nonscheduled_international,2022,10,457.714,3025,8918.357,18217.899,1545.668,0.0,4441.454,8793.16,48.954,50.51
Air India,scheduled_domestic,2022,10,8852.57,1037506,1083365.786,1310613.712,6279.284,0.0,106582.876,138122.321,82.661,77.166
Air India Express,scheduled_domestic,2022,10,5.696,972,684.944,1059.456,0.0,0.0,55763.84,103453.6,64.651,53.902
AirAsia India,scheduled_domestic,2022,10,5815.738,866548,887486.466,1054373.076,3637.97,221.399,75675.629,116314.76,84.172,65.061
Akasa Air,scheduled_domestic,2022,10,798.0,160617,116847.0,150836.0,1169.98,0.0,10250.2,16365.2,77.466,62.634
Alliance Air,scheduled_domestic,2022,10,2714.0,139768,53463.0,86225.0,30.731,0.0,2815.0,7124.0,62.004,39.514
Flybig,scheduled_domestic,2022,10,239.0,26948,11413.9,16937.676,0.0,0.0,792.21,4821.17,67.388,16.432
Go First,scheduled_domestic,2022,10,4963.552,802322,793379.151,914915.576,5707.676,0.0,77550.137,94059.31,86.716,82.448
IndiGo,scheduled_domestic,2022,10,39781.38,6471441,6126040.0,7464328.0,19173.945,1847.809,575278.373,834992.979,82.071,68.896
India One Air,scheduled_domestic,2022,10,0.752,17,6.392,6.768,0.0,0.0,0.575,2.303,94.444,24.98
SpiceJet,scheduled_domestic,2022,10,6344.91,828531,872471.671,990306.115,3204.707,0.0,69328.013,92314.651,88.101,75.1
Star Air,scheduled_domestic,2022,10,334.68,17439,13293.098,16734.0,0.0,0.0,1196.379,7362.96,79.438,16.249
Vistara,scheduled_domestic,2022,10,8016.386,1048868,1155735.457,1351229.94,5711.019,384.87,111743.556,141736.371,85.532,78.839
Air India,scheduled_international,2022,10,15369.236,568728,3170850.128,3801894.734,8533.644,0.0,383409.163,552778.386,83.402,69.36
Air India Express,scheduled_international,2022,10,6445.127,318809,864204.81,1198793.622,2319.683,34.546,77695.875,117267.142,72.09,66.255
Go First,scheduled_international,2022,10,2032.026,112973,283931.1,377956.836,314.017,0.0,26198.491,38506.893,75.123,68.036
IndiGo,scheduled_international,2022,10,11150.84,706708,1757794.0,2149575.0,3053.093,0.0,165667.646,246113.509,81.774,67.314
SpiceJet,scheduled_international,2022,10,2434.003,157792,392631.083,457744.326,598.09,0.0,30894.629,44345.143,85.775,69.669
Vistara,scheduled_international,2022,10,2176.781,107811,376034.821,469260.886,1299.382,36.696,47415.499,56769.766,80.133,83.522
Air India,nonscheduled_domestic,2022,11,9.106,482,1064.713,1639.08,0.0,0.0,79.853,142.964,64.958,55.856
AirAsia India,nonscheduled_domestic,2022,11,1.457,175,254.975,262.26,0.0,0.0,19.123,29.14,97.222,65.625
Go First,nonscheduled_domestic,2022,11,93.337,25665,16504.749,17360.682,0.0,0.0,1485.427,1726.734,95.07,86.025
IndiGo,nonscheduled_domestic,2022,11,145.239,30554,21245.0,22463.0,5.054,0.409,1910.422,2579.862,94.578,74.051
India One Air,nonscheduled_domestic,2022,11,5.29,143,41.503,47.61,0.0,0.0,3.735,4.285,87.173,87.173
SpiceJet,nonscheduled_domestic,2022,11,240.573,5226,4805.422,5837.195,1340.92,0.0,2019.368,4301.195,82.324,46.949
Vistara,nonscheduled_domestic,2022,11,4.678,701,814.201,842.04,0.0,0.0,73.278,93.56,96.694,78.322
Blue Dart Aviation,nonscheduled_international,2022,11,0.0,0,0.0,0.0,0.0,0.0,0.0,0.0,0.0,0.0
SpiceJet,nonscheduled_international,2022,11,454.95,4271,12320.968,25752.951,1433.63,0.0,4263.048,8764.805,47.843,48.638
Air India,scheduled_domestic,2022,11,8586.314,1062524,1099937.632,1283540.356,5898.761,0.0,107729.343,136047.586,85.696,79.185
AirAsia India,scheduled_domestic,2022,11,5701.204,884584,902602.89,1033639.11,3405.167,234.81,72320.736,114024.08,87.323,63.426
Akasa Air,scheduled_domestic,2022,11,1090.0,206775,163281.0,206035.0,1385.722,0.0,14751.0,22355.0,79.249,65.985
Alliance Air,scheduled_domestic,2022,11,1266.0,144477,56621.0,84152.0,17.0,1.475,5095.0,6346.0,67.284,80.287
Flybig,scheduled_domestic,2022,11,230.0,25675,11060.54,16225.59,0.0,0.0,797.92,4790.46,68.167,16.656
Go First,scheduled_domestic,2022,11,4992.02,870316,842496.028,922589.442,5035.13,0.0,81215.226,94598.779,91.319,85.852
IndiGo,scheduled_domestic,2022,11,37649.46,6500903,6114319.0,7039907.0,18682.534,2030.185,574014.35,786775.699,86.852,72.958
India One Air,scheduled_domestic,2022,11,21.16,644,174.575,190.44,0.0,0.0,15.712,17.14,91.669,91.669
SpiceJet,scheduled_domestic,2022,11,6096.034,875668,917841.409,998105.461,3265.308,0.0,72896.327,94261.119,91.958,77.334
Star Air,scheduled_domestic,2022,11,360.93,19802,14686.961,18046.5,0.0,0.0,1321.826,7940.46,81.384,16.647
Vistara,scheduled_domestic,2022,11,7675.688,1087214,1186387.404,1293679.48,4619.224,404.755,113158.045,135514.557,91.706,83.503
Air India,scheduled_international,2022,11,16098.492,599741,3251503.098,3955215.832,8337.373,0.0,387908.875,570559.928,82.208,67.987
Go First,scheduled_international,2022,11,1750.326,103667,268330.847,325560.636,227.674,0.0,24694.847,33168.678,82.421,74.452
IndiGo,scheduled_international,2022,11,11381.01,749298,1827849.0,2198911.0,2812.454,0.0,171329.697,249588.797,83.125,68.645
SpiceJet,scheduled_international,2022,11,2572.304,163858,409464.831,485898.612,607.966,0.0,32180.112,48229.752,84.27,66.723
Vistara,scheduled_international,2022,11,2372.042,115848,418450.347,528126.508,1274.274,38.316,50347.33,63490.215,79.233,79.299
AirAsia India,nonscheduled_domestic,2022,12,6.81,641,732.276,1225.8,0.0,0.0,54.921,136.2,59.739,40.324
Go First,nonscheduled_domestic,2022,12,98.538,26088,17923.104,18297.3,0.0,0.0,1613.079,1867.295,97.955,86.386
IndiGo,nonscheduled_domestic,2022,12,145.942,30061,21285.0,22639.0,2.303,0.07,1906.021,2592.098,94.019,73.532
India One Air,nonscheduled_domestic,2022,12,11.63,361,99.164,104.742,0.0,0.0,8.924,9.426,94.675,94.674
SpiceJet,nonscheduled_domestic,2022,12,220.179,6004,4988.145,5704.246,1263.974,0.0,1949.294,3898.34,87.446,50.003
Vistara,nonscheduled_domestic,2022,12,5.372,1215,780.638,908.808,0.0,0.0,70.257,95.312,85.897,73.713
Go First,nonscheduled_international,2022,12,9.268,823,952.892,1723.848,79.633,0.0,173.118,175.629,55.277,98.57
SpiceJet,nonscheduled_international,2022,12,494.622,5709,16201.86,33956.874,1400.912,0.0,4469.231,9560.704,47.713,46.746
Vistara,nonscheduled_international,2022,12,3.78,44,83.16,619.92,0.0,0.0,8.732,63.504,13.415,13.75
Air India,scheduled_domestic,2022,12,9084.041,1170659,1214284.998,1359169.002,6463.432,0.0,119038.877,144637.341,89.34,82.302
AirAsia India,scheduled_domestic,2022,12,6058.46,971221,986569.553,1098144.714,3399.283,255.77,78486.269,121169.2,89.84,64.774
Akasa Air,scheduled_domestic,2022,12,1508.0,292393,235890.0,281430.0,1812.33,0.0,21235.0,30916.0,83.818,68.686
Alliance Air,scheduled_domestic,2022,12,1457.0,169217,66326.0,94764.0,39.0,3.92,6010.92,8410.0,69.991,71.473
Flybig,scheduled_domestic,2022,12,250.0,28680,12465.956,17619.302,0.0,0.0,868.393,5020.114,70.752,17.298
Go First,scheduled_domestic,2022,12,5418.221,951235,927474.194,1001277.138,5460.472,0.0,89307.754,102675.288,92.629,86.981
IndiGo,scheduled_domestic,2022,12,40290.74,6997472,6606991.0,7553711.0,18031.8,2098.952,617573.936,844151.12,87.467,73.159
India One Air,scheduled_domestic,2022,12,15.87,472,131.08,142.83,0.0,0.0,11.79,12.85,91.773,91.751
SpiceJet,scheduled_domestic,2022,12,10585.4,963522,999968.668,1078550.355,3580.563,0.0,79416.724,101607.008,92.714,78.161
Star Air,scheduled_domestic,2022,12,351.076,20171,14540.154,17553.8,0.0,0.0,1338.461,7723.672,82.832,17.329
Vistara,scheduled_domestic,2022,12,8242.185,1170412,1273866.718,1386625.788,4325.409,425.279,120744.866,145320.109,91.868,83.089
Air India,scheduled_international,2022,12,16639.642,642438,3533993.531,4131499.276,8498.83,0.0,420180.661,597305.281,85.538,70.346
Alliance Air,scheduled_international,2022,12,8.0,585,207.0,542.0,0.0,0.0,19.67,50.976,38.192,38.587
Go First,scheduled_international,2022,12,2121.056,134139,335417.133,394516.416,343.691,0.0,30983.248,40194.011,85.02,77.084
IndiGo,scheduled_international,2022,12,11845.51,813167,1978264.0,2290355.0,2753.703,0.0,184603.789,260107.665,86.374,70.972
SpiceJet,scheduled_international,2022,12,2787.802,185868,465177.962,526454.61,651.094,0.0,36470.878,52054.404,88.361,70.063
Vistara,scheduled_international,2022,12,2882.308,147340,526992.931,631917.788,1456.572,36.782,60933.556,71316.202,83.396,85.441
AirAsia India,nonscheduled_domestic,2023,1,9.339,678,645.118,1681.02,0.0,0.0,48.384,186.78,38.377,25.904
Akasa Air,nonscheduled_domestic,2023,1,1.0,272,142.839,192.753,0.0,0.0,10.832,21.777,74.105,49.742
Alliance Air,nonscheduled_domestic,2023,1,14.472,1017,314.01,867.479,0.0,0.0,28.575,91.494,36.198,31.231
Go First,nonscheduled_domestic,2023,1,96.975,25704,16948.626,18029.658,0.0,0.0,1525.376,1837.676,94.004,83.006
IndiGo,nonscheduled_domestic,2023,1,135.04,25411,18506.0,21103.0,3.577,0.034,1667.012,2418.289,87.694,68.934
India One Air,nonscheduled_domestic,2023,1,4.072,49,14.111,36.648,0.0,0.0,1.27,3.299,38.504,38.497
SpiceJet,nonscheduled_domestic,2023,1,159.817,5758,4407.409,6684.764,432.84,0.0,946.199,2857.5,65.932,33.113
Vistara,nonscheduled_domestic,2023,1,5.624,466,440.898,922.336,0.0,0.0,39.681,94.483,47.802,41.998
IndiGo,nonscheduled_international,2023,1,12.1,1022,2481.0,2784.0,0.0,0.0,223.0,317.684,89.116,70.196
SpiceJet,nonscheduled_international,2023,1,434.716,4754,13984.994,26872.398,1422.002,0.0,4180.216,8401.786,52.042,49.754
Air India,scheduled_domestic,2023,1,9174.457,1154581,1199173.837,1370587.008,5669.738,333.683,116741.022,145502.104,87.493,80.233
AirAsia India,scheduled_domestic,2023,1,5956.379,930093,938779.722,1078818.282,2830.801,209.871,74457.224,119127.58,87.019,62.502
Akasa Air,scheduled_domestic,2023,1,1856.0,356550,281527.161,339793.247,1778.48,0.0,24874.356,38062.766,82.852,65.351
Alliance Air,scheduled_domestic,2023,1,1352.39,151400,57292.112,86793.046,33.342,18.718,5234.861,8930.286,66.01,58.619
Flybig,scheduled_domestic,2023,1,236.0,21729,9355.4,16625.554,0.0,0.0,701.66,5206.0,56.271,13.478
Go First,scheduled_domestic,2023,1,6049.0,1052822,1017247.476,1119068.004,5363.121,0.0,97666.273,114631.696,90.901,85.2
IndiGo,scheduled_domestic,2023,1,41826.54,6847384,6423447.0,7832254.0,16881.651,2043.506,599677.884,875406.184,82.013,68.503
India One Air,scheduled_domestic,2023,1,32.786,989,269.641,295.074,0.0,0.0,24.268,26.567,91.381,91.346
SpiceJet,scheduled_domestic,2023,1,6279.017,913814,948361.9,1042236.609,3366.701,0.0,75231.886,97776.558,90.993,76.943
Star Air,scheduled_domestic,2023,1,288.464,16278,11425.175,14423.2,0.0,0.0,1028.266,6346.208,79.214,16.203
Vistara,scheduled_domestic,2023,1,7914.68,1105388,1189556.732,1330001.656,4860.848,388.863,113919.63,139132.435,89.44,81.879
Air India,scheduled_international,2023,1,17147.229,649594,3680735.679,4266836.624,7773.79,418.777,432642.871,616844.756,86.264,70.138
Air India Express,scheduled_international,2023,1,7083.34,398219,1079611.302,1317501.24,2014.18,2.499,107480.508,136744.303,81.944,78.6
Alliance Air,scheduled_international,2023,1,12.744,1692,598.968,811.368,0.0,0.0,57.501,86.659,73.822,66.353
Go First,scheduled_international,2023,1,2220.132,126761,324210.699,412944.552,338.6,0.0,29985.963,42071.501,78.512,71.274
IndiGo,scheduled_international,2023,1,11860.23,816888,1981265.0,2320478.0,2409.285,0.0,181388.21,256810.412,85.382,70.631
SpiceJet,scheduled_international,2023,1,2776.248,176466,448228.325,524269.212,601.544,0.0,35076.581,52084.64,85.496,67.345
Vistara,scheduled_international,2023,1,2914.424,144833,523415.405,634923.967,1575.408,28.564,64063.465,85143.267,82.437,75.242
AirAsia India,nonscheduled_domestic,2023,2,5.794,440,486.864,1063.584,0.0,0.0,36.515,115.88,45.776,31.511
Akasa Air,nonscheduled_domestic,2023,2,0.826,165,136.0,156.0,0.0,0.0,11.0,17.0,87.179,64.706
Alliance Air,nonscheduled_domestic,2023,2,36.0,2536,1629.985,1977.0,0.0,0.0,146.7,236.52,82.447,62.024
Go First,nonscheduled_domestic,2023,2,109.081,27987,18347.611,20273.682,16.099,0.0,1661.956,2067.085,90.5,80.401
IndiGo,nonscheduled_domestic,2023,2,130.824,25382,17647.0,20151.0,0.166,0.07,1581.574,2310.471,87.574,68.452
SpiceJet,nonscheduled_domestic,2023,2,95.787,5055,4002.345,5139.288,257.121,0.0,548.127,1664.727,77.877,32.926
Vistara,nonscheduled_domestic,2023,2,4.792,684,529.474,785.888,0.0,0.0,47.653,87.482,67.373,54.472
Go First,nonscheduled_international,2023,2,17.22,736,2003.936,3202.92,0.0,0.0,180.354,326.319,62.566,55.269
IndiGo,nonscheduled_international,2023,2,10.0,741,1891.0,2114.0,0.717,0.0,170.0,172.0,89.451,98.837
SpiceJet,nonscheduled_international,2023,2,179.916,537,1642.641,2230.956,707.815,0.0,1602.269,3430.208,73.629,46.711
Air India,scheduled_domestic,2023,2,8347.726,1076299,1117616.528,1256131.558,5381.191,440.614,109454.972,133060.021,88.973,82.26
AirAsia India,scheduled_domestic,2023,2,5124.088,846141,830874.074,928502.478,2655.784,234.388,66058.587,102481.76,89.485,64.459
Akasa Air,scheduled_domestic,2023,2,1832.203,361135,278748.0,332978.0,1900.752,0.0,24737.0,37571.0,83.714,65.841
Alliance Air,scheduled_domestic,2023,2,1199.0,133815,51951.0,80008.0,41.34,18.185,4735.122,7750.06,64.932,61.098
Flybig,scheduled_domestic,2023,2,205.0,18249,8159.599,14479.924,0.0,0.0,611.97,4531.472,56.351,13.505
Go First,scheduled_domestic,2023,2,5391.277,963373,925930.793,994899.846,5387.599,0.0,89046.147,101929.605,93.068,87.36
IndiGo,scheduled_domestic,2023,2,39121.08,6741948,6347814.0,7336614.0,17439.29,2086.69,593720.182,820563.6,86.522,72.355
India One Air,scheduled_domestic,2023,2,59.779,1632,448.735,538.011,0.0,0.0,40.38,48.42,83.406,83.395
SpiceJet,scheduled_domestic,2023,2,5647.101,858261,904387.8,960708.483,3316.46,0.0,71929.671,89976.18,94.138,79.943
Star Air,scheduled_domestic,2023,2,256.55,14948,10067.511,12827.5,0.0,0.0,906.076,5644.1,78.484,16.054
Vistara,scheduled_domestic,2023,2,7214.225,1052571,1128150.07,1215465.154,5070.302,371.408,108604.213,127234.68,92.816,85.357
Air India,scheduled_international,2023,2,15906.712,599914,3415406.322,3973160.49,8657.512,431.265,414921.891,573617.96,85.962,72.334
Air India Express,scheduled_international,2023,2,6438.593,353788,960927.203,1197578.298,1792.181,3.373,91624.989,121642.48,80.239,75.323
Alliance Air,scheduled_international,2023,2,11.328,1958,693.0,735.0,0.0,0.0,62.382,75.331,94.286,82.81
Go First,scheduled_international,2023,2,1889.058,114452,288259.85,351364.788,286.659,0.0,26629.888,35797.649,82.04,74.39
IndiGo,scheduled_international,2023,2,10771.75,762694,1860062.0,2156351.0,2675.703,0.0,171760.532,231234.1,86.26,74.28
SpiceJet,scheduled_international,2023,2,2480.562,161043,413230.779,468582.198,541.053,0.0,32325.049,47373.232,88.187,68.235
Vistara,scheduled_international,2023,2,2624.888,139056,497925.168,572097.544,1828.75,15.99,61177.76,67929.392,87.035,90.061
AirAsia India,nonscheduled_domestic,2023,3,5.726,124,193.11,1061.724,0.0,0.0,14.483,114.52,18.188,12.647
Akasa Air,nonscheduled_domestic,2023,3,0.826,167,138.0,156.0,0.0,0.0,12.85,17.0,88.462,75.588
Alliance Air,nonscheduled_domestic,2023,3,17.235,791,525.774,961.193,0.182,0.0,47.502,114.613,54.7,41.445
Go First,nonscheduled_domestic,2023,3,104.0,27995,18431.0,19348.0,7.0,0.0,1667.0,1973.0,95.26,84.491
IndiGo,nonscheduled_domestic,2023,3,147.88,28390,20293.0,23392.0,3.164,0.101,1833.116,2706.895,86.752,67.72
India One Air,nonscheduled_domestic,2023,3,2.304,108,15.552,20.736,0.0,0.0,1.4,1.866,75.0,75.0
SpiceJet,nonscheduled_domestic,2023,3,104.375,1997,2138.917,3003.717,413.039,0.0,628.1,1901.309,71.209,33.035
Vistara,nonscheduled_domestic,2023,3,2.532,209,191.559,443.456,0.0,0.0,17.24,48.179,43.197,35.784
Go First,nonscheduled_international,2023,3,14.0,701,2470.0,2622.0,0.0,0.0,222.0,267.0,94.203,83.146
Air India,scheduled_domestic,2023,3,9248.764,1139044,1186788.756,1394183.05,6295.592,350.569,116823.329,147556.578,85.124,79.172
AirAsia India,scheduled_domestic,2023,3,6004.177,976060,963603.608,1087937.46,3094.468,275.204,76461.297,120083.54,88.572,63.673
Akasa Air,scheduled_domestic,2023,3,2500.174,419911,331953.0,451005.0,2239.0,0.0,29093.0,51269.0,73.603,56.746
Alliance Air,scheduled_domestic,2023,3,1304.642,133282,52237.822,79702.601,38.153,17.232,4756.789,8390.486,65.541,56.693
Flybig,scheduled_domestic,2023,3,170.0,16483,7238.0,11974.0,0.0,0.0,542.89,3741.0,60.448,14.512
Go First,scheduled_domestic,2023,3,5145.0,894655,856771.0,950227.0,4706.0,0.0,82124.0,97498.0,90.165,84.231
IndiGo,scheduled_domestic,2023,3,43792.727,7317288,6903032.0,8215681.0,20208.4,2310.08,646695.189,919504.621,84.023,70.331
India One Air,scheduled_domestic,2023,3,73.837,1780,536.104,664.533,0.0,0.0,48.249,59.808,80.674,80.674
SpiceJet,scheduled_domestic,2023,3,5707.304,827166,877792.727,950600.272,3085.465,0.0,69627.709,89910.691,92.341,77.441
Star Air,scheduled_domestic,2023,3,334.229,18252,12385.662,16711.45,0.0,0.0,1114.71,7353.038,74.115,15.16
Vistara,scheduled_domestic,2023,3,7991.974,1149276,1233831.742,1347557.36,5842.202,502.167,118085.137,140982.346,91.561,83.759
Air India,scheduled_international,2023,3,17941.675,663040,3704444.213,4484955.606,10134.783,451.085,456896.353,647580.902,82.597,70.554
Air India Express,scheduled_international,2023,3,6497.81,370356,930298.36,1208593.06,2311.62,2.557,101960.398,141884.429,76.974,71.862
Alliance Air,scheduled_international,2023,3,11.328,1922,680.388,715.08,0.0,0.0,61.235,75.331,95.149,81.288
Go First,scheduled_international,2023,3,1919.0,117936,305167.0,356831.0,281.0,0.0,28222.0,36357.0,85.521,77.625
IndiGo,scheduled_international,2023,3,12417.591,833843,2044017.0,2490691.0,3290.485,0.0,189171.851,267876.762,82.066,70.619
SpiceJet,scheduled_international,2023,3,2849.746,176787,454550.697,538155.958,569.765,0.0,35510.459,53772.304,84.464,66.039
Vistara,scheduled_international,2023,3,3161.867,167254,564142.856,677268.568,1300.851,28.234,66682.901,89563.17,83.297,74.453
AirAsia India,nonscheduled_domestic,2023,4,9.048,481,652.085,1682.928,0.0,0.0,48.906,180.96,38.747,27.026
Alliance Air,nonscheduled_domestic,2023,4,3.268,61,39.589,159.696,0.0,0.0,3.603,19.989,24.79,18.023
Go First,nonscheduled_domestic,2023,4,86.0,24730,15763.0,15925.0,0.0,0.0,1419.0,1625.0,98.983,87.323
IndiGo,nonscheduled_domestic,2023,4,148.07,28137,20132.0,22689.0,6.833,0.284,1818.649,2700.375,88.73,67.348
India One Air,nonscheduled_domestic,2023,4,9.464,261,77.27,85.176,0.0,0.0,6.954,7.666,90.718,90.718
SpiceJet,nonscheduled_domestic,2023,4,106.2,1439,1636.121,2371.719,179.633,0.0,355.581,2018.998,68.985,17.612
Vistara,nonscheduled_domestic,2023,4,13.858,1077,1090.532,2474.44,0.0,0.0,98.148,273.16,44.072,35.931
SpiceJet,nonscheduled_international,2023,4,199.004,0,0.0,0.0,528.169,0.0,946.437,3784.079,0.0,25.011
Air India,scheduled_domestic,2023,4,8739.337,1112789,1168068.555,1328845.496,5842.513,341.525,114518.5,142798.577,87.901,80.196
AirAsia India,scheduled_domestic,2023,4,5888.604,981066,953984.08,1067076.378,3080.57,290.226,75720.131,117772.08,89.402,64.294
Akasa Air,scheduled_domestic,2023,4,2820.0,513025,429326.0,505632.0,2605.0,0.0,37185.0,57825.0,84.909,64.306
Alliance Air,scheduled_domestic,2023,4,1266.382,141648,56181.265,81080.621,19.82,17.646,5149.962,8310.224,69.291,61.971
Flybig,scheduled_domestic,2023,4,180.0,19895,7961.0,12662.0,0.0,0.0,597.1,3957.712,62.873,15.087
Go First,scheduled_domestic,2023,4,4695.0,828780,790426.0,867044.0,3890.0,0.0,75242.0,88961.0,91.163,84.579
IndiGo,scheduled_domestic,2023,4,42615.0,7406440,6997867.0,8005648.0,19432.773,2102.946,654185.448,898125.4,87.412,72.839
India One Air,scheduled_domestic,2023,4,72.718,1938,551.054,654.462,0.0,0.0,49.595,59.902,84.2,82.794
SpiceJet,scheduled_domestic,2023,4,5092.332,741386,781789.593,847636.139,4272.174,0.0,63846.729,79627.202,92.232,80.182
Star Air,scheduled_domestic,2023,4,341.861,18907,12857.126,17093.05,0.0,0.0,1157.141,7520.942,75.218,15.386
Vistara,scheduled_domestic,2023,4,7755.459,1122536,1205413.77,1309449.61,5118.487,424.507,115628.908,137074.149,92.055,84.355
Air India,scheduled_international,2023,4,17225.473,612239,3432588.8,4317200.834,8088.287,460.065,414878.225,615918.009,79.51,67.359
Air India Express,scheduled_international,2023,4,7262.665,368248,1002871.945,1350855.696,2101.955,4.957,89706.166,129897.03,74.24,69.059
Alliance Air,scheduled_international,2023,4,11.328,1805,638.97,713.664,0.0,0.0,61.341,77.03,89.534,79.632
Go First,scheduled_international,2023,4,1431.0,85781,224682.0,266218.0,241.0,0.0,20875.0,27123.0,84.398,76.964
IndiGo,scheduled_international,2023,4,12784.05,809996,2017314.0,2475139.0,3095.763,0.0,187549.97,271609.3,81.503,69.051
SpiceJet,scheduled_international,2023,4,2588.904,154113,38694.312,48855.573,231.251,0.0,29542.391,49254.568,79.201,59.979
Vistara,scheduled_international,2023,4,3205.61,152006,531017.028,684571.018,1925.498,12.824,64593.069,68384.322,77.569,94.456
Air India,nonscheduled_domestic,2023,5,7.0,174,305.0,1262.2,6.6,0.0,34.4,110.1,24.164,31.244
AirAsia India,nonscheduled_domestic,2023,5,3.271,555,341.216,595.11,0.0,0.0,25.591,65.42,57.337,39.118
Alliance Air,nonscheduled_domestic,2023,5,0.886,308,250.292,441.286,0.085,0.0,22.848,44.795,56.719,51.007
Go First,nonscheduled_domestic,2023,5,6.0,1860,1074.708,1074.708,0.0,0.0,96.724,109.0,100.0,88.737
IndiGo,nonscheduled_domestic,2023,5,146.467,28941,20472.0,22744.0,2.931,0.537,1859.337,2642.376,90.011,70.366
India One Air,nonscheduled_domestic,2023,5,16.336,330,124.886,147.024,0.0,0.0,11.24,13.232,84.943,84.943
SpiceJet,nonscheduled_domestic,2023,5,76.906,1260,1013.303,1818.735,168.064,0.0,284.417,1427.068,55.715,19.93
Vistara,nonscheduled_domestic,2023,5,9.127,1033,808.908,1598.38,0.0,0.0,72.802,173.644,50.608,41.926
IndiGo,nonscheduled_international,2023,5,6.96,462,1608.0,1608.0,0.0,0.0,144.698,185.973,100.0,77.806
SpiceJet,nonscheduled_international,2023,5,137.565,447,1321.883,6467.202,133.894,0.0,338.934,2647.953,20.44,12.8
Air India,scheduled_domestic,2023,5,9412.968,1244034,1295355.337,1438816.354,7057.375,386.123,127858.826,154946.658,90.029,82.518
AirAsia India,scheduled_domestic,2023,5,6006.141,1040605,1010177.678,1088317.278,3503.971,317.695,80483.879,120122.82,92.82,67.001
Akasa Air,scheduled_domestic,2023,5,3362.354,629045,551087.0,604670.0,3884.552,0.0,48934.92,68948.431,91.138,70.973
Alliance Air,scheduled_domestic,2023,5,1406.74,184966,74060.872,92250.479,10.578,13.693,6750.399,9201.733,80.282,73.36
Flybig,scheduled_domestic,2023,5,194.0,16260,7146.601,13693.366,0.0,0.0,535.995,4281.838,52.19,12.518
Go First,scheduled_domestic,2023,5,268.0,48296,45710.0,49465.0,128.91,0.0,4246.0,5078.0,92.409,83.616
IndiGo,scheduled_domestic,2023,5,44505.18,8109626,7662400.0,8375201.0,24165.147,2102.418,720290.455,941689.169,91.489,76.489
India One Air,scheduled_domestic,2023,5,52.381,1434,396.961,471.429,0.0,0.0,35.726,42.429,84.204,84.204
SpiceJet,scheduled_domestic,2023,5,4816.164,719797,744361.645,785375.951,4343.031,0.0,60947.551,73296.793,94.778,83.152
Star Air,scheduled_domestic,2023,5,394.0,25597,17772.0,21881.0,0.0,0.0,1271.0,8678.0,81.221,14.646
Vistara,scheduled_domestic,2023,5,8113.8,1194522,1283096.456,1376246.621,6720.659,490.025,123899.141,144379.418,93.232,85.815
Air India,scheduled_international,2023,5,17606.928,657283,3686218.175,4436083.614,8373.035,476.0,446287.657,636599.423,83.096,70.105
Air India Express,scheduled_international,2023,5,7495.336,444759,1206214.557,1394132.571,2194.558,1.979,115157.511,140309.732,86.521,82.074
Alliance Air,scheduled_international,2023,5,12.744,1987,703.398,892.08,0.0,0.0,67.526,86.659,78.849,77.922
Go First,scheduled_international,2023,5,86.0,5159,13812.0,15973.0,16.169,0.0,1289.0,1627.0,86.471,79.226
IndiGo,scheduled_international,2023,5,13420.5,930414,2324782.0,2696188.0,3353.127,0.0,217344.847,285587.627,86.225,76.104
SpiceJet,scheduled_international,2023,5,2367.672,154993,385659.261,446158.296,190.92,0.0,29346.803,45293.392,86.44,64.793
Vistara,scheduled_international,2023,5,3320.922,162421,561979.265,708448.692,1906.947,12.33,59794.66,92914.641,79.325,64.354
AirAsia India,nonscheduled_domestic,2023,6,5.705,625,681.271,1048.032,0.0,0.0,51.095,114.1,65.005,44.781
Alliance Air,nonscheduled_domestic,2023,6,6.785,113,65.153,464.534,0.0,0.0,5.929,44.069,14.025,13.454
IndiGo,nonscheduled_domestic,2023,6,137.27,28774,19812.0,21163.0,1.772,0.0,1792.662,2441.7,93.616,73.419
India One Air,nonscheduled_domestic,2023,6,21.202,380,150.073,190.818,0.0,0.0,13.507,17.176,78.647,78.635
SpiceJet,nonscheduled_domestic,2023,6,77.042,1005,782.425,1080.168,157.212,0.0,267.382,1353.372,72.435,19.757
Vistara,nonscheduled_domestic,2023,6,4.116,500,686.0,718.928,0.0,0.0,61.74,77.93,95.42,79.225
Air India Express,nonscheduled_international,2023,6,0.277,9748,39.69,51.48,0.0,0.0,3784.266,4850.62,77.098,78.016
SpiceJet,nonscheduled_international,2023,6,546.356,21288,84392.47,92387.034,243.283,0.0,6718.228,13954.306,91.347,48.144
Vistara,nonscheduled_international,2023,6,135.895,13186,19224.944,24461.1,0.0,0.0,2018.619,2717.9,78.594,74.271
Air India,scheduled_domestic,2023,6,9259.199,1212719,1254675.02,1421735.906,6885.03,429.118,123373.137,153218.862,88.25,80.521
AirAsia India,scheduled_domestic,2023,6,6018.088,1003619,1001160.575,1090574.982,3599.01,335.392,79920.951,120361.76,91.801,66.401
Akasa Air,scheduled_domestic,2023,6,3593.997,618053,588786.425,646246.46,3723.619,0.0,52680.206,73698.502,91.109,71.481
Alliance Air,scheduled_domestic,2023,6,1225.92,144033,58587.737,79738.924,11.874,9.467,5341.105,7986.161,73.474,66.88
Flybig,scheduled_domestic,2023,6,205.0,22277,9058.0,15522.0,0.0,0.0,592.0,4354.0,58.356,13.597
IndiGo,scheduled_domestic,2023,6,43738.8,7893296,7501735.0,8254272.0,23522.604,2382.99,705104.777,928704.934,90.883,75.923
India One Air,scheduled_domestic,2023,6,54.263,1376,381.066,488.367,0.0,0.0,32.296,43.953,78.029,73.478
SpiceJet,scheduled_domestic,2023,6,3743.767,555248,546278.52,583707.388,3895.126,0.0,45488.877,53885.206,93.588,84.418
Star Air,scheduled_domestic,2023,6,652.46,24554,16919.648,23468.149,0.0,0.0,1522.768,9401.502,72.096,16.197
Vistara,scheduled_domestic,2023,6,7073.169,1011426,1110888.706,1193840.268,6041.564,439.786,107270.833,124090.631,93.052,86.446
Air India,scheduled_international,2023,6,17705.297,679701,3910076.324,4462451.278,9561.288,454.721,470621.075,638720.59,87.622,73.682
Air India Express,scheduled_international,2023,6,7027.877,402310,1073445.684,1307185.137,2075.816,2.422,105088.559,137467.569,82.119,76.446
Alliance Air,scheduled_international,2023,6,12.036,1994,705.876,842.52,0.0,0.0,67.764,81.845,83.782,82.796
IndiGo,scheduled_international,2023,6,13758.0,945202,2407633.0,2816275.0,2577.334,0.0,221717.133,289337.329,85.49,76.629
SpiceJet,scheduled_international,2023,6,1679.354,109806,261282.184,315936.498,125.567,0.0,19880.147,31265.448,82.701,63.585
Vistara,scheduled_international,2023,6,3542.448,174008,656749.138,784730.838,2339.66,11.565,69635.41,103823.552,83.691,67.071
Alliance Air,nonscheduled_domestic,2023,7,1.713,50,12.45,119.91,0.0,0.0,1.133,11.392,10.383,9.946
IndiGo,nonscheduled_domestic,2023,7,148.516,28925,20326.0,22992.0,6.488,0.408,1837.941,2653.57,88.405,69.263
India One Air,nonscheduled_domestic,2023,7,15.477,258,96.238,139.293,0.0,0.0,8.661,12.536,69.09,69.09
SpiceJet,nonscheduled_domestic,2023,7,61.995,487,387.772,678.249,167.69,0.0,249.392,1096.614,57.173,22.742
Air India Express,nonscheduled_international,2023,7,172.4,8473,25695.693,32066.499,0.0,0.0,2599.776,2865.846,80.133,90.716
SpiceJet,nonscheduled_international,2023,7,499.284,19728,75510.822,82880.037,210.589,0.0,6005.426,12535.453,91.109,47.908
Vistara,nonscheduled_international,2023,7,276.579,13016,37843.676,49784.22,0.0,0.0,3973.586,5531.58,76.015,71.835
Air India,scheduled_domestic,2023,7,9527.615,1198026,1224824.835,1455026.202,6405.064,521.905,120397.65,156178.979,84.179,77.09
AirAsia India,scheduled_domestic,2023,7,6112.899,901471,911407.705,1107885.57,4192.557,322.336,74050.873,122257.98,82.266,60.569
Akasa Air,scheduled_domestic,2023,7,3861.915,624086,601639.694,694445.685,4263.387,0.0,54008.019,79192.429,86.636,68.198
Alliance Air,scheduled_domestic,2023,7,1144.864,123706,50629.716,74161.581,12.537,3.958,4613.808,7441.39,68.269,62.002
Flybig,scheduled_domestic,2023,7,228.0,24935,9494.36,16065.448,0.0,0.0,712.0,5026.6,59.098,14.165
IndiGo,scheduled_domestic,2023,7,45403.725,7674890,7174855.0,8577184.0,24885.787,2585.005,677636.009,965720.268,83.65,70.169
India One Air,scheduled_domestic,2023,7,32.117,783,212.368,289.053,0.0,0.0,19.113,26.015,73.47,73.47
SpiceJet,scheduled_domestic,2023,7,3679.561,504227,502870.518,565941.674,3127.829,0.0,41254.332,51799.934,88.856,79.642
Star Air,scheduled_domestic,2023,7,19219.424,28405,19496.293,27522.63,0.0,0.0,1754.666,10587.522,70.837,16.573
Vistara,scheduled_domestic,2023,7,7543.978,1019501,1110647.261,1277100.432,6830.812,396.797,109126.918,132927.878,86.966,82.095
Air India,scheduled_international,2023,7,18468.82,690192,3994458.433,4676722.71,9043.116,454.122,480445.5,671282.153,85.411,71.571
Air India Express,scheduled_international,2023,7,7248.726,407541,1089461.21,1348263.11,2141.924,2.477,104186.855,138565.9,80.805,75.189
Alliance Air,scheduled_international,2023,7,16.992,2713,960.402,1189.44,0.0,0.0,92.199,115.546,80.744,79.794
IndiGo,scheduled_international,2023,7,14693.313,991209,2546874.0,3034170.0,2257.582,0.0,234642.111,310738.941,83.94,75.511
SpiceJet,scheduled_international,2023,7,1978.382,134857,316558.025,372306.096,136.827,0.0,24053.448,36257.184,85.026,66.341
Vistara,scheduled_international,2023,7,3542.448,174008,656749.138,784730.838,2052.469,10.477,69635.41,103823.552,83.691,67.071
AirAsia India,nonscheduled_domestic,2023,8,0.552,8,2.0,99.0,0.0,0.0,0.166,11.0,2.02,1.505
Alliance Air,nonscheduled_domestic,2023,8,3.739,11,7.139,261.73,0.0,0.0,0.65,24.864,2.728,2.613
IndiGo,nonscheduled_domestic,2023,8,120.64,26467,14916.0,18033.0,0.254,0.055,1338.792,2091.1,82.715,64.023
India One Air,nonscheduled_domestic,2023,8,19.929,258,98.499,179.361,0.0,0.0,8.865,16.142,54.917,54.917
SpiceJet,nonscheduled_domestic,2023,8,62.626,518,524.927,708.642,104.552,0.0,171.23,1118.23,74.075,15.313
Vistara,nonscheduled_domestic,2023,8,0.464,174,40.368,83.52,0.0,0.0,3.633,9.28,48.333,39.15
Air India Express,nonscheduled_international,2023,8,13.78,870,1998.0,2563.0,0.0,0.0,203.542,255.515,77.956,79.66
SpiceJet,nonscheduled_international,2023,8,143.29,1887,6219.536,7051.278,94.75,0.0,649.62,3073.013,88.204,21.14
Air India,scheduled_domestic,2023,8,9580.807,1211611,1236685.398,1462597.828,6831.592,649.095,121971.072,156659.838,84.554,77.857
AirAsia India,scheduled_domestic,2023,8,5964.0,878453,890073.0,1080183.0,4292.308,336.427,72500.0,119289.0,82.4,60.777
Akasa Air,scheduled_domestic,2023,8,3460.018,526972,544498.0,623918.0,3751.87,0.0,48844.15,70951.1,87.271,68.842
Alliance Air,scheduled_domestic,2023,8,1110.781,124526,50562.014,72269.417,30.451,5.992,4616.606,7228.323,69.963,63.868
Flybig,scheduled_domestic,2023,8,225.0,23400,9210.82,15814.054,0.0,0.0,690.81,4958.58,58.245,13.932
IndiGo,scheduled_domestic,2023,8,46180.841,7867259,7329671.0,8768287.0,23954.042,2608.121,690303.17,987290.31,83.593,69.919
India One Air,scheduled_domestic,2023,8,47.662,1174,323.476,428.958,0.0,0.0,29.113,38.606,75.41,75.41
SpiceJet,scheduled_domestic,2023,8,3689.829,541051,533081.279,586678.785,3269.608,0.0,43587.579,54790.586,90.864,79.553
Star Air,scheduled_domestic,2023,8,486.322,31538,21696.698,28193.818,0.0,0.0,1952.703,28193.818,76.956,6.926
Vistara,scheduled_domestic,2023,8,8482.307,1216689,1318118.448,1444073.452,7099.862,489.382,128187.004,150903.654,91.278,84.946
Air India,scheduled_international,2023,8,18670.436,679775,3949304.096,4705022.044,10218.109,405.216,485259.41,670913.482,83.938,72.328
Air India Express,scheduled_international,2023,8,7572.508,417544,1130480.53,1408486.56,2429.526,2.381,111115.192,142406.804,80.262,78.027
Alliance Air,scheduled_international,2023,8,21.948,3563,1261.302,1536.36,0.0,0.0,121.085,149.246,82.097,81.131
IndiGo,scheduled_international,2023,8,15655.561,991173,2594303.0,3199091.0,2344.762,0.0,239034.964,329829.871,81.095,72.472
SpiceJet,scheduled_international,2023,8,2292.255,140666,346783.889,431378.523,145.999,0.0,26342.227,42399.116,80.39,62.129
Vistara,scheduled_international,2023,8,3540.206,171277,640608.995,777979.518,2136.898,7.62,67933.303,106622.263,82.343,63.714
AirAsia India,nonscheduled_domestic,2023,9,1.0,347,152.0,233.0,0.0,0.0,11.0,25.0,65.236,44.0
Alliance Air,nonscheduled_domestic,2023,9,4.668,24,40.209,326.76,0.382,0.0,3.829,31.042,12.305,12.335
IndiGo,nonscheduled_domestic,2023,9,111.382,26117,14563.0,16707.0,0.462,0.002,1309.796,1928.232,87.167,67.927
India One Air,nonscheduled_domestic,2023,9,11.753,166,61.877,105.777,0.0,0.0,5.569,9.52,58.498,58.498
SpiceJet,nonscheduled_domestic,2023,9,83.481,1374,945.677,1821.345,183.701,0.0,311.749,1497.94,51.922,20.812
Vistara,nonscheduled_domestic,2023,9,5.383,102,180.344,882.812,0.0,0.0,16.231,90.434,20.428,17.948
Air India,nonscheduled_international,2023,9,14.868,528,4012.964,5084.856,0.0,0.0,300.972,856.397,78.92,35.144
SpiceJet,nonscheduled_international,2023,9,177.202,1080,3770.044,3920.508,160.433,0.0,588.499,3365.852,96.162,17.484
Vistara,nonscheduled_international,2023,9,2.621,9,23.589,429.844,0.0,0.0,2.477,44.033,5.488,5.625
Air India,scheduled_domestic,2023,9,9263.917,1174442,1200419.376,1413616.802,7037.924,530.816,118846.439,150748.446,84.918,78.838
Air India Express,scheduled_domestic,2023,9,147.22,23727,20893.17,27382.66,3.597,0.0,285.04,375.38,76.301,75.934
AirAsia India,scheduled_domestic,2023,9,80.0,815677,823615.0,998256.0,3888.865,292.828,67006.008,110334.0,82.505,60.73
Akasa Air,scheduled_domestic,2023,9,3270.0,517170,527077.0,598468.0,3240.44,43.42,46816.42,67049.0,88.071,69.824
Alliance Air,scheduled_domestic,2023,9,1072.314,119632,48241.523,70317.919,24.978,3.734,4402.678,7014.359,68.605,62.767
Flybig,scheduled_domestic,2023,9,203.773,24624,9622.26,13344.33,0.0,0.0,721.67,4187.23,72.107,17.235
IndiGo,scheduled_domestic,2023,9,45232.329,7769790,7273812.0,8587877.0,22609.412,2197.983,683045.823,966250.898,84.699,70.69
India One Air,scheduled_domestic,2023,9,59.052,1511,430.538,531.468,0.0,0.0,38.748,47.832,81.009,81.009
SpiceJet,scheduled_domestic,2023,9,3729.657,544605,537851.403,588645.228,3129.27,0.0,43846.74,54981.134,91.371,79.749
Star Air,scheduled_domestic,2023,9,451.015,25965,18810.917,25766.664,0.0,0.0,1692.983,25766.664,73.005,6.57
Vistara,scheduled_domestic,2023,9,8468.408,1229406,1330166.894,1446308.144,6844.484,449.269,128902.933,151742.324,91.97,84.949
Air India,scheduled_international,2023,9,17895.466,654636,3796918.217,4504174.29,11443.286,348.314,476192.037,642382.775,84.298,74.129
Air India Express,scheduled_international,2023,9,7310.06,366910,992059.42,1359671.33,1929.014,0.814,96228.29,129596.6,72.963,74.252
Alliance Air,scheduled_international,2023,9,21.24,3135,1109.79,1486.8,0.0,0.0,106.54,144.432,74.643,73.765
IndiGo,scheduled_international,2023,9,15109.861,942018,2435947.0,3096337.0,2060.187,0.0,224025.773,317843.003,78.672,70.483
SpiceJet,scheduled_international,2023,9,2133.275,134027,322548.056,399752.517,156.944,0.0,24544.041,38690.96,80.687,63.436
Vistara,scheduled_international,2023,9,3523.536,169239,619926.235,773087.931,2061.394,5.819,65763.153,105499.584,80.188,62.335
Air India Express,nonscheduled_domestic,2023,10,17.47,2076,1103.354,3249.406,0.0,0.0,152.53,266.542,33.956,57.226
Akasa Air,nonscheduled_domestic,2023,10,2.0,197,203.0,378.0,0.0,0.0,20.18,44.51,53.704,45.338
Alliance Air,nonscheduled_domestic,2023,10,6.458,223,86.405,355.81,0.0,0.0,7.863,33.058,24.284,23.785
IndiGo,nonscheduled_domestic,2023,10,114.065,26507,14563.0,16911.0,0.025,0.148,1310.811,1942.829,86.116,67.469
India One Air,nonscheduled_domestic,2023,10,2.304,28,4.032,20.736,0.0,0.0,0.363,1.866,19.444,19.444
SpiceJet,nonscheduled_domestic,2023,10,123.873,3512,2739.343,5847.741,197.769,0.0,448.367,1983.717,46.844,22.602
Vistara,nonscheduled_domestic,2023,10,57.844,1022,2472.461,9776.096,0.0,0.0,222.521,1025.728,25.291,21.694
SpiceJet,nonscheduled_international,2023,10,242.679,4796,14732.013,20634.264,568.486,0.0,2346.756,6454.68,71.396,36.357
Air India,scheduled_domestic,2023,10,9449.095,1222165,1263861.645,1470628.264,7505.039,546.353,125119.328,157501.521,85.94,79.44
Air India Express,scheduled_domestic,2023,10,571.028,106111,87592.316,106211.14,40.21,0.0,7184.158,9899.61,82.47,72.57
AirAsia India,scheduled_domestic,2023,10,85.434,832328,849790.014,1019251.062,4185.511,269.114,69518.038,112765.76,83.374,61.648
Akasa Air,scheduled_domestic,2023,10,3381.0,524439,540645.0,624195.0,3772.901,148.137,48722.79,69336.8,86.615,70.27
Alliance Air,scheduled_domestic,2023,10,1128.028,129759,53137.492,74085.689,24.303,7.401,4850.24,7360.558,71.724,65.895
Flybig,scheduled_domestic,2023,10,153.839,18700,7041.92,9723.69,0.0,0.0,528.14,3056.6,72.42,17.279
IndiGo,scheduled_domestic,2023,10,47611.531,7907253,7524483.0,9033506.0,22976.003,2163.425,705906.41,1015647.869,83.295,69.503
India One Air,scheduled_domestic,2023,10,75.302,1813,535.865,677.718,0.0,0.0,48.228,60.995,79.069,79.069
SpiceJet,scheduled_domestic,2023,10,4294.722,627964,637102.645,706941.238,2490.705,0.0,50539.2,65362.456,90.121,77.321
Star Air,scheduled_domestic,2023,10,527.0,35635,23643.842,31235.65,0.0,0.0,2127.948,31864.862,75.695,6.678
Vistara,scheduled_domestic,2023,10,8663.237,1230575,1318667.722,1478793.688,7189.357,436.593,128108.84,155400.72,89.172,82.438
Air India,scheduled_international,2023,10,18625.764,694937,3941559.95,4684543.532,12343.313,328.251,499547.149,670365.988,84.14,74.519
Air India Express,scheduled_international,2023,10,7425.56,387544,1041403.62,1381154.2,2178.966,0.321,99597.435,136273.927,75.401,73.086
Alliance Air,scheduled_international,2023,10,21.948,2858,1011.732,1536.36,0.0,0.0,97.126,149.246,65.853,65.078
IndiGo,scheduled_international,2023,10,15341.666,979883,2526128.0,3169415.0,2181.679,0.0,232578.03,323664.408,79.703,71.858
SpiceJet,scheduled_international,2023,10,2321.018,149804,353648.383,435683.948,408.046,0.0,27388.52,41799.632,81.171,65.523
Vistara,scheduled_international,2023,10,3781.702,182360,654846.611,818662.454,2228.902,8.509,69435.654,110725.891,79.99,62.71
Air India,nonscheduled_domestic,2023,11,14.3,492,326.714,1465.272,0.0,0.0,24.504,131.493,22.297,18.635
AirAsia India,nonscheduled_domestic,2023,11,0.533,165,87.945,95.94,0.0,0.0,6.596,10.66,91.667,61.875
Akasa Air,nonscheduled_domestic,2023,11,10.0,715,601.0,1763.0,1.618,0.0,70.27,198.03,34.09,35.485
Alliance Air,nonscheduled_domestic,2023,11,1.707,45,11.205,39.3,0.0,0.0,1.02,3.114,28.511,32.747
IndiGo,nonscheduled_domestic,2023,11,112.541,26243,14555.0,16728.0,0.224,0.2,1310.133,1929.529,87.01,67.899
India One Air,nonscheduled_domestic,2023,11,2.592,43,6.192,23.328,0.0,0.0,0.557,2.1,26.543,26.543
SpiceJet,nonscheduled_domestic,2023,11,68.134,3569,3206.407,5355.417,85.49,0.0,345.472,1140.228,59.872,30.298
Vistara,nonscheduled_domestic,2023,11,33.816,2378,3011.642,5832.944,0.0,0.0,271.048,622.755,51.632,43.524
Air India,nonscheduled_international,2023,11,5.108,315,804.51,919.44,0.0,0.0,60.338,80.196,87.5,75.238
SpiceJet,nonscheduled_international,2023,11,203.304,1981,8139.758,12102.804,214.931,0.0,1143.545,4636.924,67.255,24.662
Air India,scheduled_domestic,2023,11,8888.424,1189143,1224911.359,1434987.478,7206.43,586.181,121734.287,155667.002,85.36,78.202
Air India Express,scheduled_domestic,2023,11,4.061,145064,137357.158,170747.759,265.631,0.0,10483.871,18776.9,80.444,55.834
AirAsia India,scheduled_domestic,2023,11,78.529,835856,846100.908,991720.722,3536.812,258.261,67991.033,109742.12,85.316,61.955
Akasa Air,scheduled_domestic,2023,11,3299.0,536309,544841.0,609381.0,3274.651,216.512,48894.42,67640.17,89.409,72.286
Alliance Air,scheduled_domestic,2023,11,1031.894,123592,50002.641,68511.677,14.195,4.477,4558.853,6808.367,72.984,66.96
Flybig,scheduled_domestic,2023,11,44.47,3831,1453.07,2139.0,0.0,0.0,108.98,673.04,67.932,16.192
IndiGo,scheduled_domestic,2023,11,45602.377,7876294,7438226.0,8686021.0,22315.36,2301.954,697283.484,973710.723,85.634,71.611
India One Air,scheduled_domestic,2023,11,100.026,2523,765.768,900.234,0.0,0.0,68.919,81.021,85.063,85.063
SpiceJet,scheduled_domestic,2023,11,5183.983,784533,799382.428,880515.332,3249.261,0.0,63803.806,82912.672,90.786,76.953
Star Air,scheduled_domestic,2023,11,558.03,41018,26776.415,34069.376,0.0,0.0,2381.764,33619.576,78.594,7.084
Vistara,scheduled_domestic,2023,11,8482.604,1197231,1285031.061,1438035.308,6635.758,420.611,124386.806,150384.297,89.36,82.713
Air India,scheduled_international,2023,11,18659.239,718039,3957527.645,4653777.28,11654.903,342.968,497545.001,666035.797,85.039,74.702
Air India Express,scheduled_international,2023,11,7307.598,406427,1092165.38,1359213.18,2038.502,1.519,99560.721,129711.254,80.353,76.756
Alliance Air,scheduled_international,2023,11,19.116,2077,735.258,1338.12,0.0,0.0,70.585,129.989,54.947,54.301
IndiGo,scheduled_international,2023,11,15778.056,1045823,2728572.0,3257403.0,2196.021,0.0,250824.758,332618.184,83.765,75.409
SpiceJet,scheduled_international,2023,11,2290.4,152465,356342.222,432127.332,25.721,0.0,26789.678,42884.744,82.462,62.469
Vistara,scheduled_international,2023,11,4083.348,203076,732745.259,894519.066,2558.2,11.23,77613.265,119357.608,81.915,65.026
Air India,nonscheduled_domestic,2023,12,54.369,8782,5296.768,7730.82,2.578,0.0,401.014,706.126,68.515,56.791
AirAsia India,nonscheduled_domestic,2023,12,1.301,182,133.674,595.26,14.0,0.0,10.026,66.14,22.456,15.158
Akasa Air,nonscheduled_domestic,2023,12,6.0,916,813.0,1051.0,0.0,0.0,70.21,115.32,77.355,60.883
Alliance Air,nonscheduled_domestic,2023,12,3.689,153,79.3,237.77,0.0,0.0,7.216,22.43,33.352,32.172
IndiGo,nonscheduled_domestic,2023,12,115.83,29645,16395.0,17113.0,0.002,0.0,1476.519,1966.974,95.804,75.066
India One Air,nonscheduled_domestic,2023,12,2.592,95,13.68,23.328,0.0,0.0,1.231,2.1,58.642,58.642
SpiceJet,nonscheduled_domestic,2023,12,92.607,3767,3384.974,4714.491,262.584,0.0,599.883,1652.952,71.799,36.292
Vistara,nonscheduled_domestic,2023,12,1.545,147,227.115,278.1,0.0,0.0,20.44,31.0,81.667,65.937
Air India,nonscheduled_international,2023,12,9.476,307,659.436,773.28,0.0,0.0,49.458,67.448,85.278,73.327
SpiceJet,nonscheduled_international,2023,12,236.313,551,1165.965,1198.449,821.678,0.0,2029.356,4496.288,97.289,45.134
Air India,scheduled_domestic,2023,12,9556.782,1339630,1374497.465,1553528.63,7141.111,658.688,135443.711,169863.163,88.476,79.737
Air India Express,scheduled_domestic,2023,12,1194.0,204851,184082.959,220696.393,258.004,0.0,14131.549,24399.9,83.41,57.916
AirAsia India,scheduled_domestic,2023,12,5415.975,852107,870455.939,976670.832,3611.325,272.653,69955.366,108319.5,89.125,64.582
Akasa Air,scheduled_domestic,2023,12,3576.0,602655,618954.0,659206.0,3638.46,251.22,55765.53,73332.94,93.894,76.044
Alliance Air,scheduled_domestic,2023,12,1056.725,130927,53599.753,69571.362,10.563,4.301,4884.488,6891.3,77.043,70.879
Flybig,scheduled_domestic,2023,12,13.7,206,61.66,247.0,0.0,0.0,4.62,82.33,24.964,5.612
IndiGo,scheduled_domestic,2023,12,46801.986,8526055,8081248.0,8913277.0,23462.149,2431.833,756611.938,999346.354,90.665,75.711
India One Air,scheduled_domestic,2023,12,98.501,2588,789.555,886.905,0.0,0.0,71.06,79.786,89.024,89.063
SpiceJet,scheduled_domestic,2023,12,4974.617,771972,791503.174,846670.164,2436.025,0.0,62249.189,78987.028,93.484,78.809
Star Air,scheduled_domestic,2023,12,592.579,48813,30469.666,36665.122,0.0,0.0,2742.27,36665.122,83.103,7.479
Vistara,scheduled_domestic,2023,12,8922.878,1317548,1406772.322,1508457.24,6510.727,486.511,135360.142,157654.72,93.259,85.859
Air India,scheduled_international,2023,12,20054.594,802809,4483980.883,4995523.334,12194.812,321.773,553152.716,715376.877,89.76,77.323
Air India Express,scheduled_international,2023,12,7995.449,431203,1182600.39,1487153.57,1257.617,0.0,60335.319,79139.557,79.521,76.239
Alliance Air,scheduled_international,2023,12,18.408,2571,910.134,1288.56,0.0,0.0,87.373,125.174,70.632,69.801
IndiGo,scheduled_international,2023,12,16339.448,1123465,2941324.0,3354038.0,2055.928,0.0,269464.806,341740.822,87.695,78.851
SpiceJet,scheduled_international,2023,12,2576.242,176486,427460.339,486034.139,37.906,0.0,32140.246,49458.892,87.949,64.984
Vistara,scheduled_international,2023,12,4849.5,244991,900744.147,1057187.232,2969.789,4.557,95252.752,106692.945,85.202,89.277
AIX Connect,nonscheduled_domestic,2024,1,5.087,896,789.712,928.71,0.0,0.0,59.228,101.74,85.033,58.215
Air India,nonscheduled_domestic,2024,1,60.126,13099,7447.241,9725.028,0.0,0.0,558.543,942.936,76.578,59.234
Air India Express,nonscheduled_domestic,2024,1,0.552,12,3.312,104.328,0.0,0.0,0.248,11.04,3.175,2.25
Akasa Air,nonscheduled_domestic,2024,1,5.439,1046,782.474,994.956,0.868,0.0,67.333,111.532,78.644,60.371
Alliance Air,nonscheduled_domestic,2024,1,4.654,88,48.334,191.486,0.0,0.0,4.398,24.762,25.242,17.762
IndiGo,nonscheduled_domestic,2024,1,175.973,25657,14839.0,17547.0,469.032,2.454,1872.06,3332.537,84.567,56.175
India One Air,nonscheduled_domestic,2024,1,2.304,49,7.056,20.736,0.0,0.0,0.635,1.866,34.028,34.03
SpiceJet,nonscheduled_domestic,2024,1,90.116,4074,2861.54,3916.26,137.645,0.0,407.429,1605.314,73.068,25.38
Vistara,nonscheduled_domestic,2024,1,1.736,295,256.06,312.48,0.0,0.0,23.045,34.72,81.944,66.375
SpiceJet,nonscheduled_international,2024,1,214.913,559,1075.701,1091.097,216.455,0.0,556.856,4089.12,98.589,13.618
AIX Connect,scheduled_domestic,2024,1,5223.556,802969,824479.344,941483.042,3252.917,268.917,66134.961,104471.12,87.572,63.305
Air India,scheduled_domestic,2024,1,9445.749,1336709,1355378.453,1537646.658,6753.276,638.335,133194.869,169915.283,88.146,78.389
Air India Express,scheduled_domestic,2024,1,1581.041,262203,234850.598,282903.558,436.789,0.0,17736.329,31620.82,83.014,56.091
Akasa Air,scheduled_domestic,2024,1,3581.472,595767,610078.526,660333.044,3616.469,239.456,54845.659,73441.665,92.39,74.679
Alliance Air,scheduled_domestic,2024,1,1016.259,132650,53130.559,66318.095,10.971,2.516,4841.438,6722.751,80.115,72.016
Flybig,scheduled_domestic,2024,1,8.73,84,25.47,165.93,0.0,0.0,1.91,52.4,15.35,3.645
IndiGo,scheduled_domestic,2024,1,43776.94,7908647,7362463.0,8333257.0,22149.242,2515.137,705150.819,933735.133,88.35,75.519
India One Air,scheduled_domestic,2024,1,95.463,2411,734.601,859.167,0.0,0.0,66.114,77.325,85.502,85.501
SpiceJet,scheduled_domestic,2024,1,4549.914,740084,723701.856,772698.542,2503.698,0.0,57137.523,72811.724,93.659,78.473
Star Air,scheduled_domestic,2024,1,614.297,46974,29271.58,38275.728,0.0,0.0,2634.442,35195.593,76.476,7.485
Vistara,scheduled_domestic,2024,1,8754.576,1303105,1392873.435,1478119.988,6340.482,424.724,133778.043,154330.434,94.233,86.683
Air India,scheduled_international,2024,1,20173.116,800640,4506164.584,5032369.794,10800.317,307.228,542350.914,724552.436,89.544,74.853
Air India Express,scheduled_international,2024,1,8207.013,465221,1266397.972,1533175.608,1090.158,0.0,95075.386,163626.18,82.6,58.105
Alliance Air,scheduled_international,2024,1,21.948,3380,1196.52,1382.724,0.0,0.0,114.866,149.246,86.534,76.964
IndiGo,scheduled_international,2024,1,15282.28,1036470,2729974.0,3175568.0,3355.893,10.647,255998.26,321777.864,85.968,79.557
SpiceJet,scheduled_international,2024,1,2746.148,185778,455075.526,517869.708,681.743,0.0,35692.393,51447.464,87.875,69.376
Vistara,scheduled_international,2024,1,4847.276,238354,871664.563,1052123.236,2814.212,3.94,92199.807,140597.663,82.848,65.577
AIX Connect,nonscheduled_domestic,2024,2,3.0,349,358.0,484.0,0.0,0.0,27.0,54.0,73.967,50.0
Air India,nonscheduled_domestic,2024,2,58.945,15055,8667.719,9523.686,0.1,0.0,650.141,933.315,91.012,69.659
Akasa Air,nonscheduled_domestic,2024,2,0.444,139,61.716,77.256,0.041,0.036,4.773,9.105,79.885,52.427
Alliance Air,nonscheduled_domestic,2024,2,4.924,126,68.213,259.651,0.0,0.0,6.207,28.903,26.271,21.477
IndiGo,nonscheduled_domestic,2024,2,185.426,24636,13572.0,15785.0,404.813,5.119,1745.874,3588.978,85.98,48.645
India One Air,nonscheduled_domestic,2024,2,2.304,34,4.896,20.736,0.0,0.0,0.441,1.866,23.611,23.611
SpiceJet,nonscheduled_domestic,2024,2,89.88,4900,4293.353,5658.169,103.888,0.0,440.469,1601.134,75.879,27.51
Vistara,nonscheduled_domestic,2024,2,1.78,331,294.59,320.4,0.0,0.0,26.513,35.6,91.944,74.475
SpiceJet,nonscheduled_international,2024,2,149.983,1414,3611.356,3853.986,123.578,0.0,575.028,2859.893,93.704,20.107
AIX Connect,scheduled_domestic,2024,2,5015.671,768022,791997.592,904055.772,3125.951,256.138,63500.419,100313.42,87.605,63.302
Air India,scheduled_domestic,2024,2,9308.26,1332374,1337410.882,1515858.63,7608.271,778.261,132970.609,171173.907,88.228,77.682
Air India Express,scheduled_domestic,2024,2,1748.057,284271,252814.09,310031.77,471.757,0.0,19505.304,34961.14,81.545,55.791
Akasa Air,scheduled_domestic,2024,2,3350.315,567507,570497.194,619665.66,3561.758,183.496,50736.092,68692.496,92.065,73.86
Alliance Air,scheduled_domestic,2024,2,994.004,129279,51364.544,64966.573,13.259,0.252,4680.63,6567.235,79.063,71.272
Flybig,scheduled_domestic,2024,2,16.52,362,116.0,469.0,0.0,0.0,6.26,148.06,24.733,4.228
IndiGo,scheduled_domestic,2024,2,42851.375,7602018,7143171.0,8111327.0,22300.434,2731.546,675646.93,908820.097,88.064,74.343
India One Air,scheduled_domestic,2024,2,90.441,2269,699.66,813.97,0.0,0.0,62.97,73.257,85.956,85.957
SpiceJet,scheduled_domestic,2024,2,4096.594,658810,656272.964,694712.824,3099.105,0.0,52793.771,64822.441,94.467,81.444
Star Air,scheduled_domestic,2024,2,604.859,47163,29669.571,38664.324,0.0,0.0,2670.261,35251.992,76.736,7.575
Vistara,scheduled_domestic,2024,2,8367.314,1255231,1333499.635,1409682.192,6144.95,408.79,128203.188,147023.835,94.596,87.199
Air India,scheduled_international,2024,2,18919.651,757419,4268622.556,4756505.532,12208.69,273.025,530866.826,688636.452,89.743,77.09
Air India Express,scheduled_international,2024,2,8008.0,432768,1181479.842,1491636.33,3156.454,0.0,87972.285,156117.44,79.207,56.35
Alliance Air,scheduled_international,2024,2,20.532,2879,1019.166,1293.516,0.0,0.0,97.84,139.618,78.79,70.077
IndiGo,scheduled_international,2024,2,14307.148,966048,2507610.0,2942024.0,3435.09,9.972,235608.97,302059.087,85.234,78.001
SpiceJet,scheduled_international,2024,2,2195.694,153194,369137.603,413606.031,205.5,0.0,28154.468,40706.768,89.249,69.164
Vistara,scheduled_international,2024,2,4690.21,232198,852918.853,1014620.726,3043.337,3.581,90232.165,135123.296,84.063,66.778
AIX Connect,nonscheduled_domestic,2024,3,4.178,1114,512.404,752.04,0.0,0.0,38.43,83.56,68.135,45.991
Air India,nonscheduled_domestic,2024,3,265.467,25531,20736.29,30340.754,23.013,0.0,1585.534,3426.593,68.345,46.271
Air India Express,nonscheduled_domestic,2024,3,0.552,10,2.76,97.152,0.0,0.0,0.207,11.04,2.841,1.875
Akasa Air,nonscheduled_domestic,2024,3,2.429,162,186.205,459.081,0.0,0.0,19.184,49.809,40.56,38.516
Alliance Air,nonscheduled_domestic,2024,3,7.393,494,270.739,421.326,0.0,0.0,24.637,49.164,64.259,50.113
IndiGo,nonscheduled_domestic,2024,3,238.433,26906,15713.0,18288.0,719.852,13.174,2450.938,4759.075,85.92,51.5
India One Air,nonscheduled_domestic,2024,3,2.304,54,7.776,23.328,0.0,0.0,0.7,2.1,33.333,33.333
SpiceJet,nonscheduled_domestic,2024,3,87.197,1158,698.471,874.272,440.49,0.0,565.534,1562.5,79.892,36.194
Vistara,nonscheduled_domestic,2024,3,10.203,778,898.226,1804.988,0.0,0.0,80.84,197.75,49.764,40.88
SpiceJet,nonscheduled_international,2024,3,205.817,0,0.0,0.0,867.337,0.0,1755.26,3910.523,0.0,44.886
AIX Connect,scheduled_domestic,2024,3,5198.0,769891,797436.0,936995.0,3252.917,268.917,63997.174,103969.98,85.106,61.554
Air India,scheduled_domestic,2024,3,10092.625,1409012,1398790.812,1640186.696,7749.974,606.631,138238.516,186809.303,85.282,74.0
Air India Express,scheduled_domestic,2024,3,2358.713,338108,328731.971,412689.656,435.427,0.0,17241.334,40932.38,79.656,42.122
Akasa Air,scheduled_domestic,2024,3,3640.349,590036,597601.783,675453.281,3706.486,168.31,53400.513,74648.997,88.474,71.535
Alliance Air,scheduled_domestic,2024,3,1100.836,140154,55778.509,71425.846,13.108,0.23,5082.26,7222.909,78.093,70.363
Fly91,scheduled_domestic,2024,3,19.938,1351,693.496,1395.66,0.0,0.0,69.35,116.396,49.689,59.581
Flybig,scheduled_domestic,2024,3,32.723,968,242.848,621.737,0.0,0.0,18.214,196.338,39.06,9.277
IndiGo,scheduled_domestic,2024,3,47139.535,8085844,7615079.0,8965879.0,23970.92,2490.429,720457.928,1005433.603,84.934,71.656
India One Air,scheduled_domestic,2024,3,104.938,2620,812.498,944.442,0.0,0.0,73.125,85.0,86.029,86.029
SpiceJet,scheduled_domestic,2024,3,4493.555,702476,709538.813,765060.11,3133.968,0.0,56841.488,72015.516,92.743,78.93
Star Air,scheduled_domestic,2024,3,655.751,43270,27502.298,41939.212,0.0,0.0,2475.207,35860.304,65.577,6.902
Vistara,scheduled_domestic,2024,3,8843.67,1283738,1375526.465,1488942.789,6352.264,405.755,119408.973,139327.22,92.383,85.704
Air India,scheduled_international,2024,3,19966.883,785383,4477650.1,5058825.092,13720.013,261.622,560860.99,734395.485,88.512,76.37
Air India Express,scheduled_international,2024,3,8912.773,456971,1267335.485,1696876.546,1509.846,0.0,93807.15,176680.14,74.686,53.094
Akasa Air,scheduled_international,2024,3,13.77,459,1053.405,2602.53,0.0,0.0,94.109,282.368,40.476,33.328
Alliance Air,scheduled_international,2024,3,21.948,3331,1179.174,1360.776,0.0,0.0,113.201,149.246,86.655,75.848
IndiGo,scheduled_international,2024,3,15849.024,1011857,2636089.0,3224942.0,4163.246,8.446,249205.469,328377.919,81.741,75.89
SpiceJet,scheduled_international,2024,3,2292.896,156783,380577.586,432099.051,724.995,0.0,30287.417,42854.428,88.076,70.675
Vistara,scheduled_international,2024,3,5298.304,261023,1000053.296,1170953.993,3734.786,4.08,105683.788,159849.408,85.405,66.115
Air India,nonscheduled_domestic,2024,4,158.742,20178,14374.565,20526.4,10.238,0.0,2073.073,2907.207,70.03,71.308
Air India Express,nonscheduled_domestic,2024,4,0.948,329,155.946,166.848,0.0,0.0,11.696,18.96,93.466,61.687
Akasa Air,nonscheduled_domestic,2024,4,2.699,425,372.395,510.111,2.212,0.018,33.98,55.346,73.003,61.396
Alliance Air,nonscheduled_domestic,2024,4,3.655,0,0.0,189.398,0.0,0.0,0.0,23.923,0.0,0.0
Blue Dart Aviation,nonscheduled_domestic,2024,4,10.0,0,0.0,0.0,174.254,0.0,157.0,307.0,0.0,51.14
IndiGo,nonscheduled_domestic,2024,4,255.776,27915,15691.0,18994.0,772.05,17.216,2560.695,3845.137,82.61,66.596
India One Air,nonscheduled_domestic,2024,4,1.728,29,4.176,15.552,0.0,0.0,0.376,1.4,26.852,26.863
SpiceJet,nonscheduled_domestic,2024,4,71.156,327,354.682,409.941,289.77,0.0,398.244,1298.038,86.52,30.68
Vistara,nonscheduled_domestic,2024,4,12.0,1027,997.0,2013.0,0.0,0.0,90.0,213.0,49.528,42.254
Blue Dart Aviation,nonscheduled_international,2024,4,6.0,0,0.0,0.0,23.162,0.0,65.0,167.0,0.0,38.922
SpiceJet,nonscheduled_international,2024,4,205.874,0,0.0,0.0,847.474,0.0,1690.45,3911.606,0.0,43.216
AIX Connect,scheduled_domestic,2024,4,4846.239,716857,749772.25,873583.38,2809.047,226.123,59893.57,96924.78,85.827,61.794
Air India,scheduled_domestic,2024,4,9846.047,1458158,1405515.443,1654168.442,7261.695,563.093,150300.859,179966.669,84.968,83.516
Air India Express,scheduled_domestic,2024,4,2768.68,422278,399775.241,486169.165,738.995,0.0,16569.437,55373.6,82.23,29.923
Akasa Air,scheduled_domestic,2024,4,3695.376,579539,602156.91,685224.005,3352.621,162.363,53292.151,75777.38,87.877,70.327
Alliance Air,scheduled_domestic,2024,4,1007.477,127836,50827.804,64295.949,6.854,0.262,4628.578,6582.048,79.053,70.321
Blue Dart Aviation,scheduled_domestic,2024,4,618.0,0,0.0,0.0,10758.32,0.0,11231.0,17119.0,0.0,65.605
Fly91,scheduled_domestic,2024,4,69.77,4454,2365.946,4495.208,0.0,0.0,192.75,404.569,52.633,47.643
Flybig,scheduled_domestic,2024,4,47.0,1125,299.254,900.999,0.0,0.0,22.444,284.526,33.214,7.888
IndiGo,scheduled_domestic,2024,4,45934.227,7999788,7541735.0,8711380.0,21569.786,2266.599,711577.088,976320.092,86.573,72.884
India One Air,scheduled_domestic,2024,4,85.176,2043,636.42,766.58,0.0,0.0,57.278,68.993,83.021,83.021
SpiceJet,scheduled_domestic,2024,4,4121.634,617484,629399.1,692788.557,2316.734,0.0,49978.584,63549.33,90.85,78.645
Star Air,scheduled_domestic,2024,4,749.12,52819,34429.715,46250.89,0.0,0.0,3098.674,4162.58,74.441,74.441
Vistara,scheduled_domestic,2024,4,8319.128,1217667,1281430.031,1409129.138,5476.925,335.179,122599.485,148299.0,90.938,82.67
Air India,scheduled_international,2024,4,18676.975,704990,4025344.056,4673174.402,11756.259,218.16,481257.696,688064.544,86.137,69.944
Air India Express,scheduled_international,2024,4,8947.82,470382,1305198.391,1658335.554,3210.264,0.0,88738.208,160980.0,78.705,55.124
Akasa Air,scheduled_international,2024,4,73.44,3688,8463.96,13880.16,0.0,0.0,773.44,1505.961,60.979,51.359
Alliance Air,scheduled_international,2024,4,21.24,3144,1112.976,1338.12,0.0,0.0,106.846,144.432,83.175,73.976
IndiGo,scheduled_international,2024,4,15532.034,1010979,2664613.0,3202538.0,3366.992,5.684,249312.624,325507.345,83.203,76.592
SpiceJet,scheduled_international,2024,4,1894.929,133110,321974.798,356200.458,496.672,0.0,25318.021,35059.968,90.391,72.213
Vistara,scheduled_international,2024,4,5058.118,240477,892609.188,1139231.545,2966.214,3.081,94360.136,158327.929,78.352,59.598
AIX Connect,nonscheduled_domestic,2024,5,70.0,16095,10089.275,12699.786,0.0,0.0,756.696,1397.84,79.444,54.133
Air India,nonscheduled_domestic,2024,5,480.42,46699,39634.582,62005.342,38.02,0.0,4011.972,7543.442,63.921,53.185
Akasa Air,nonscheduled_domestic,2024,5,5.421,363,401.431,1040.113,0.0,0.0,38.867,111.163,38.595,34.964
Alliance Air,nonscheduled_domestic,2024,5,7.31,41,19.431,289.26,0.0,0.0,1.768,36.109,6.717,4.896
Blue Dart Aviation,nonscheduled_domestic,2024,5,19.0,0,0.0,0.0,293.92,0.0,256.0,510.0,0.0,50.196
IndiGo,nonscheduled_domestic,2024,5,165.23,4268,2817.0,3962.0,702.689,1.575,1224.359,3367.705,71.1,36.356
India One Air,nonscheduled_domestic,2024,5,1.44,22,3.168,12.96,0.0,0.0,0.285,1.166,24.444,24.444
QuikJet Cargo,nonscheduled_domestic,2024,5,1.978,0,0.0,0.0,39.216,0.0,38.785,43.516,0.0,89.127
SpiceJet,nonscheduled_domestic,2024,5,35.947,167,120.087,364.32,176.528,0.0,245.976,672.504,32.962,36.576
Vistara,nonscheduled_domestic,2024,5,39.0,6555,4542.154,6994.89,0.0,0.0,408.794,773.452,64.935,52.853
Blue Dart Aviation,nonscheduled_international,2024,5,23.0,0,0.0,0.0,113.688,0.0,318.0,679.0,0.0,46.834
IndiGo,nonscheduled_international,2024,5,207.637,0,0.0,0.0,1200.539,0.0,2406.205,4876.0,0.0,49.348
SpiceJet,nonscheduled_international,2024,5,339.918,12242,51615.133,54170.991,562.759,0.0,5002.711,9706.565,95.282,51.539
AIX Connect,scheduled_domestic,2024,5,4728.24,703339,740843.459,852135.126,3208.614,201.471,78370.204,94564.8,86.94,82.875
Air India,scheduled_domestic,2024,5,10128.991,1564289,1533842.581,1751077.87,8393.479,380.678,164225.434,207598.392,87.594,79.107
Air India Express,scheduled_domestic,2024,5,1647.297,328320,328669.004,388785.568,820.998,0.0,33600.9,44186.14,84.537,76.044
Akasa Air,scheduled_domestic,2024,5,4222.121,663762,707955.322,783212.207,4590.343,179.479,63315.137,86578.813,90.391,73.13
Alliance Air,scheduled_domestic,2024,5,1055.707,135176,53532.269,67436.582,6.629,0.092,4877.941,6923.654,79.382,70.453
Blue Dart Aviation,scheduled_domestic,2024,5,675.0,0,0.0,0.0,12043.582,0.0,12858.0,18682.0,0.0,68.826
Fly91,scheduled_domestic,2024,5,121.12,9474,5088.936,7292.292,0.0,0.0,416.575,619.845,69.785,67.206
Flybig,scheduled_domestic,2024,5,51.0,1605,370.0,973.0,0.0,0.0,28.0,307.0,38.027,9.121
IndiGo,scheduled_domestic,2024,5,47429.321,8504042,7947119.0,8986414.0,26545.087,2257.812,748139.826,1006658.067,88.435,74.319
India One Air,scheduled_domestic,2024,5,95.656,2210,693.301,860.964,0.0,0.0,62.397,77.481,80.526,80.532
QuikJet Cargo,scheduled_domestic,2024,5,140.62,0,0.0,0.0,1267.505,0.0,1471.089,3093.64,0.0,47.552
SpiceJet,scheduled_domestic,2024,5,3596.778,554464,549305.419,583603.901,2206.616,0.0,43760.175,52936.166,94.123,82.666
Star Air,scheduled_domestic,2024,5,792.464,57676,37329.769,49561.81,0.0,0.0,3359.679,4460.563,75.32,75.32
Vistara,scheduled_domestic,2024,5,8683.315,1270944,1365228.882,1461994.78,7002.308,380.578,132177.638,152392.895,93.381,86.735
Air India,scheduled_international,2024,5,19344.928,736369,4322613.258,5002291.75,12455.949,205.77,514145.058,741346.124,86.413,69.353
Air India Express,scheduled_international,2024,5,9214.686,510024,1406379.419,1720223.955,3326.814,0.0,115742.06,153367.2,81.756,75.467
Akasa Air,scheduled_international,2024,5,82.62,5093,11688.435,15615.18,17.99,0.0,1123.712,1694.206,74.853,66.327
Alliance Air,scheduled_international,2024,5,21.948,2941,1041.114,1382.724,0.0,0.0,99.947,149.246,75.294,66.968
IndiGo,scheduled_international,2024,5,16337.753,931855,2930439.0,3347344.0,3606.094,6.895,274378.373,341914.653,87.545,80.248
SpiceJet,scheduled_international,2024,5,2045.172,143066,342691.388,383725.863,719.122,0.0,27361.216,36384.445,89.306,75.2
Vistara,scheduled_international,2024,5,5105.592,251289,938242.493,1158276.561,2692.0,4.258,114322.789,161896.117,81.003,70.615
AIX Connect,nonscheduled_domestic,2024,6,69.816,17312,10832.094,12682.26,0.0,0.0,812.407,1396.32,85.411,58.182
Air India,nonscheduled_domestic,2024,6,200.163,33684,22057.54,28400.376,2.84,0.0,2208.185,2599.404,77.666,84.95
Air India Express,nonscheduled_domestic,2024,6,0.552,9,2.484,97.152,0.0,0.0,0.186,11.04,2.557,1.688
Alliance Air,nonscheduled_domestic,2024,6,2.537,55,68.145,124.313,0.0,0.0,6.201,16.871,54.817,36.756
Blue Dart Aviation,nonscheduled_domestic,2024,6,26.0,0,0.0,0.0,462.38,0.0,576.0,808.0,0.0,71.287
IndiGo,nonscheduled_domestic,2024,6,339.693,5451,3385.0,4645.0,788.495,0.294,1321.97,4140.787,72.874,31.926
India One Air,nonscheduled_domestic,2024,6,0.288,5,0.72,2.592,0.0,0.0,0.065,0.233,27.778,27.778
SpiceJet,nonscheduled_domestic,2024,6,36.0,48,20.0,73.0,117.089,0.0,150.0,665.0,27.397,22.556
Vistara,nonscheduled_domestic,2024,6,4.1,510,472.11,671.416,0.0,0.0,42.49,69.0,70.316,61.58
SpiceJet,nonscheduled_international,2024,6,227.0,4658,17922.726,18165.654,818.74,0.0,2955.0,5592.0,98.663,52.843
AIX Connect,scheduled_domestic,2024,6,4223.778,637860,674786.999,761644.692,2744.833,213.316,71254.814,84475.56,88.596,84.35
Air India,scheduled_domestic,2024,6,10140.077,1498868,1477167.409,1754472.726,8261.212,434.948,158486.011,175282.174,84.194,90.418
Air India Express,scheduled_domestic,2024,6,2802.503,423233,426312.631,492057.232,645.95,0.0,43148.786,56050.06,86.639,76.983
Akasa Air,scheduled_domestic,2024,6,4148.704,634429,691510.167,771646.477,4548.556,201.266,62114.895,85073.324,89.615,73.013
Alliance Air,scheduled_domestic,2024,6,1052.39,133913,51895.878,66001.499,1.498,0.0,4723.304,6882.96,78.628,68.623
Blue Dart Aviation,scheduled_domestic,2024,6,682.0,0,0.0,0.0,12112.131,0.0,13032.0,18851.0,0.0,69.132
Fly91,scheduled_domestic,2024,6,137.528,9736,4997.806,9626.96,0.0,0.0,410.499,727.224,51.915,56.447
Flybig,scheduled_domestic,2024,6,57.0,1908,468.0,1077.0,0.0,0.0,35.0,340.0,43.454,10.294
IndiGo,scheduled_domestic,2024,6,45557.082,8029628,7511825.0,8635615.0,25078.101,2368.93,707626.592,966835.416,86.987,73.19
India One Air,scheduled_domestic,2024,6,82.989,1852,598.567,746.901,0.0,0.0,53.871,67.221,80.14,80.14
SpiceJet,scheduled_domestic,2024,6,3313.0,499538,499202.836,545609.619,2304.697,0.0,40122.199,48787.058,91.495,82.239
Star Air,scheduled_domestic,2024,6,836.421,58670,37953.997,53089.97,0.0,0.0,3415.86,4778.097,71.49,71.49
Vistara,scheduled_domestic,2024,6,8959.558,1276193,1372648.824,1507971.156,7236.659,386.285,132889.557,157318.948,91.026,84.471
Air India,scheduled_international,2024,6,19256.761,734493,4326254.025,4959144.542,13148.904,202.782,517358.422,685592.266,87.238,75.462
Air India Express,scheduled_international,2024,6,9064.736,480928,1330398.895,1827410.397,3430.47,0.0,99307.756,141759.82,72.802,70.054
Akasa Air,scheduled_international,2024,6,186.864,10284,27056.384,35317.296,42.502,0.0,2706.407,3831.833,76.609,70.63
Alliance Air,scheduled_international,2024,6,21.24,3147,1114.038,1338.12,0.0,0.0,106.948,144.432,83.254,74.047
IndiGo,scheduled_international,2024,6,16692.972,1093594,2870305.0,3404054.0,3330.791,6.872,267561.259,349836.071,84.32,76.482
SpiceJet,scheduled_international,2024,6,2076.0,140093,338629.685,403279.401,901.681,0.0,27598.941,39898.047,83.969,69.174
Vistara,scheduled_international,2024,6,5163.51,249111,957779.662,1185856.017,3472.283,5.463,121328.915,167930.615,80.767,72.249
AIX Connect,nonscheduled_domestic,2024,7,72.69,19055,11901.397,13302.27,0.0,0.0,892.605,1453.8,89.469,61.398
Air India,nonscheduled_domestic,2024,7,160.512,29973,16883.669,23069.894,0.339,0.0,1689.026,1958.967,73.185,86.22
Air India Express,nonscheduled_domestic,2024,7,0.552,10,2.76,97.152,0.0,0.0,0.207,11.04,2.841,1.875
Akasa Air,nonscheduled_domestic,2024,7,8.059,1102,1402.618,1517.823,0.0,0.0,129.212,165.258,92.41,78.188
IndiGo,nonscheduled_domestic,2024,7,159.362,5531,3131.0,4353.0,692.801,0.297,1277.7,3212.228,71.927,39.776
SpiceJet,nonscheduled_domestic,2024,7,21.316,1124,735.17,1070.334,54.698,0.0,126.13,375.585,68.686,33.582
Vistara,nonscheduled_domestic,2024,7,5.9,527,612.0,995.99,0.0,0.0,55.0,102.87,61.446,53.466
SpiceJet,nonscheduled_international,2024,7,164.11,7522,33201.885,35771.112,137.726,0.0,2750.814,5050.41,92.818,54.467
Vistara,nonscheduled_international,2024,7,1.5,37,56.3,249.444,0.0,0.0,5.9,25.6,22.57,23.047
AIX Connect,scheduled_domestic,2024,7,4020.043,590023,621406.434,724893.594,2796.515,232.63,65967.353,80400.86,85.724,82.048
Air India,scheduled_domestic,2024,7,10590.406,1542638,1524210.296,1852261.342,9693.496,256.711,165052.263,180721.522,82.289,91.33
Air India Express,scheduled_domestic,2024,7,2140.715,317746,308142.391,376319.538,995.4,0.0,32099.693,42814.3,81.883,74.974
Akasa Air,scheduled_domestic,2024,7,4106.42,604187,659296.319,762840.907,4608.938,231.844,59698.998,84206.248,86.426,70.896
Alliance Air,scheduled_domestic,2024,7,985.052,120815,47143.066,62341.487,4.646,0.0,4292.386,6425.604,75.621,66.801
Fly91,scheduled_domestic,2024,7,145.003,10200,5274.014,8961.77,0.0,0.0,434.379,761.75,58.85,57.024
Flybig,scheduled_domestic,2024,7,64.659,1011,240.0,1229.0,0.0,0.0,18.002,387.95,19.528,4.64
IndiGo,scheduled_domestic,2024,7,46677.363,8046505,7528951.0,8898194.0,24243.295,2576.495,708167.531,997471.967,84.612,70.996
India One Air,scheduled_domestic,2024,7,82.2,1669,537.841,739.8,0.0,0.0,48.406,66.582,72.701,72.701
SpiceJet,scheduled_domestic,2024,7,2650.702,405360,380158.361,421080.553,1955.255,0.0,30639.671,37332.985,90.282,82.071
Star Air,scheduled_domestic,2024,7,745.994,52432,32345.331,46702.033,0.0,0.0,2911.08,4203.183,69.259,69.259
Vistara,scheduled_domestic,2024,7,9146.064,1293519,1386126.915,1540458.245,7360.863,424.606,134400.358,160783.118,89.981,83.591
Air India,scheduled_international,2024,7,19740.138,721257,4336794.426,5114501.082,13002.543,142.862,517699.964,686486.131,84.794,75.413
Air India Express,scheduled_international,2024,7,10356.281,521698,1433402.975,1911825.95,3778.686,0.0,115554.228,207125.62,74.976,55.789
Akasa Air,scheduled_international,2024,7,536.026,26249,72299.139,101007.237,50.07,0.0,6771.929,10991.749,71.578,61.609
Alliance Air,scheduled_international,2024,7,21.24,3432,1214.928,1338.12,0.0,0.0,116.633,144.432,90.794,80.753
IndiGo,scheduled_international,2024,7,17696.724,1120074,2941699.0,3577183.0,3751.451,14.082,274985.333,365030.429,82.235,75.332
SpiceJet,scheduled_international,2024,7,1992.794,124846,301856.152,372123.549,718.609,0.0,24356.655,34093.24,81.117,71.441
Vistara,scheduled_international,2024,7,5477.06,246110,946514.835,1264909.027,3509.738,6.138,120587.381,180400.401,74.829,66.844
AIX Connect,nonscheduled_domestic,2024,8,71.098,18195,11364.923,12916.866,0.0,0.0,852.369,1421.96,87.985,59.943
Air India,nonscheduled_domestic,2024,8,133.153,28087,15747.172,20737.752,3.955,0.0,1577.976,1842.09,75.935,85.662
IndiGo,nonscheduled_domestic,2024,8,145.424,5310,3136.0,4516.0,688.783,0.462,1271.618,2861.748,69.442,44.435
Air India,nonscheduled_international,2024,8,1.426,193,275.218,330.832,0.0,0.0,23.288,27.626,83.19,84.298
SpiceJet,nonscheduled_international,2024,8,6.352,338,1073.488,1143.36,0.0,0.0,80.512,101.632,93.889,79.219
AIX Connect,scheduled_domestic,2024,8,3986.787,577347,607076.098,718957.8,2538.507,160.528,64191.195,79735.74,84.438,80.505
Air India,scheduled_domestic,2024,8,10753.269,1521012,1514311.37,1868072.066,9347.599,214.355,163475.832,179295.882,81.063,91.177
Air India Express,scheduled_domestic,2024,8,2970.717,408361,400051.181,521013.768,1039.861,0.0,41338.196,59414.34,76.783,69.576
Akasa Air,scheduled_domestic,2024,8,4098.912,591857,649724.386,759700.176,4312.221,200.013,58461.361,84052.289,85.524,69.554
Alliance Air,scheduled_domestic,2024,8,949.557,115010,44304.528,60430.431,1.158,0.0,4032.415,6219.184,73.315,64.838
Fly91,scheduled_domestic,2024,8,200.391,14846,7512.835,12759.128,0.0,0.0,618.181,1084.526,58.882,57.0
Flybig,scheduled_domestic,2024,8,71.956,2013,487.483,1367.164,0.0,0.0,36.561,431.736,35.657,8.468
IndiGo,scheduled_domestic,2024,8,48236.564,8190413,7599936.0,9231126.0,24003.781,2545.395,714142.241,1035542.591,82.329,68.963
India One Air,scheduled_domestic,2024,8,103.727,2143,673.19,933.543,0.0,0.0,60.587,84.019,72.111,72.111
SpiceJet,scheduled_domestic,2024,8,2163.233,302378,268364.222,331279.974,1533.102,0.0,21722.236,28971.21,81.008,74.979
Star Air,scheduled_domestic,2024,8,699.94,51412,32197.531,43765.562,0.0,0.0,2897.778,3938.901,73.568,73.568
Vistara,scheduled_domestic,2024,8,9565.573,1353907,1429645.382,1611462.916,7471.076,418.134,138451.219,168265.793,88.717,82.281
Air India,scheduled_international,2024,8,19655.875,732711,4373437.696,5076400.85,13044.105,139.334,520559.987,696180.872,86.152,74.774
Air India Express,scheduled_international,2024,8,10976.955,522002,1445382.634,2014714.096,3803.756,0.0,117950.109,219539.1,71.741,53.726
Akasa Air,scheduled_international,2024,8,861.104,40906,121196.684,161598.135,60.258,0.0,11501.038,17657.799,74.999,65.133
Alliance Air,scheduled_international,2024,8,21.24,3178,1125.012,1339.182,0.0,0.0,108.001,144.432,84.007,74.776
IndiGo,scheduled_international,2024,8,18330.529,1138708,3003274.0,3678993.0,3687.099,24.132,280369.942,357745.156,81.633,78.371
SpiceJet,scheduled_international,2024,8,1800.972,102576,255586.668,334131.423,557.962,0.0,20551.24,29970.964,76.493,68.57
Vistara,scheduled_international,2024,8,5231.868,239256,926182.379,1222465.216,3113.71,5.174,115992.295,176491.714,75.763,65.721
AIX Connect,nonscheduled_domestic,2024,9,69.816,18289,11404.467,12682.26,0.0,0.0,855.335,1396.32,89.925,61.256
Air India,nonscheduled_domestic,2024,9,129.037,26294,16327.071,20142.084,6.573,0.0,1549.123,1849.001,81.059,83.782
Alliance Air,nonscheduled_domestic,2024,9,1.084,0,0.0,73.17,0.0,0.0,0.0,7.209,0.0,0.0
IndiGo,nonscheduled_domestic,2024,9,187.114,5212,2931.0,4278.0,1093.469,0.005,1831.012,3848.39,68.513,47.579
SpiceJet,nonscheduled_domestic,2024,9,4.494,456,371.169,913.398,0.0,0.0,27.838,80.256,40.636,34.686
Vistara,nonscheduled_domestic,2024,9,0.43,105,44.73,69.864,0.0,0.0,4.02,7.157,64.024,56.17
AIX Connect,scheduled_domestic,2024,9,3846.924,535294,566013.822,693678.264,1461.365,0.0,58414.436,76938.48,81.596,75.924
Air India,scheduled_domestic,2024,9,10412.698,1451744,1469559.642,1808376.714,9181.649,53.388,144784.131,171557.113,81.264,84.394
Air India Express,scheduled_domestic,2024,9,3498.427,517124,497116.012,645594.897,2848.764,0.0,53172.094,73451.78,77.001,72.39
Akasa Air,scheduled_domestic,2024,9,3953.16,572972,634605.844,739072.556,4851.443,192.074,57819.861,81063.499,85.865,71.327
Alliance Air,scheduled_domestic,2024,9,825.609,101886,38623.908,52826.797,1.821,0.0,3515.711,5411.545,73.114,64.967
Fly91,scheduled_domestic,2024,9,187.342,15537,7671.88,12248.972,0.0,0.0,631.394,1041.163,62.633,60.643
Flybig,scheduled_domestic,2024,9,67.956,1792,425.0,1291.0,0.0,0.0,31.91,407.74,32.92,7.826
IndiGo,scheduled_domestic,2024,9,48029.136,8211792,7624336.0,9230396.0,25081.388,2291.099,717625.222,1037000.76,82.6,69.202
India One Air,scheduled_domestic,2024,9,107.572,2263,719.646,968.148,0.0,0.0,64.768,87.133,74.332,74.332
SpiceJet,scheduled_domestic,2024,9,1865.316,261053,237263.798,295276.268,1421.467,0.0,19312.025,25768.344,80.353,74.945
Star Air,scheduled_domestic,2024,9,703.505,47677,30294.262,45709.436,0.0,0.0,2726.484,4113.849,66.276,66.276
Vistara,scheduled_domestic,2024,9,9118.022,1308202,1397469.638,1537125.558,7452.644,427.907,135634.579,160593.885,90.914,84.458
Air India,scheduled_international,2024,9,19902.858,728690,4427283.501,5172510.49,12365.001,148.534,564113.656,634756.489,85.593,88.871
Air India Express,scheduled_international,2024,9,10575.18,484132,1350511.328,1942315.113,6461.709,0.0,110860.149,211503.6,69.531,52.415
Akasa Air,scheduled_international,2024,9,906.726,40124,114746.987,170031.033,99.958,0.0,10948.697,18593.323,67.486,58.885
Alliance Air,scheduled_international,2024,9,14.868,1102,390.108,1003.59,0.0,0.0,37.45,101.102,38.871,37.042
IndiGo,scheduled_international,2024,9,18038.09,1109716,2872226.0,3594938.0,3881.658,23.053,269384.519,340179.258,79.896,79.189
SpiceJet,scheduled_international,2024,9,1748.966,94152,229138.14,324281.64,556.872,0.0,18510.182,28512.488,70.66,64.92
Vistara,scheduled_international,2024,9,4929.114,213208,817088.517,1137957.817,2955.805,3.263,103644.553,163922.118,71.803,63.228
Air India,nonscheduled_domestic,2024,10,140.154,8313,6293.006,22183.71,5.363,0.0,769.646,1995.241,28.368,38.574
Air India Express,nonscheduled_domestic,2024,10,72.329,18350,11379.953,13237.032,0.0,0.0,853.496,1446.58,85.971,59.001
Akasa Air,nonscheduled_domestic,2024,10,2.443,309,243.739,461.727,0.084,0.036,27.112,50.096,52.789,54.119
Alliance Air,nonscheduled_domestic,2024,10,1.833,24,13.008,124.038,0.0,0.0,1.184,11.807,10.487,10.026
IndiGo,nonscheduled_domestic,2024,10,138.541,5133,3088.0,4320.0,729.109,0.052,1296.532,2691.755,71.481,48.167
SpiceJet,nonscheduled_domestic,2024,10,6.676,719,549.092,1181.007,0.0,0.0,41.182,100.62,46.494,40.928
SpiceJet,nonscheduled_international,2024,10,4.156,152,315.856,785.484,0.0,0.0,23.689,66.496,40.212,35.625
Air India,scheduled_domestic,2024,10,10607.367,1471093,1482286.454,1846175.46,11226.876,5.167,147984.054,176675.755,80.29,83.76
Air India Express,scheduled_domestic,2024,10,8278.033,1177057,1202927.878,1475040.954,2518.538,0.0,122704.889,165560.66,81.552,74.115
Akasa Air,scheduled_domestic,2024,10,4425.466,615370,714114.747,833484.79,4820.569,186.715,64836.843,90748.606,85.678,71.447
Alliance Air,scheduled_domestic,2024,10,819.134,98107,37809.35,51188.048,1.274,0.0,3441.508,5239.647,73.864,65.682
Fly91,scheduled_domestic,2024,10,190.18,17042,8449.77,12410.42,0.0,0.0,695.63,1054.89,68.086,65.943
Flybig,scheduled_domestic,2024,10,72.026,2037,453.938,1368.494,0.0,0.0,34.05,432.156,33.171,7.879
IndiGo,scheduled_domestic,2024,10,51433.855,8640128,8129253.0,9882735.0,27144.253,2521.75,765357.228,1108165.869,82.257,69.065
India One Air,scheduled_domestic,2024,10,99.644,2124,683.854,896.796,0.0,0.0,61.547,80.712,76.255,76.255
SpiceJet,scheduled_domestic,2024,10,2535.462,334601,314924.853,388614.408,1894.643,0.0,25770.771,34091.034,81.038,75.594
Star Air,scheduled_domestic,2024,10,770.248,56524,35784.091,49829.732,0.0,0.0,3220.568,4484.676,71.813,71.813
Vistara,scheduled_domestic,2024,10,9135.55,1243110,1324020.59,1538192.978,7174.246,385.571,128556.212,160466.925,86.076,80.114
Air India,scheduled_international,2024,10,20608.964,722620,4353171.115,5344295.894,13866.696,197.147,565113.595,654436.427,81.455,86.351
Air India Express,scheduled_international,2024,10,10648.856,502743,1388714.551,1955233.759,0.0,0.0,102152.312,212977.12,71.025,47.964
Akasa Air,scheduled_international,2024,10,808.722,39515,109301.666,151331.37,122.509,0.0,10474.2,16583.653,72.227,63.16
Alliance Air,scheduled_international,2024,10,5.664,299,105.846,385.86,0.0,0.0,10.161,38.515,27.431,26.382
IndiGo,scheduled_international,2024,10,18450.131,1173741,3044414.0,3763401.0,4173.115,14.112,286282.506,352315.132,80.895,81.258
SpiceJet,scheduled_international,2024,10,1754.272,112386,249353.02,325963.554,776.513,0.0,20443.942,28735.996,76.497,71.144
Vistara,scheduled_international,2024,10,5272.813,213890,821169.519,1223186.141,3181.532,3.084,105509.513,176770.708,67.134,59.687
Air India,nonscheduled_domestic,2024,11,147.451,29523,17566.11,21317.368,6.619,0.0,1665.323,1942.95,82.403,85.711
Air India Express,nonscheduled_domestic,2024,11,69.816,19081,11901.841,12682.26,0.0,0.0,892.638,1396.32,93.846,63.928
Akasa Air,nonscheduled_domestic,2024,11,8.5,1396,1272.378,1600.323,3.877,0.0,113.655,174.301,79.508,65.206
Alliance Air,nonscheduled_domestic,2024,11,2.596,0,0.0,150.568,0.0,0.0,0.0,14.473,0.0,0.0
Blue Dart Aviation,nonscheduled_domestic,2024,11,69.0,0,0.0,0.0,697.248,0.0,1040.0,2099.0,0.0,49.547
Fly91,nonscheduled_domestic,2024,11,0.42,69,29.19,29.61,0.0,0.0,2.78,2.96,98.582,93.919
IndiGo,nonscheduled_domestic,2024,11,138.097,5932,3654.0,4388.0,725.505,0.011,1396.235,2720.134,83.273,51.33
SpiceJet,nonscheduled_domestic,2024,11,12.347,2226,1936.744,2242.464,0.0,0.0,145.256,197.038,86.367,73.72
Air India,nonscheduled_international,2024,11,11.644,497,2893.534,2980.864,0.0,0.0,272.307,279.118,97.07,97.56
Blue Dart Aviation,nonscheduled_international,2024,11,106.0,0,0.0,0.0,528.261,0.0,1891.0,3297.0,0.0,57.355
IndiGo,nonscheduled_international,2024,11,365.205,256,396.0,565.0,2041.664,0.0,5013.376,8121.642,70.088,61.729
SpiceJet,nonscheduled_international,2024,11,8.718,650,1416.709,1595.496,0.0,0.0,106.253,139.488,88.794,76.174
Air India,scheduled_domestic,2024,11,16119.726,2251104,2345562.181,2694216.436,10854.092,708.065,228506.886,254918.65,87.059,89.639
Air India Express,scheduled_domestic,2024,11,7888.964,1221495,1233703.562,1404026.356,3534.785,0.0,127556.259,157779.28,87.869,80.845
Akasa Air,scheduled_domestic,2024,11,4601.871,672121,803209.656,867593.849,4011.95,190.399,72077.25,94365.967,92.579,76.381
Alliance Air,scheduled_domestic,2024,11,795.767,96860,38932.533,52284.783,0.725,0.0,3542.861,5023.175,74.462,70.53
Blue Dart Aviation,scheduled_domestic,2024,11,568.0,0,0.0,0.0,10773.718,0.0,10755.0,15743.0,0.0,68.316
Fly91,scheduled_domestic,2024,11,180.81,20308,9339.36,12656.42,0.0,0.0,770.96,1026.64,73.791,75.095
Flybig,scheduled_domestic,2024,11,44.205,1446,298.904,839.895,0.0,0.0,22.418,265.23,35.588,8.452
IndiGo,scheduled_domestic,2024,11,49404.14,9069728,8592770.0,9512296.0,23310.498,2476.177,802810.23,1066511.945,90.333,75.274
India One Air,scheduled_domestic,2024,11,109.304,2607,816.785,983.736,0.0,0.0,73.511,88.536,83.029,83.029
SpiceJet,scheduled_domestic,2024,11,3151.588,442543,430506.165,489922.338,1937.053,0.0,34515.921,42973.505,87.872,80.319
Star Air,scheduled_domestic,2024,11,674.448,56913,34157.0,46505.0,0.0,0.0,3073.83,4185.217,73.448,73.445
Vistara,scheduled_domestic,2024,11,2988.928,415141,443377.094,503556.103,1249.098,72.404,41586.992,52588.572,88.049,79.08
Air India,scheduled_international,2024,11,22486.845,853492,4900736.608,5747351.199,13028.023,160.674,616856.781,695836.266,85.269,88.65
Air India Express,scheduled_international,2024,11,8001.697,508747,1394781.497,1823002.224,6155.958,0.0,115297.283,198190.16,76.51,58.175
Akasa Air,scheduled_international,2024,11,843.546,41311,117342.992,157832.073,99.204,0.0,11273.371,17297.754,74.347,65.172
Alliance Air,scheduled_international,2024,11,2.124,105,37.17,148.68,0.0,0.0,3.568,14.125,25.0,25.263
IndiGo,scheduled_international,2024,11,18110.311,1198155,3115645.0,3573551.0,3109.178,10.387,288386.33,347822.76,87.186,82.912
SpiceJet,scheduled_international,2024,11,1863.251,130724,295778.175,349948.906,625.974,0.0,23632.396,32144.796,84.52,73.519
Vistara,scheduled_international,2024,11,1796.689,79771,295760.598,417271.591,461.325,0.23,33884.767,59840.864,70.88,56.625
Air India,nonscheduled_domestic,2024,12,95.378,26497,13477.041,16211.442,0.665,0.0,1290.247,1504.01,83.133,85.787
Air India Express,nonscheduled_domestic,2024,12,76.416,20347,12872.539,14101.164,0.0,0.0,965.44,1528.32,91.287,63.17
Akasa Air,nonscheduled_domestic,2024,12,9.653,1927,1478.555,1814.31,2.009,0.0,130.35,197.944,81.494,65.852
Fly91,nonscheduled_domestic,2024,12,1.002,110,62.22,70.14,0.0,0.0,4.81,5.96,88.708,80.705
IndiGo,nonscheduled_domestic,2024,12,155.856,6654,4227.0,5000.0,962.06,1.204,1853.896,3100.322,84.54,59.797
SpiceJet,nonscheduled_domestic,2024,12,20.292,2684,2987.271,3579.939,0.0,0.0,224.045,309.832,83.445,72.312
IndiGo,nonscheduled_international,2024,12,365.958,0,0.0,0.0,2043.106,0.0,3157.871,8007.181,0.0,39.438
Air India,scheduled_domestic,2024,12,18855.672,2604182,2756865.649,3293117.682,13136.571,757.748,266866.857,309319.13,83.716,86.276
Air India Express,scheduled_domestic,2024,12,8636.586,1342308,1342337.928,1544459.389,4304.087,174.441,138533.06,172731.729,86.913,80.201
Akasa Air,scheduled_domestic,2024,12,4618.402,686835,811906.922,870198.059,4606.482,269.431,73585.83,94704.951,93.301,77.7
Alliance Air,scheduled_domestic,2024,12,795.961,99952,40571.823,52226.36,0.862,0.0,3692.037,5003.502,77.685,73.789
Fly91,scheduled_domestic,2024,12,198.119,24230,11086.546,13398.442,0.0,0.0,920.082,1138.868,82.745,80.789
Flybig,scheduled_domestic,2024,12,67.876,1137,269.312,1289.644,0.0,0.0,20.198,407.256,20.883,4.96
IndiGo,scheduled_domestic,2024,12,51989.094,9615322,9113052.0,10053140.0,25159.671,2975.253,851861.355,1116225.837,90.649,76.316
India One Air,scheduled_domestic,2024,12,127.223,3131,996.998,1145.007,0.0,0.0,89.73,103.051,87.074,87.074
SpiceJet,scheduled_domestic,2024,12,3495.747,489394,494633.485,565677.548,2081.066,0.0,39545.253,49686.078,87.441,79.59
Star Air,scheduled_domestic,2024,12,613.539,59861,33877.0,43249.0,0.0,0.0,3049.033,3892.074,78.33,78.34
Air India,scheduled_international,2024,12,25598.541,986779,5469288.23,6487543.849,15147.315,221.006,682940.983,772473.656,84.304,88.41
Air India Express,scheduled_international,2024,12,11050.444,548022,1517643.347,2020704.334,7255.395,23.297,133513.74,221008.884,75.105,60.411
Akasa Air,scheduled_international,2024,12,848.897,47963,136259.118,158848.14,107.289,0.0,13099.216,17407.482,85.779,75.25
IndiGo,scheduled_international,2024,12,19928.153,1335486,3497684.0,4034400.0,3572.676,11.709,324239.327,382044.736,86.697,84.869
SpiceJet,scheduled_international,2024,12,1960.154,133659,304777.929,367698.836,727.885,0.0,24539.374,33696.368,82.888,72.825
Air India,nonscheduled_domestic,2025,1,88.564,22578,11792.433,14825.496,4.852,0.0,1142.448,1377.215,79.54,82.95
Air India Express,nonscheduled_domestic,2025,1,71.117,18162,11417.764,13023.096,0.0,0.0,856.332,1422.34,87.67,60.21
Akasa Air,nonscheduled_domestic,2025,1,7.656,1519,950.102,1450.203,3.745,0.0,90.702,156.994,65.52,57.77
Blue Dart Aviation,nonscheduled_domestic,2025,1,26.0,0,0.0,0.0,451.03,0.0,551.0,836.0,0.0,65.91
IndiGo,nonscheduled_domestic,2025,1,143.628,5033,3222.0,4222.0,938.346,5.078,1689.782,2807.076,76.31,60.2
SpiceJet,nonscheduled_domestic,2025,1,16.172,2328,2150.483,2904.342,0.351,0.0,161.286,248.458,74.04,64.92
IndiGo,nonscheduled_international,2025,1,296.123,0,0.0,0.0,1836.483,0.0,4342.02,6603.076,0.0,65.76
Air India,scheduled_domestic,2025,1,17697.323,2422796,2542896.321,3031554.584,12069.042,799.149,247325.041,286389.173,83.88,86.36
Air India Express,scheduled_domestic,2025,1,8965.413,1335289,1368801.54,1603964.651,4902.984,0.0,142984.012,179308.258,85.34,79.74
Akasa Air,scheduled_domestic,2025,1,4614.186,685848,815423.199,869504.253,4214.366,299.369,73549.307,94618.498,93.78,77.73
Alliance Air,scheduled_domestic,2025,1,782.94,90895,38440.168,49509.391,0.048,0.0,3498.055,4759.342,77.64,73.5
Blue Dart Aviation,scheduled_domestic,2025,1,640.0,0,0.0,0.0,11566.215,0.0,11684.0,18437.0,0.0,63.37
Fly91,scheduled_domestic,2025,1,172.413,20612,9559.912,11659.648,0.0,0.0,791.886,991.07,81.99,79.9
Flybig,scheduled_domestic,2025,1,63.812,1050,275.0,1212.0,0.0,0.0,20.621,382.87,22.69,5.39
IndiGo,scheduled_domestic,2025,1,52567.898,9614311,9125277.0,10164452.0,24071.843,3105.83,851599.369,1113222.575,89.78,76.5
India One Air,scheduled_domestic,2025,1,126.121,2860,920.63,1135.089,0.0,0.0,82.857,102.158,81.11,81.11
QuikJet Cargo,scheduled_domestic,2025,1,155.873,0,0.0,0.0,1429.575,0.0,1648.549,3429.206,0.0,48.07
SpiceJet,scheduled_domestic,2025,1,3323.999,465732,470566.164,540092.35,1762.465,0.0,37325.234,47157.32,87.13,79.15
Star Air,scheduled_domestic,2025,1,663.122,62994,36718.377,46102.956,0.0,0.0,3302.0,4149.266,79.64,79.58
Air India,scheduled_international,2025,1,25721.017,1024098,5817199.455,6607837.802,14279.175,204.042,720932.932,794929.893,88.03,90.69
Air India Express,scheduled_international,2025,1,11494.461,606427,1679208.0,2103215.082,6454.709,0.0,137431.266,229889.222,79.84,59.78
Akasa Air,scheduled_international,2025,1,882.7,47598,136780.3,165253.245,131.062,0.0,13140.803,18100.646,82.77,72.6
IndiGo,scheduled_international,2025,1,20352.866,1389506,3646063.0,4149705.0,3667.014,14.852,337869.892,393269.722,87.86,85.91
SpiceJet,scheduled_international,2025,1,1820.998,125128,283973.502,343884.81,749.53,0.0,22989.917,31566.504,82.58,72.83
Air India,nonscheduled_domestic,2025,2,74.928,20155,10609.663,12458.782,4.789,0.0,971.151,1115.54,85.16,87.06
Air India Express,nonscheduled_domestic,2025,2,65.773,17539,11013.541,11952.426,0.0,0.0,826.016,1315.46,92.14,62.79
Akasa Air,nonscheduled_domestic,2025,2,9.776,1305,1245.041,1822.863,0.402,0.0,120.124,200.467,68.3,59.92
Blue Dart Aviation,nonscheduled_domestic,2025,2,14.0,0,0.0,0.0,193.685,0.0,203.0,437.0,0.0,46.45
IndiGo,nonscheduled_domestic,2025,2,140.083,13087,8281.0,10031.0,586.225,4.152,1586.13,2713.967,82.55,58.44
QuikJet Cargo,nonscheduled_domestic,2025,2,12.479,0,0.0,0.0,37.054,0.0,48.292,274.538,0.0,17.59
SpiceJet,nonscheduled_domestic,2025,2,11.194,2381,1336.235,1687.572,0.0,0.0,100.218,143.965,79.18,69.61
IndiGo,nonscheduled_international,2025,2,243.954,718,1859.0,2403.0,1486.805,0.0,3695.29,5428.332,77.36,68.07
QuikJet Cargo,nonscheduled_international,2025,2,22.827,0,0.0,0.0,54.195,0.0,162.802,502.194,0.0,32.42
SpiceJet,nonscheduled_international,2025,2,1.636,170,278.12,304.296,0.0,0.0,20.859,26.176,91.4,79.69
Air India,scheduled_domestic,2025,2,16805.956,2406210,2519192.45,2879576.636,11879.187,851.782,240809.612,268770.217,87.48,89.6
Air India Express,scheduled_domestic,2025,2,9478.901,1423613,1464138.102,1690841.602,2393.51,0.0,149452.272,189578.015,86.59,78.83
Akasa Air,scheduled_domestic,2025,2,4375.184,657633,785475.804,825474.44,3886.281,246.534,70367.602,89717.523,95.15,78.43
Alliance Air,scheduled_domestic,2025,2,728.02,85992,38733.658,46649.685,0.0,0.0,3524.763,4474.414,83.03,78.78
Blue Dart Aviation,scheduled_domestic,2025,2,589.0,0,0.0,0.0,10506.37,0.0,10606.0,17013.0,0.0,62.34
Fly91,scheduled_domestic,2025,2,99.61,11757,5478.35,6604.64,0.0,0.0,454.92,561.39,82.95,81.03
Flybig,scheduled_domestic,2025,2,34.883,707,179.966,662.777,0.0,0.0,13.497,209.298,27.15,6.45
IndiGo,scheduled_domestic,2025,2,48288.149,9015997,8538835.0,9315125.0,23068.793,2693.906,797263.916,1022260.228,91.67,77.99
India One Air,scheduled_domestic,2025,2,115.735,2721,863.061,1041.615,0.0,0.0,77.675,93.745,82.86,82.86
QuikJet Cargo,scheduled_domestic,2025,2,148.239,0,0.0,0.0,1338.752,0.0,1533.269,3261.258,0.0,47.01
SpiceJet,scheduled_domestic,2025,2,3039.18,453930,442261.689,484842.482,1488.003,0.0,34794.022,42365.633,91.22,82.13
Star Air,scheduled_domestic,2025,2,610.873,59935,35512.0,42742.0,0.0,0.0,3195.0,3849.0,83.08,83.01
Air India,scheduled_international,2025,2,23960.627,955197,5449990.163,6166912.421,14776.413,156.288,671235.146,736399.203,88.37,91.15
Air India Express,scheduled_international,2025,2,9783.227,507390,1397297.994,1796149.665,4692.564,0.0,113886.453,195664.539,77.79,58.2
Akasa Air,scheduled_international,2025,2,771.486,41175,119527.553,144244.824,132.859,0.0,11607.599,15820.092,82.86,73.37
IndiGo,scheduled_international,2025,2,18574.655,1250961,3281709.0,3776299.0,3952.937,10.966,305870.041,356502.25,86.9,85.8
SpiceJet,scheduled_international,2025,2,1533.102,108189,242152.709,289495.935,606.212,0.0,19550.674,26579.716,83.65,73.55
Air India,nonscheduled_domestic,2025,3,48.572,14223,5855.059,8041.92,4.389,0.0,566.519,739.826,72.81,76.57
Air India Express,nonscheduled_domestic,2025,3,53.843,19735,12339.161,13396.206,0.0,0.0,925.437,1474.28,92.11,62.77
Akasa Air,nonscheduled_domestic,2025,3,7.327,764,1025.684,1375.179,0.85,0.0,85.396,150.247,74.59,56.84
Blue Dart Aviation,nonscheduled_domestic,2025,3,48.0,0,0.0,0.0,707.725,0.0,848.0,1151.0,0.0,73.68
IndiGo,nonscheduled_domestic,2025,3,200.854,19061,12333.0,14937.0,781.266,0.701,2351.307,3944.478,82.57,59.61
QuikJet Cargo,nonscheduled_domestic,2025,3,29.946,0,0.0,0.0,253.5,0.0,258.485,658.812,0.0,39.23
SpiceJet,nonscheduled_domestic,2025,3,2.67,176,156.64,325.74,0.0,0.0,11.748,27.59,48.09,42.58
IndiGo,nonscheduled_international,2025,3,335.431,0,0.0,0.0,1989.92,0.0,4859.829,7375.863,0.0,65.89
SpiceJet,nonscheduled_international,2025,3,1.636,155,253.58,309.204,0.0,0.0,19.018,26.176,82.01,72.66
Air India,scheduled_domestic,2025,3,17552.128,2303093,2413939.142,3002343.897,13706.921,777.508,232105.037,277373.875,80.4,83.68
Air India Express,scheduled_domestic,2025,3,11211.273,1575238,1617039.843,2001710.966,4967.242,0.0,167557.416,224225.456,80.78,74.73
Akasa Air,scheduled_domestic,2025,3,4910.706,719271,857586.721,927060.682,4614.379,241.607,76708.54,100698.937,92.51,76.18
Alliance Air,scheduled_domestic,2025,3,663.597,77945,32129.95,42326.896,0.069,0.0,2923.826,4069.808,75.91,71.84
Blue Dart Aviation,scheduled_domestic,2025,3,592.0,0,0.0,0.0,11344.712,0.0,11356.0,17464.0,0.0,65.03
Fly91,scheduled_domestic,2025,3,113.79,12327,5619.356,7354.046,0.0,0.0,464.92,625.094,76.41,74.38
Flybig,scheduled_domestic,2025,3,55.113,1161,276.705,1047.147,0.0,0.0,20.753,330.678,26.42,6.28
IndiGo,scheduled_domestic,2025,3,54062.759,9309423,8798393.0,10399246.0,26716.426,2568.43,824706.95,1143742.88,84.61,72.11
India One Air,scheduled_domestic,2025,3,129.625,2992,956.669,1166.625,0.0,0.0,86.1,104.996,82.0,82.0
QuikJet Cargo,scheduled_domestic,2025,3,145.399,0,0.0,0.0,1439.842,0.0,1654.173,3198.778,0.0,51.71
SpiceJet,scheduled_domestic,2025,3,3493.633,479518,484082.688,570766.843,2044.137,0.0,38638.611,50128.929,84.81,77.08
Star Air,scheduled_domestic,2025,3,686.451,60714,35061.0,47535.0,0.0,0.0,3263.0,4277.0,73.76,76.29
Air India,scheduled_international,2025,3,25533.505,965068,5395312.327,6543926.917,17447.829,210.63,674251.081,771919.325,82.45,87.35
Air India Express,scheduled_international,2025,3,10822.18,495965,1364258.673,1987229.796,4852.521,0.0,109994.48,216443.601,68.65,50.82
Akasa Air,scheduled_international,2025,3,931.189,47170,120928.217,173934.708,140.89,0.0,11803.571,19094.962,69.53,61.82
IndiGo,scheduled_international,2025,3,20915.109,1288619,3390030.0,4264695.0,5036.234,10.678,318930.363,400393.267,79.49,79.65
SpiceJet,scheduled_international,2025,3,1703.53,110832,248121.161,322320.618,774.339,0.0,20385.189,30054.816,76.98,67.83
Air India,nonscheduled_domestic,2025,4,78.542,14128,8865.694,12290.036,9.289,0.0,866.241,1133.337,72.14,76.43
Air India Express,nonscheduled_domestic,2025,4,69.816,19228,11995.384,12682.26,0.0,0.0,899.654,1396.32,94.58,64.43
Akasa Air,nonscheduled_domestic,2025,4,8.957,843,1086.329,1672.512,0.0,0.013,102.172,183.672,64.95,55.63
Alliance Air,nonscheduled_domestic,2025,4,0.462,126,29.106,32.34,0.0,0.0,2.649,3.072,90.0,86.21
Blue Dart Aviation,nonscheduled_domestic,2025,4,27.0,0,0.0,0.0,408.915,0.0,419.0,574.0,0.0,73.0
IndiGo,nonscheduled_domestic,2025,4,176.276,18874,12482.0,14406.0,714.348,0.002,2133.785,3431.278,86.64,62.19
QuikJet Cargo,nonscheduled_domestic,2025,4,7.19,0,0.0,0.0,64.84,0.0,59.34,158.18,0.0,37.51
SpiceJet,nonscheduled_domestic,2025,4,1.78,331,294.59,336.42,0.0,0.0,22.094,28.48,87.57,77.58
Air India Express,nonscheduled_international,2025,4,16.838,1093,2550.026,3182.382,0.0,0.0,191.252,336.76,80.13,56.79
IndiGo,nonscheduled_international,2025,4,273.193,0,0.0,0.0,1655.065,0.0,4075.376,6091.62,0.0,66.9
SpiceJet,nonscheduled_international,2025,4,4.2,266,558.6,781.2,0.0,0.0,41.895,67.2,71.51,62.34
Air India,scheduled_domestic,2025,4,16573.981,2180617,2301209.657,2798619.482,12644.753,735.331,222195.052,261443.103,82.23,84.99
Air India Express,scheduled_domestic,2025,4,11611.745,1709127,1760620.766,2074569.931,5361.749,0.0,183112.894,232234.905,84.87,78.85
Akasa Air,scheduled_domestic,2025,4,4844.768,712182,849462.025,913082.388,4516.866,210.172,75622.564,99346.813,93.03,76.12
Alliance Air,scheduled_domestic,2025,4,605.112,75957,30123.064,39734.389,0.144,0.0,2741.199,3806.714,75.81,72.01
Blue Dart Aviation,scheduled_domestic,2025,4,614.0,0,0.0,0.0,11009.465,0.0,11035.0,18114.0,0.0,60.92
Fly91,scheduled_domestic,2025,4,175.16,20369,9258.037,11205.178,0.0,0.0,758.139,952.44,82.62,79.6
Flybig,scheduled_domestic,2025,4,60.008,1415,344.864,1140.152,0.0,0.0,25.865,360.048,30.25,7.18
IndiGo,scheduled_domestic,2025,4,51611.444,9171560,8642291.0,9942178.0,26282.995,2405.695,809819.655,1107597.991,86.93,73.11
India One Air,scheduled_domestic,2025,4,124.49,2886,909.448,1120.41,0.0,0.0,81.85,100.837,81.17,81.17
QuikJet Cargo,scheduled_domestic,2025,4,156.41,0,0.0,0.0,1507.97,0.0,1739.838,3441.02,0.0,50.56
SpiceJet,scheduled_domestic,2025,4,2801.646,379010,388576.028,451948.856,1306.83,0.0,30569.098,39649.338,85.98,77.1
Star Air,scheduled_domestic,2025,4,668.273,61565,36459.128,45745.112,0.0,0.0,3281.322,4117.06,79.7,79.7
Air India,scheduled_international,2025,4,24758.601,936587,5203893.802,6334257.212,15327.855,204.402,645141.648,746073.226,82.15,86.47
Air India Express,scheduled_international,2025,4,11173.512,591128,1632477.733,2060540.775,1794.067,0.0,128543.122,223470.243,79.23,57.52
Akasa Air,scheduled_international,2025,4,972.968,48945,130883.913,183714.683,100.108,0.0,12662.865,19951.682,71.24,63.47
IndiGo,scheduled_international,2025,4,20413.183,1328293,3492104.0,4214790.0,4480.01,9.639,326848.613,397405.201,82.85,82.25
SpiceJet,scheduled_international,2025,4,1584.049,102763,237303.84,297309.477,548.814,0.0,19073.523,26954.5,79.82,70.76
Air India,nonscheduled_domestic,2025,5,41.052,10102,5183.703,6777.972,0.986,0.0,505.976,629.999,76.48,80.31
Air India Express,nonscheduled_domestic,2025,5,69.816,16389,10195.839,12682.26,0.0,0.0,764.688,1396.32,80.39,54.76
Akasa Air,nonscheduled_domestic,2025,5,14.681,1617,2031.639,2746.581,5.014,0.105,199.547,301.049,73.97,66.28
Blue Dart Aviation,nonscheduled_domestic,2025,5,26.0,0,0.0,0.0,402.425,0.0,400.0,720.0,0.0,55.56
IndiGo,nonscheduled_domestic,2025,5,139.771,16016,10117.0,12504.0,524.384,0.207,1603.632,2599.591,80.91,61.69
QuikJet Cargo,nonscheduled_domestic,2025,5,0.623,0,0.0,0.0,6.83,0.0,4.255,13.706,0.0,31.05
SpiceJet,nonscheduled_domestic,2025,5,8.96,2105,1450.208,1729.863,0.036,0.0,108.789,155.552,83.83,69.94
Air India Express,nonscheduled_international,2025,5,297.231,13138,50117.886,56176.59,0.0,0.0,3758.841,5944.613,89.21,63.23
IndiGo,nonscheduled_international,2025,5,255.333,431,526.0,567.0,1565.788,0.0,3906.08,5708.525,92.77,68.43
SpiceJet,nonscheduled_international,2025,5,220.293,13767,65312.547,67634.61,0.0,0.0,4898.441,8822.314,96.57,55.52
Air India,scheduled_domestic,2025,5,16983.348,2093391,2250087.387,2871854.984,15081.058,810.136,222273.469,267992.804,78.35,82.94
Air India Express,scheduled_domestic,2025,5,11059.201,1628871,1651625.156,1991092.649,5566.883,0.0,171438.161,221184.019,82.95,77.51
Akasa Air,scheduled_domestic,2025,5,5195.475,746531,895399.367,978991.734,4783.151,248.002,77577.124,106538.41,91.46,72.82
Alliance Air,scheduled_domestic,2025,5,543.512,62159,25337.841,34260.793,0.0,0.0,2305.744,3286.336,73.96,70.16
Blue Dart Aviation,scheduled_domestic,2025,5,652.0,0,0.0,0.0,11617.453,0.0,11764.0,19170.0,0.0,61.37
Fly91,scheduled_domestic,2025,5,193.69,24385,10879.2,12422.55,0.0,0.0,894.22,1055.92,87.58,84.69
Flybig,scheduled_domestic,2025,5,81.989,1864,444.819,1557.791,0.0,0.0,33.361,491.934,28.55,6.78
IndiGo,scheduled_domestic,2025,5,51793.464,9079585,8521422.0,10016892.0,28287.264,2239.65,801614.715,1124707.623,85.07,71.27
India One Air,scheduled_domestic,2025,5,131.014,2947,955.723,1179.126,0.0,0.0,86.015,106.121,81.05,81.05
QuikJet Cargo,scheduled_domestic,2025,5,152.382,0,0.0,0.0,1408.915,0.0,1636.701,3352.404,0.0,48.82
SpiceJet,scheduled_domestic,2025,5,2782.622,339663,370127.753,440434.472,1481.356,0.0,29475.247,38749.754,84.04,76.07
Star Air,scheduled_domestic,2025,5,773.663,75428,42870.0,57099.0,0.0,0.0,3858.317,5138.539,75.08,75.09
Air India,scheduled_international,2025,5,24882.164,915535,5058919.97,6376434.902,17441.884,226.577,641885.82,748263.249,79.34,85.78
Air India Express,scheduled_international,2025,5,11145.555,579399,1581497.149,2050289.855,6159.879,0.0,127005.857,222911.109,77.14,56.98
Akasa Air,scheduled_international,2025,5,699.809,41240,97187.896,133862.414,116.258,0.0,9118.961,14350.283,72.6,63.55
IndiGo,scheduled_international,2025,5,20279.624,1330798,3429499.0,4167591.0,5032.448,11.97,322417.307,390293.259,82.29,82.61
SpiceJet,scheduled_international,2025,5,1607.869,107231,239477.32,302081.34,598.856,0.0,19357.635,27227.512,79.28,71.1
Air India,nonscheduled_domestic,2025,6,28.326,10376,3635.411,4687.076,0.0,0.0,354.873,436.903,77.56,81.22
Air India Express,nonscheduled_domestic,2025,6,74.0,17597,10985.669,13473.192,0.0,0.0,823.925,1472.48,81.54,55.95
Blue Dart Aviation,nonscheduled_domestic,2025,6,22.0,0,0.0,0.0,364.298,0.0,355.0,511.0,0.0,69.47
IndiGo,nonscheduled_domestic,2025,6,123.659,19518,12289.0,14174.0,177.095,6.34,1323.002,2211.026,86.7,59.84
QuikJet Cargo,nonscheduled_domestic,2025,6,1.246,0,0.0,0.0,8.465,0.0,5.274,27.412,0.0,19.24
SpiceJet,nonscheduled_domestic,2025,6,1.327,240,125.86,189.225,0.0,0.0,9.44,15.945,66.51,59.2
Air India Express,nonscheduled_international,2025,6,139.914,8359,22643.002,26443.663,0.0,0.0,1698.225,2798.271,85.63,60.69
IndiGo,nonscheduled_international,2025,6,230.271,680,1595.0,2817.0,1483.821,0.361,3699.439,5277.507,56.62,70.1
SpiceJet,nonscheduled_international,2025,6,84.416,5215,24565.351,25582.419,0.0,0.0,1842.401,3328.611,96.02,55.35
Air India,scheduled_domestic,2025,6,16298.526,2098185,2231136.864,2745113.339,21580.432,685.832,227883.969,255913.747,81.28,89.05
Air India Express,scheduled_domestic,2025,6,11022.056,1594172,1627031.958,1988323.394,6522.86,0.0,170488.002,220441.123,81.83,77.34
Akasa Air,scheduled_domestic,2025,6,5022.916,722093,867159.534,949065.332,4834.193,238.761,77933.578,102999.915,91.37,75.66
Alliance Air,scheduled_domestic,2025,6,624.611,66355,27047.685,39831.44,0.0,0.0,2461.339,3816.155,67.91,64.5
Blue Dart Aviation,scheduled_domestic,2025,6,611.0,0,0.0,0.0,11213.487,0.0,11274.0,17958.0,0.0,62.78
Fly91,scheduled_domestic,2025,6,214.606,22196,9971.341,14001.57,0.0,0.0,820.272,1190.133,71.22,68.92
Flybig,scheduled_domestic,2025,6,73.864,1186,305.555,1403.416,0.0,0.0,22.917,443.184,21.77,5.17
IndiGo,scheduled_domestic,2025,6,49796.158,8773638,8259122.0,9665660.0,28267.019,2248.769,778338.413,1095325.098,85.45,71.06
India One Air,scheduled_domestic,2025,6,135.066,2819,907.665,1215.594,0.0,0.0,81.69,109.403,74.67,74.67
QuikJet Cargo,scheduled_domestic,2025,6,165.874,0,0.0,0.0,1529.767,0.0,1755.73,3649.228,0.0,48.11
SpiceJet,scheduled_domestic,2025,6,2021.779,260902,258226.397,302956.721,1105.722,0.0,20608.917,26970.749,85.24,76.41
Star Air,scheduled_domestic,2025,6,734.299,62766,37063.691,53085.728,0.0,0.0,3335.732,4777.716,69.82,69.82
Air India,scheduled_international,2025,6,19787.761,795343,4026457.655,4909234.657,25305.128,154.807,567494.369,932520.113,82.02,60.86
Air India Express,scheduled_international,2025,6,10150.772,516061,1408458.891,1868609.71,4702.923,0.0,113340.141,203015.43,75.37,55.83
Akasa Air,scheduled_international,2025,6,808.335,46571,113289.128,154379.613,106.535,0.0,11000.653,16575.718,73.38,66.37
IndiGo,scheduled_international,2025,6,20527.994,1291919,3368001.0,4205663.0,4100.647,10.249,313843.715,397721.528,80.08,78.91
SpiceJet,scheduled_international,2025,6,1522.155,104249,224853.163,285770.727,442.019,0.0,17878.336,24828.93,78.68,72.01
Air India,nonscheduled_domestic,2025,7,28.218,10571,3552.202,4683.944,0.0,0.0,343.672,431.948,75.84,79.56
Air India Express,nonscheduled_domestic,2025,7,74.64,19056,12116.672,13774.284,0.0,0.0,908.75,1492.8,87.97,60.88
Blue Dart Aviation,nonscheduled_domestic,2025,7,114.0,0,0.0,0.0,1684.849,0.0,2100.0,3003.0,0.0,69.93
IndiGo,nonscheduled_domestic,2025,7,156.962,17870,11008.0,13024.0,414.592,1.707,1579.996,3020.829,84.52,52.3
QuikJet Cargo,nonscheduled_domestic,2025,7,13.167,0,0.0,0.0,89.966,0.0,142.279,289.674,0.0,49.12
SpiceJet,nonscheduled_domestic,2025,7,41.55,4878,5853.805,7137.878,24.876,0.0,468.65,628.215,82.01,74.6
Air India,nonscheduled_international,2025,7,13.298,134,168.036,4547.916,0.0,0.0,13.107,354.737,3.69,3.69
Air India Express,nonscheduled_international,2025,7,195.943,15303,32599.797,37033.259,0.0,0.0,2444.985,3918.863,88.03,62.39
IndiGo,nonscheduled_international,2025,7,308.712,0,0.0,0.0,1921.55,0.0,4979.828,6979.363,0.0,71.35
QuikJet Cargo,nonscheduled_international,2025,7,5.912,0,0.0,0.0,11.917,0.0,35.799,130.064,0.0,27.52
SpiceJet,nonscheduled_international,2025,7,145.196,8666,39821.892,41856.024,0.817,0.0,2988.429,5227.202,95.14,57.17
Air India,scheduled_domestic,2025,7,15177.67,1870732,1992242.171,2537146.645,20605.506,806.99,204976.223,235655.662,78.52,86.98
Air India Express,scheduled_domestic,2025,7,10162.062,1437558,1454446.808,1828371.52,5532.332,0.0,152549.097,203241.233,79.55,75.06
Akasa Air,scheduled_domestic,2025,7,5006.974,697509,854276.763,947357.474,5269.393,230.203,77827.673,102673.009,90.17,75.8
Alliance Air,scheduled_domestic,2025,7,505.759,46012,19844.949,31630.296,0.0,0.0,1805.89,3035.191,62.74,59.5
Blue Dart Aviation,scheduled_domestic,2025,7,575.0,0,0.0,0.0,11158.146,0.0,10973.0,17119.0,0.0,64.1
Fly91,scheduled_domestic,2025,7,238.01,24901,11057.658,15801.675,0.0,0.0,907.13,1343.142,69.98,67.54
Flybig,scheduled_domestic,2025,7,69.19,928,255.95,1314.61,0.0,0.0,19.196,415.14,19.47,4.62
IndiGo,scheduled_domestic,2025,7,46425.7,8215364,7615736.0,9054911.0,29044.169,2528.851,720977.793,1027823.023,84.11,70.15
India One Air,scheduled_domestic,2025,7,137.59,2321,749.586,1240.794,0.0,0.0,67.463,111.671,60.41,60.41
QuikJet Cargo,scheduled_domestic,2025,7,158.355,0,0.0,0.0,1610.869,0.0,1859.008,3483.81,0.0,53.36
SpiceJet,scheduled_domestic,2025,7,1838.084,246242,224286.004,266381.079,1079.255,0.0,17940.626,23511.154,84.2,76.31
Star Air,scheduled_domestic,2025,7,743.305,63745,37312.742,53400.5,0.0,0.0,3358.146,4806.045,69.87,69.87
Air India,scheduled_international,2025,7,21299.819,785494,4078193.829,5341428.899,27517.398,192.79,587974.982,602828.025,76.35,97.54
Air India Express,scheduled_international,2025,7,11114.462,577116,1604687.403,2042342.512,5899.196,0.0,130006.434,222289.24,78.57,58.49
Akasa Air,scheduled_international,2025,7,1430.446,69079,197808.678,272311.737,137.318,0.0,19054.421,29332.726,72.64,64.96
IndiGo,scheduled_international,2025,7,22190.159,1393593,3745407.0,4561388.0,4862.431,12.72,352320.511,426756.62,82.11,82.56
SpiceJet,scheduled_international,2025,7,1643.578,107235,240710.413,308425.92,515.257,0.0,19257.567,27050.023,78.04,71.19
Air India Express,nonscheduled_domestic,2025,8,74.16,18150,11357.86,14016.24,0.0,0.0,1135.786,1483.2,81.03,76.58
Akasa Air,nonscheduled_domestic,2025,8,1.888,316,298.304,354.0,0.45,0.0,26.122,38.715,84.27,67.47
Blue Dart Aviation,nonscheduled_domestic,2025,8,57.0,0,0.0,0.0,813.682,0.0,960.0,1426.0,0.0,67.32
IndiGo,nonscheduled_domestic,2025,8,141.594,17262,10888.0,13710.0,304.126,1.579,1419.903,2614.413,79.42,54.31
QuikJet Cargo,nonscheduled_domestic,2025,8,2.949,0,0.0,0.0,16.254,0.0,16.127,64.878,0.0,24.86
SpiceJet,nonscheduled_domestic,2025,8,0.628,360,113.04,118.692,0.0,0.0,8.478,10.048,95.24,84.38
IndiGo,nonscheduled_international,2025,8,332.8,0,0.0,0.0,2157.326,0.0,5491.353,7539.505,0.0,72.83
QuikJet Cargo,nonscheduled_international,2025,8,53.208,0,0.0,0.0,139.453,0.0,418.917,1170.576,0.0,35.79
Air India,scheduled_domestic,2025,8,16175.296,1986947,2362940.189,2885312.806,19267.268,746.055,237200.935,270515.711,81.9,87.68
Air India Express,scheduled_domestic,2025,8,10299.554,1552028,1519984.471,1862546.829,6841.392,0.0,160070.884,205991.08,81.61,77.71
Akasa Air,scheduled_domestic,2025,8,5021.297,702582,863571.812,949268.47,5167.44,200.606,78344.44,102966.716,90.97,76.09
Alliance Air,scheduled_domestic,2025,8,394.321,37473,16441.751,23927.297,0.0,0.0,1496.199,2297.997,68.72,65.11
Blue Dart Aviation,scheduled_domestic,2025,8,573.0,0,0.0,0.0,11165.684,0.0,11159.0,17094.0,0.0,65.28
Fly91,scheduled_domestic,2025,8,244.0,28438,12510.133,16193.363,0.0,0.0,1027.838,1376.436,77.25,74.67
Flybig,scheduled_domestic,2025,8,54.714,990,278.25,1039.566,0.0,0.0,20.869,328.284,26.77,6.36
IndiGo,scheduled_domestic,2025,8,46490.098,8314039,7709340.0,9112809.0,28212.301,2305.947,728139.654,1033928.018,84.6,70.42
India One Air,scheduled_domestic,2025,8,131.431,2519,822.74,1182.879,0.0,0.0,74.047,106.459,69.55,69.55
QuikJet Cargo,scheduled_domestic,2025,8,127.907,0,0.0,0.0,1310.188,0.0,1516.413,2813.954,0.0,53.89
SpiceJet,scheduled_domestic,2025,8,1921.348,261610,247695.219,284601.799,1152.309,0.0,19841.596,24879.766,87.03,79.75
Star Air,scheduled_domestic,2025,8,675.991,62011,34944.0,48230.0,0.0,0.0,3145.001,4340.663,72.45,72.45
Air India,scheduled_international,2025,8,21192.27,819812,4292902.473,5298488.572,20798.507,187.331,585304.245,615146.011,81.02,95.15
Air India Express,scheduled_international,2025,8,11232.404,599274,1660919.507,2061507.08,6488.963,0.0,134303.857,224648.074,80.57,59.78
Akasa Air,scheduled_international,2025,8,1527.324,66548,193152.301,291007.337,208.638,0.0,18715.805,31319.306,66.37,59.76
IndiGo,scheduled_international,2025,8,22327.059,1403854,3763287.0,4608599.0,4722.253,9.202,353987.63,458880.512,81.66,77.14
SpiceJet,scheduled_international,2025,8,1689.722,107955,242858.743,313734.314,428.918,0.0,19211.399,27935.836,77.41,68.77
Air India,nonscheduled_domestic,2025,9,28.676,10416,3852.921,4760.58,0.0,0.0,372.967,443.764,80.93,84.05
Air India Express,nonscheduled_domestic,2025,9,75.0,19107,12192.0,14204.0,0.0,0.0,1219.0,1503.0,85.83,81.1
Blue Dart Aviation,nonscheduled_domestic,2025,9,41.0,0,0.0,0.0,514.679,0.0,579.0,1106.0,0.0,52.35
Fly91,nonscheduled_domestic,2025,9,0.37,45,16.47,25.62,0.0,0.0,1.71,2.18,64.29,78.44
IndiGo,nonscheduled_domestic,2025,9,157.194,18322,11272.0,13407.0,646.511,2.512,1920.616,3100.635,84.08,61.94
QuikJet Cargo,nonscheduled_domestic,2025,9,23.415,0,0.0,0.0,156.704,0.0,249.076,515.13,0.0,48.35
IndiGo,nonscheduled_international,2025,9,326.13,144,163.0,210.0,2095.145,0.0,5421.406,7346.878,77.62,73.79
QuikJet Cargo,nonscheduled_international,2025,9,47.296,0,0.0,0.0,122.932,0.0,369.288,1040.512,0.0,35.49
Air India,scheduled_domestic,2025,9,16088.854,2008330,2202882.259,2778933.318,25280.247,800.459,228390.469,273208.977,79.27,83.6
Air India Express,scheduled_domestic,2025,9,9944.0,1459007,1425534.0,1788183.0,6933.194,0.0,150264.0,198896.0,79.72,75.55
Akasa Air,scheduled_domestic,2025,9,4608.827,664811,800331.39,871930.266,4878.734,214.633,72542.598,94508.606,91.79,76.76
Alliance Air,scheduled_domestic,2025,9,424.73,43562,17909.504,26784.424,0.0,0.0,1629.765,2568.884,66.87,63.44
Blue Dart Aviation,scheduled_domestic,2025,9,596.0,0,0.0,0.0,11758.193,0.0,11871.0,18028.0,0.0,65.85
Fly91,scheduled_domestic,2025,9,233.65,27367,12273.88,15744.78,0.0,0.0,1006.67,1309.52,77.96,76.87
Flybig,scheduled_domestic,2025,9,49.373,610,188.295,938.087,0.0,0.0,14.122,296.238,20.07,4.77
IndiGo,scheduled_domestic,2025,9,47555.37,8127404,7578261.0,9297544.0,28489.838,2480.68,716682.404,1054639.079,81.51,67.96
India One Air,scheduled_domestic,2025,9,134.236,2753,879.71,1208.124,0.0,0.0,79.174,108.731,72.82,72.82
QuikJet Cargo,scheduled_domestic,2025,9,110.428,0,0.0,0.0,1146.193,0.0,1320.887,2429.416,0.0,54.37
SpiceJet,scheduled_domestic,2025,9,1844.774,244777,227801.523,269154.841,1183.966,0.0,18339.942,23659.806,84.64,77.52
Star Air,scheduled_domestic,2025,9,737.292,64920,36439.408,55855.536,0.0,0.0,3279.547,5026.998,65.24,65.24
Air India,scheduled_international,2025,9,20039.454,771859,3871156.646,5041339.15,32323.59,227.436,605656.232,696976.047,76.79,86.9
Air India Express,scheduled_international,2025,9,10492.622,545537,1500603.557,1931997.75,5009.684,0.0,121216.152,209852.446,77.67,57.76
Akasa Air,scheduled_international,2025,9,1605.815,70944,219281.066,307270.517,227.808,0.0,21379.681,32928.842,71.36,64.93
IndiGo,scheduled_international,2025,9,21702.562,1338599,3569852.0,4544159.0,5261.646,10.842,338545.443,461690.127,78.56,73.33
SpiceJet,scheduled_international,2025,9,1559.26,98289,214757.291,284880.632,314.444,0.0,16818.958,25519.06,75.39,65.91
Air India,nonscheduled_domestic,2025,10,46.115,12316,5809.071,7694.392,4.146,0.0,547.199,694.614,75.5,78.78
Air India Express,nonscheduled_domestic,2025,10,71.098,18120,11308.412,12916.866,0.0,0.0,848.131,1421.96,87.55,59.65
Blue Dart Aviation,nonscheduled_domestic,2025,10,83.0,0,0.0,0.0,1191.808,0.0,1452.0,2233.0,0.0,65.02
IndiGo,nonscheduled_domestic,2025,10,140.348,17558,10915.0,14055.0,263.806,1.836,1329.316,2634.377,77.66,50.46
QuikJet Cargo,nonscheduled_domestic,2025,10,2.526,0,0.0,0.0,17.205,0.0,21.73,55.572,0.0,39.1
SpiceJet,nonscheduled_domestic,2025,10,5.113,410,326.549,860.649,0.0,0.0,24.491,74.002,37.94,33.1
IndiGo,nonscheduled_international,2025,10,284.0,0,0.0,0.0,1880.779,0.0,4799.999,6493.389,0.0,73.92
QuikJet Cargo,nonscheduled_international,2025,10,71.04,0,0.0,0.0,201.638,0.0,605.652,1562.88,0.0,38.75
Air India,scheduled_domestic,2025,10,17069.192,2056159,2210844.42,2929679.18,26649.528,695.788,231777.653,287614.457,75.46,80.59
Air India Express,scheduled_domestic,2025,10,10750.559,1547851,1558409.991,1946678.689,6777.164,0.0,163937.999,215011.178,80.05,76.25
Akasa Air,scheduled_domestic,2025,10,5049.876,724662,871232.444,955334.635,5046.6,243.242,76698.235,103552.757,91.2,74.07
Alliance Air,scheduled_domestic,2025,10,267.526,29206,11936.501,17489.725,0.0,0.0,1086.222,1677.548,68.25,64.75
Blue Dart Aviation,scheduled_domestic,2025,10,562.0,0,0.0,0.0,11016.602,0.0,11050.0,16795.0,0.0,65.79
Fly91,scheduled_domestic,2025,10,255.13,32953,14797.58,17183.69,0.0,0.0,1120.5,1467.43,86.11,76.36
Flybig,scheduled_domestic,2025,10,26.968,275,109.921,512.392,0.0,0.0,8.244,161.808,21.45,5.09
IndiGo,scheduled_domestic,2025,10,53909.706,9195792,8702094.0,10562484.0,27155.736,2401.282,816227.973,1198918.064,82.39,68.08
India One Air,scheduled_domestic,2025,10,120.566,2702,893.294,1085.094,0.0,0.0,80.396,97.658,82.32,82.32
QuikJet Cargo,scheduled_domestic,2025,10,107.067,0,0.0,0.0,1110.554,0.0,1279.352,2355.474,0.0,54.31
SpiceJet,scheduled_domestic,2025,10,2758.228,361639,368782.045,448375.248,1788.785,0.0,29744.704,39514.17,82.25,75.28
Star Air,scheduled_domestic,2025,10,784.078,76855,45384.747,60934.608,0.0,0.0,4084.627,5484.115,74.48,74.48
Air India,scheduled_international,2025,10,22699.642,834976,4303396.889,5734665.846,36254.045,218.68,669324.396,781100.737,75.04,85.69
Air India Express,scheduled_international,2025,10,10001.347,556003,1514923.155,1841653.713,6052.342,0.0,122138.269,200026.934,82.26,61.06
Akasa Air,scheduled_international,2025,10,1745.04,82377,242426.202,332684.073,234.019,0.0,22410.996,35783.79,72.87,62.63
IndiGo,scheduled_international,2025,10,22250.06,1413816,3809628.0,4714711.0,5354.641,10.875,359820.299,464642.168,80.8,77.44
SpiceJet,scheduled_international,2025,10,1446.178,107031,233970.492,281959.386,553.732,0.0,18834.057,26432.222,82.98,71.25
Air India,nonscheduled_domestic,2025,11,44.912,13141,5729.846,7502.296,4.396,0.0,543.943,682.616,76.37,79.68
Air India Express,nonscheduled_domestic,2025,11,50.678,15365,8290.476,9578.142,0.0,0.0,621.786,1013.56,86.56,61.35
Akasa Air,nonscheduled_domestic,2025,11,9.981,1165,1310.555,1877.852,1.987,0.112,129.002,204.67,69.79,63.03
Blue Dart Aviation,nonscheduled_domestic,2025,11,70.0,0,0.0,0.0,846.962,0.0,1029.0,1744.0,0.0,59.0
Fly91,nonscheduled_domestic,2025,11,3.26,227,184.83,228.2,0.0,0.0,13.86,19.4,80.99,71.44
IndiGo,nonscheduled_domestic,2025,11,177.573,24617,16482.0,17796.0,543.187,0.006,2190.493,3404.041,92.62,64.35
QuikJet Cargo,nonscheduled_domestic,2025,11,3.981,0,0.0,0.0,31.389,0.0,33.31,87.582,0.0,38.03
SpiceJet,nonscheduled_domestic,2025,11,6.664,1064,778.408,1157.541,0.0,0.0,58.381,105.648,67.25,55.26
Air India,nonscheduled_international,2025,11,4.411,157,156.917,793.712,14.822,0.0,49.746,99.416,19.77,50.04
IndiGo,nonscheduled_international,2025,11,285.352,0,0.0,0.0,2073.478,0.0,4593.383,6735.395,0.0,68.2
QuikJet Cargo,nonscheduled_international,2025,11,65.124,0,0.0,0.0,202.606,0.0,607.092,1432.737,0.0,42.37
Air India,scheduled_domestic,2025,11,16845.158,2357226,2540645.968,2851995.334,27492.176,707.514,262267.248,286286.726,89.08,91.61
Air India Express,scheduled_domestic,2025,11,11286.488,1717758,1751973.044,2054097.284,9240.503,0.0,186293.216,225729.759,85.29,82.53
Akasa Air,scheduled_domestic,2025,11,4767.611,721879,847569.562,903456.896,5083.578,248.433,77736.611,97764.631,93.81,79.51
Alliance Air,scheduled_domestic,2025,11,559.768,57557,23728.087,37243.837,0.0,0.0,2159.256,3560.666,63.71,60.64
Blue Dart Aviation,scheduled_domestic,2025,11,561.0,0,0.0,0.0,11123.66,0.0,11028.0,16705.0,0.0,66.02
Fly91,scheduled_domestic,2025,11,263.96,33600,15146.54,17927.26,0.0,0.0,1251.94,1523.82,84.49,82.16
IndiGo,scheduled_domestic,2025,11,52710.424,9692717,9218088.0,10391122.0,27544.247,2596.759,862791.112,1174333.372,88.71,73.47
India One Air,scheduled_domestic,2025,11,129.698,3070,970.222,1167.282,0.0,0.0,87.32,105.055,83.12,83.12
QuikJet Cargo,scheduled_domestic,2025,11,132.574,0,0.0,0.0,1336.57,0.0,1538.971,2916.628,0.0,52.77
SpiceJet,scheduled_domestic,2025,11,3636.497,566943,558744.142,637117.534,2744.145,0.0,45019.408,56950.11,87.7,79.05
Star Air,scheduled_domestic,2025,11,886.88,85896,50264.272,68982.464,0.0,0.0,4523.784,6208.422,72.87,72.87
Air India,scheduled_international,2025,11,22232.559,866127,4621185.191,5668675.18,42165.257,271.216,745034.349,826722.235,81.52,90.12
Air India Express,scheduled_international,2025,11,8969.3,524386,1421748.126,1649513.235,3618.995,0.0,115524.826,179386.001,86.19,64.4
Akasa Air,scheduled_international,2025,11,1932.318,90865,272092.414,364761.25,240.389,0.0,25989.632,39624.113,74.59,65.59
IndiGo,scheduled_international,2025,11,23257.936,1462545,4027840.0,4967302.0,5915.464,11.16,380227.474,467833.093,81.09,81.27
SpiceJet,scheduled_international,2025,11,1847.612,131998,298199.791,352239.352,641.081,0.0,23858.193,32274.671,84.66,73.92
Air India,nonscheduled_domestic,2025,12,60.734,19468,9863.414,10554.108,0.807,0.0,945.6,999.474,93.46,94.61
Air India Express,nonscheduled_domestic,2025,12,15.449,5787,2306.772,2918.775,0.0,0.0,173.008,308.98,79.03,55.99
Akasa Air,nonscheduled_domestic,2025,12,20.148,3765,3067.286,3822.593,5.355,0.0,281.549,413.155,80.24,68.15
Blue Dart Aviation,nonscheduled_domestic,2025,12,119.0,0,0.0,0.0,1776.344,0.0,2324.0,3582.0,0.0,64.88
IndiGo,nonscheduled_domestic,2025,12,225.128,25987,17208.0,18818.0,1002.093,0.672,2984.589,4601.716,91.44,64.86
SpiceJet,nonscheduled_domestic,2025,12,14.811,1945,1271.298,2515.209,0.0,0.0,95.347,225.127,50.54,42.35
Air India Express,nonscheduled_international,2025,12,38.137,1050,3640.35,7207.893,0.0,0.0,273.026,762.74,50.51,35.8
IndiGo,nonscheduled_international,2025,12,392.058,0,0.0,0.0,2748.357,0.0,5985.325,9037.126,0.0,66.23
QuikJet Cargo,nonscheduled_international,2025,12,41.382,0,0.0,0.0,130.035,0.0,389.301,910.402,0.0,42.76
SpiceJet,nonscheduled_international,2025,12,3.744,305,570.96,702.0,0.0,0.0,42.822,67.392,81.33,63.54
Air India,scheduled_domestic,2025,12,16685.51,2389728,2544302.838,2829741.296,28912.728,807.802,271056.793,293892.281,89.91,92.23
Air India Express,scheduled_domestic,2025,12,11309.89,1839572,1836271.023,2065492.87,7450.777,0.0,192200.796,226197.801,88.9,84.97
Akasa Air,scheduled_domestic,2025,12,4743.922,739061,857367.266,899677.12,4954.233,256.186,78592.602,97278.865,95.3,80.79
Alliance Air,scheduled_domestic,2025,12,523.982,57030,24556.386,34576.143,0.0,0.0,2234.631,3306.356,71.02,67.59
Blue Dart Aviation,scheduled_domestic,2025,12,549.0,0,0.0,0.0,10658.19,0.0,10440.0,16399.0,0.0,63.66
Fly91,scheduled_domestic,2025,12,287.983,37111,16863.72,19590.611,0.0,0.0,1402.106,1662.541,86.08,84.34
IndiGo,scheduled_domestic,2025,12,47192.849,8522591,8207875.0,9311861.0,22374.064,2460.301,765418.211,1036188.981,88.14,73.87
India One Air,scheduled_domestic,2025,12,133.875,3308,1012.272,1204.875,0.0,0.0,91.104,108.439,84.01,84.01
QuikJet Cargo,scheduled_domestic,2025,12,166.255,0,0.0,0.0,1652.798,0.0,1883.948,3657.61,0.0,51.51
SpiceJet,scheduled_domestic,2025,12,3878.048,614339,606842.549,693901.455,3490.588,0.0,49401.752,61393.45,87.45,80.47
Star Air,scheduled_domestic,2025,12,905.0,103743,59525.0,74494.0,0.0,0.0,5365.0,6705.0,79.91,80.01
Air India,scheduled_international,2025,12,23205.433,894266,4807554.022,5912645.959,45875.186,308.187,788180.939,874534.615,81.31,90.13
Air India Express,scheduled_international,2025,12,9692.887,565594,1534005.234,1780269.53,2255.337,0.0,121898.267,193857.731,86.17,62.88
Akasa Air,scheduled_international,2025,12,2038.637,109638,329396.01,385475.252,223.314,0.0,31302.941,41804.29,85.45,74.88
IndiGo,scheduled_international,2025,12,25268.759,1568245,4405742.0,5415224.0,6265.001,6.777,413590.819,501693.619,81.36,82.44
SpiceJet,scheduled_international,2025,12,1879.139,134021,315456.641,354136.863,594.136,0.0,25080.156,32448.613,89.08,77.29
Air India,nonscheduled_domestic,2026,1,69.174,20894,10687.918,12003.896,3.125,0.0,1030.285,1132.931,89.04,90.94
Air India Express,nonscheduled_domestic,2026,1,8.242,3567,1130.739,1557.738,0.0,0.0,84.805,164.84,72.59,51.45
Akasa Air,nonscheduled_domestic,2026,1,10.423,1474,1470.083,1976.221,2.0,0.0,138.775,213.734,74.39,64.93
Blue Dart Aviation,nonscheduled_domestic,2026,1,69.0,0,0.0,0.0,927.789,0.0,1186.0,2074.0,,57.18
Fly91,nonscheduled_domestic,2026,1,3.98,215,213.93,278.6,0.0,0.0,16.04,23.68,76.79,67.74
IndiGo,nonscheduled_domestic,2026,1,208.133,22991,15109.0,17810.0,705.596,1.638,2399.07,4223.384,84.83,56.8
QuikJet Cargo,nonscheduled_domestic,2026,1,72.864,0,0.0,0.0,570.71,0.0,691.063,1603.008,,43.11
SpiceJet,nonscheduled_domestic,2026,1,14.747,1731,1441.557,2590.173,0.0,0.0,108.117,224.065,55.65,48.25
Air India Express,nonscheduled_international,2026,1,20.802,406,1407.602,3827.568,0.0,0.0,105.57,416.04,36.78,25.37
IndiGo,nonscheduled_international,2026,1,339.002,0,0.0,0.0,2277.575,0.0,5022.204,7860.662,,63.89
QuikJet Cargo,nonscheduled_international,2026,1,56.069,0,0.0,0.0,192.013,0.0,576.807,1233.518,,46.76
Air India,scheduled_domestic,2026,1,16604.5,2297474,2427786.768,2804433.74,28046.533,702.431,255286.855,283950.488,86.57,89.91
Air India Express,scheduled_domestic,2026,1,10986.944,1736876,1728181.198,2002604.183,9184.003,0.0,183334.965,219738.88,86.3,83.43
Akasa Air,scheduled_domestic,2026,1,4769.433,727727,844006.522,905466.169,4134.44,227.255,76070.78,97801.993,93.21,77.78
Alliance Air,scheduled_domestic,2026,1,566.423,57459,24249.432,37442.125,0.0,0.0,2206.698,3585.44,64.77,61.55
Blue Dart Aviation,scheduled_domestic,2026,1,546.0,0,0.0,0.0,10231.954,0.0,10164.0,16152.0,,62.93
Fly91,scheduled_domestic,2026,1,268.0,33186,15073.09,18195.99,0.0,0.0,1247.16,1546.66,82.84,80.64
IndiGo,scheduled_domestic,2026,1,52623.353,9704113,9207043.0,10501553.0,25942.02,2724.721,861217.959,1175608.458,87.67,73.26
India One Air,scheduled_domestic,2026,1,83.465,1573,521.73,751.185,0.0,0.0,46.956,67.607,69.45,69.45
QuikJet Cargo,scheduled_domestic,2026,1,43.841,0,0.0,0.0,442.904,0.0,522.302,964.502,,54.15
SpiceJet,scheduled_domestic,2026,1,3971.184,591582,604598.193,703894.815,3104.824,0.0,48895.241,62651.746,85.89,78.04
Star Air,scheduled_domestic,2026,1,879.76,97198,56163.341,72264.064,0.0,0.0,5054.701,6503.766,77.72,77.72
Air India,scheduled_international,2026,1,23050.198,920748,4850136.785,5902119.945,43886.41,258.222,774180.898,854463.425,82.18,90.6
Air India Express,scheduled_international,2026,1,9740.494,588317,1590794.941,1791836.587,2226.383,0.0,129146.73,194809.884,88.78,66.29
Akasa Air,scheduled_international,2026,1,1921.602,100136,303379.658,363678.912,166.408,0.0,28882.173,39404.371,83.42,73.3
IndiGo,scheduled_international,2026,1,25506.02,1655763,4716788.0,5463909.0,5878.369,5.502,447293.366,486335.441,86.33,91.97
SpiceJet,scheduled_international,2026,1,1851.789,132572,312234.191,349369.179,563.751,0.0,24751.257,32308.384,89.37,76.61
Air India,nonscheduled_domestic,2026,2,95.172,27293,14705.511,16440.88,0.0,0.0,1410.64,1545.999,89.44,91.24
Air India Express,nonscheduled_domestic,2026,2,4.76,3949,1327.398,1793.232,0.0,0.0,99.555,189.76,74.02,52.46
Akasa Air,nonscheduled_domestic,2026,2,11.789,1636,1711.061,2226.73,2.906,0.0,157.474,241.745,76.84,65.14
Alliance Air,nonscheduled_domestic,2026,2,6.57,15,9.855,459.9,0.0,0.0,0.897,43.69,2.14,2.05
Blue Dart Aviation,nonscheduled_domestic,2026,2,23.0,0,0.0,0.0,353.758,0.0,381.0,665.0,,57.29
Fly91,nonscheduled_domestic,2026,2,0.52,68,35.09,36.12,0.0,0.0,2.96,3.07,97.15,96.42
IndiGo,nonscheduled_domestic,2026,2,131.891,13868,9472.0,11062.0,552.01,0.319,1645.357,2521.494,85.63,65.25
QuikJet Cargo,nonscheduled_domestic,2026,2,80.915,0,0.0,0.0,653.476,0.0,811.643,1780.126,,45.59
SpiceJet,nonscheduled_domestic,2026,2,59.57,3089,3123.325,11281.155,17.099,0.0,259.527,1021.867,27.69,25.4
Air India,nonscheduled_international,2026,2,7.51,206,819.84,1788.34,0.0,0.0,77.312,152.855,45.84,50.58
Akasa Air,nonscheduled_international,2026,2,2.094,182,381.108,389.484,0.0,0.0,34.325,42.94,97.85,79.94
IndiGo,nonscheduled_international,2026,2,277.015,0,0.0,0.0,2119.973,0.0,4546.745,6467.749,,70.3
QuikJet Cargo,nonscheduled_international,2026,2,131.243,0,0.0,0.0,666.533,0.0,1794.689,2887.342,,62.16
SpiceJet,nonscheduled_international,2026,2,22.493,1421,3029.919,4244.886,0.0,0.0,227.244,406.344,71.38,55.92
Air India,scheduled_domestic,2026,2,15581.846,2188779,2321263.226,2626892.405,33485.191,966.376,251661.449,274499.886,88.37,91.68
Air India Express,scheduled_domestic,2026,2,10042.878,1605622,1616320.335,1831390.373,6903.52,321.643,169894.706,251071.95,88.26,67.67
Akasa Air,scheduled_domestic,2026,2,4538.958,687287,804063.527,861652.531,4206.806,223.953,72874.909,93075.873,93.32,78.3
Alliance Air,scheduled_domestic,2026,2,523.143,53796,22518.46,34209.064,0.0,0.0,2049.18,3270.337,65.83,62.66
Blue Dart Aviation,scheduled_domestic,2026,2,564.0,0,0.0,0.0,10291.478,0.0,10365.0,16669.0,,62.18
Fly91,scheduled_domestic,2026,2,215.42,24785,11479.48,14375.66,0.0,0.0,946.53,1221.93,79.85,77.46
IndiGo,scheduled_domestic,2026,2,47707.354,8870677,8463891.0,9444818.0,26549.384,2895.919,794993.549,1053109.46,89.61,75.49
India One Air,scheduled_domestic,2026,2,106.337,1591,507.656,957.033,0.0,0.0,45.689,86.133,53.04,53.04
QuikJet Cargo,scheduled_domestic,2026,2,27.24,0,0.0,0.0,308.279,0.0,349.897,599.28,,58.39
SpiceJet,scheduled_domestic,2026,2,3725.872,554895,592014.487,665468.603,3461.148,0.0,48463.293,59755.104,88.96,81.1
Star Air,scheduled_domestic,2026,2,702.475,77261,46840.264,59249.008,0.0,0.0,4215.624,5332.411,79.06,79.06
Air India,scheduled_international,2026,2,20751.951,813328,4265463.66,5287627.865,48056.282,250.078,751524.78,829544.654,80.67,90.59
Air India Express,scheduled_international,2026,2,8631.608,499213,1345341.123,1584026.19,2073.978,10.388,106680.05,172632.167,84.93,61.8
Akasa Air,scheduled_international,2026,2,1605.937,78604,231282.976,303966.039,151.331,0.0,22190.594,32931.344,76.09,67.38
IndiGo,scheduled_international,2026,2,22164.311,1360775,3877054.0,4761934.0,6161.884,4.369,373567.458,410857.783,81.42,90.92
SpiceJet,scheduled_international,2026,2,1367.721,100975,222742.643,257674.596,517.88,0.0,17878.475,24197.648,86.44,73.89
Air India,nonscheduled_domestic,2026,3,122.632,33926,18529.223,21158.656,0.332,0.0,1766.111,1971.207,87.57,89.6
Air India Express,nonscheduled_domestic,2026,3,5.573,4127,1371.651,3617.344,0.0,0.0,102.874,311.84,37.92,32.99
Akasa Air,nonscheduled_domestic,2026,3,4.368,529,547.435,837.799,0.0,0.0,44.022,89.57,65.34,49.15
Blue Dart Aviation,nonscheduled_domestic,2026,3,64.0,0,0.0,0.0,673.31,0.0,770.0,1612.0,,47.77
IndiGo,nonscheduled_domestic,2026,3,122.924,10042,6999.0,8997.0,615.988,0.605,1473.775,2355.295,77.79,62.57
QuikJet Cargo,nonscheduled_domestic,2026,3,95.488,0,0.0,0.0,798.695,0.0,950.398,2100.736,,45.24
SpiceJet,nonscheduled_domestic,2026,3,14.617,1224,1508.054,2800.513,1.534,0.0,115.118,266.409,53.85,43.21
Air India,nonscheduled_international,2026,3,5.86,114,668.04,1517.74,0.0,0.0,65.257,131.534,44.02,49.61
IndiGo,nonscheduled_international,2026,3,189.906,0,0.0,0.0,1235.565,0.0,2349.661,4570.787,,51.41
QuikJet Cargo,nonscheduled_international,2026,3,37.952,0,0.0,0.0,140.556,0.0,403.953,834.944,,48.38
SpiceJet,nonscheduled_international,2026,3,29.744,1537,3315.688,5591.1,0.0,0.0,248.677,540.268,59.3,46.03
Air India,scheduled_domestic,2026,3,16826.421,2168434,2302689.77,2822560.032,36734.939,884.573,255415.786,295078.647,81.58,86.56
Air India Express,scheduled_domestic,2026,3,10572.955,1604684,1604017.52,1924721.268,7110.139,322.479,169034.582,264323.872,83.34,63.95
Akasa Air,scheduled_domestic,2026,3,5340.787,778132,919960.102,1016099.059,4340.35,247.17,82072.954,109518.178,90.54,74.94
Alliance Air,scheduled_domestic,2026,3,497.74,45672,19769.918,32604.696,0.0,0.0,1799.062,3122.19,60.64,57.62
Blue Dart Aviation,scheduled_domestic,2026,3,602.0,0,0.0,0.0,11210.423,0.0,11345.0,18019.0,,62.96
Fly91,scheduled_domestic,2026,3,309.52,33059,15013.8,20598.66,0.0,0.0,1235.26,1750.89,72.89,70.55
IndiGo,scheduled_domestic,2026,3,52994.94,9118668,8750157.0,10483236.0,29546.485,2654.644,823821.474,1169440.952,83.47,70.45
India One Air,scheduled_domestic,2026,3,121.314,1750,557.99,1091.826,0.0,0.0,50.219,98.264,51.11,51.11
QuikJet Cargo,scheduled_domestic,2026,3,23.835,0,0.0,0.0,243.267,0.0,276.108,524.37,,52.66
SpiceJet,scheduled_domestic,2026,3,3812.448,540882,568109.606,685778.001,3359.566,0.0,46456.771,62057.316,82.84,74.86
Star Air,scheduled_domestic,2026,3,811.122,78549,47210.0,67759.0,0.0,0.0,4249.0,6096.0,69.67,69.7
Air India,scheduled_international,2026,3,21013.506,778767,4634339.586,5421117.714,60176.457,245.624,923855.16,983145.614,85.49,93.97
Air India Express,scheduled_international,2026,3,3247.677,168446,436154.825,590700.71,808.283,0.0,35357.302,81191.932,73.84,43.55
Akasa Air,scheduled_international,2026,3,1081.096,49541,165014.482,202915.458,67.23,0.0,15525.37,22168.955,81.32,70.03
IndiGo,scheduled_international,2026,3,14039.273,809804,2305455.0,2859455.0,3488.094,2.912,219366.264,271540.501,80.63,80.79
SpiceJet,scheduled_international,2026,3,601.497,38418,77046.501,112929.067,248.701,0.0,6280.326,10050.237,68.23,62.49
Air India,nonscheduled_domestic,2026,4,126.54,34108,19050.709,21774.448,0.0,0.0,1812.789,2025.24,87.49,89.51
Air India Express,nonscheduled_domestic,2026,4,23.983,4041,2185.094,4518.174,0.0,0.0,163.882,479.66,48.36,34.17
Akasa Air,nonscheduled_domestic,2026,4,14.766,3304,2121.168,2141.07,0.0,0.0,195.517,302.792,99.07,64.57
Blue Dart Aviation,nonscheduled_domestic,2026,4,106.139,0,0.0,0.0,1126.458,0.0,1403.211,2440.642,,57.49
IndiGo,nonscheduled_domestic,2026,4,84.478,9169,6530.0,8240.0,132.998,0.139,755.09,1421.643,79.25,53.11
QuikJet Cargo,nonscheduled_domestic,2026,4,19.669,0,0.0,0.0,153.654,0.0,157.673,432.718,,36.44
SpiceJet,nonscheduled_domestic,2026,4,10.048,1258,1092.837,1891.056,0.525,0.0,82.684,165.592,57.79,49.93
Air India Express,nonscheduled_international,2026,4,76.406,3639,12638.247,14440.734,0.0,0.0,947.869,1528.12,87.52,62.03
Akasa Air,nonscheduled_international,2026,4,126.183,4745,18144.541,18296.535,0.0,0.0,1751.339,2587.509,99.17,67.68
IndiGo,nonscheduled_international,2026,4,133.15,0,0.0,0.0,1197.557,0.0,1864.835,3245.032,,57.47
QuikJet Cargo,nonscheduled_international,2026,4,9.102,0,0.0,0.0,36.302,0.0,109.051,200.244,,54.46
Air India,scheduled_domestic,2026,4,16082.114,1949625,2067622.633,2692521.491,17766.24,988.757,207618.209,255303.971,76.79,81.32
Air India Express,scheduled_domestic,2026,4,9800.268,1460627,1451110.768,1792098.588,6905.595,0.0,152586.272,245006.707,80.97,62.28
Akasa Air,scheduled_domestic,2026,4,5510.473,791273,953359.505,1039190.441,4262.188,274.103,84597.358,112997.759,91.74,74.87
Alliance Air,scheduled_domestic,2026,4,454.528,42677,18243.581,29836.52,0.0,0.0,1660.166,2871.311,61.15,57.82
Blue Dart Aviation,scheduled_domestic,2026,4,529.837,0,0.0,0.0,10101.138,0.0,9966.44,16086.136,,61.96
Fly91,scheduled_domestic,2026,4,356.05,38616,16566.87,25229.07,0.0,0.0,1356.96,2144.47,65.67,63.28
IndiGo,scheduled_domestic,2026,4,52488.547,8978789,8635297.0,10439820.0,28480.355,2764.371,812227.479,1188216.247,82.71,68.36
India One Air,scheduled_domestic,2026,4,115.238,1687,539.168,1037.142,0.0,0.0,48.525,93.343,51.99,51.99
QuikJet Cargo,scheduled_domestic,2026,4,88.187,0,0.0,0.0,857.738,0.0,1033.964,1940.114,,53.29
SpiceJet,scheduled_domestic,2026,4,3469.662,473750,505680.233,626333.379,2293.51,0.0,40571.164,56835.17,80.74,71.38
Star Air,scheduled_domestic,2026,4,764.785,77772,46113.224,63814.864,0.0,0.0,4150.19,5743.338,72.26,72.26
Air India,scheduled_international,2026,4,20040.979,663709,3832220.514,5195097.497,17773.009,317.05,530968.221,634501.939,73.77,83.68
Air India Express,scheduled_international,2026,4,3429.984,187157,489030.083,619107.016,890.032,0.0,39028.699,85749.594,78.99,45.51
Akasa Air,scheduled_international,2026,4,1246.118,54186,174308.837,236664.056,111.571,0.0,16667.391,25552.896,73.65,65.23
IndiGo,scheduled_international,2026,4,15690.673,870882,2537623.0,3285124.0,4792.501,5.489,248861.868,287255.2,77.25,86.63
SpiceJet,scheduled_international,2026,4,593.689,49002,97781.119,111377.898,336.466,0.0,8008.83,10048.024,87.79,79.71
Air India,nonscheduled_domestic,2026,5,130.028,37447,20741.036,22433.136,0.1,0.0,1963.393,2095.377,92.46,93.7
Air India Express,nonscheduled_domestic,2026,5,14.353,3972,1540.844,2712.717,0.0,0.0,115.563,287.06,56.8,40.26
Akasa Air,nonscheduled_domestic,2026,5,4.829,730,548.774,771.441,0.0,0.0,52.261,99.023,71.14,52.78
Alliance Air,nonscheduled_domestic,2026,5,2.086,4,0.692,146.02,0.0,0.0,0.063,13.872,0.47,0.45
Blue Dart Aviation,nonscheduled_domestic,2026,5,130.475,0,0.0,0.0,1500.099,0.0,1891.481,3259.081,,58.04
Fly91,nonscheduled_domestic,2026,5,1.67,58,96.8,120.17,0.0,0.0,7.33,10.21,80.55,71.79
IndiGo,nonscheduled_domestic,2026,5,100.935,10423,7328.0,8928.0,271.526,0.041,1000.234,1765.573,82.08,56.65
QuikJet Cargo,nonscheduled_domestic,2026,5,8.378,0,0.0,0.0,61.607,0.0,88.231,184.316,,47.87
SpiceJet,nonscheduled_domestic,2026,5,5.737,812,518.845,1057.192,0.0,0.0,38.913,93.532,49.08,41.6
Air India Express,nonscheduled_international,2026,5,119.51,5688,19994.226,22587.39,0.0,0.0,1499.567,2390.2,88.52,62.74
Akasa Air,nonscheduled_international,2026,5,298.913,11622,42348.933,43342.385,0.0,0.0,4366.384,6129.51,97.71,71.24
IndiGo,nonscheduled_international,2026,5,134.021,0,0.0,0.0,1124.767,0.0,1783.574,3287.0,,54.26
Air India,scheduled_domestic,2026,5,16385.437,2144363,2254574.498,2777049.926,18967.529,1205.028,226647.072,266103.833,81.19,85.17
Air India Express,scheduled_domestic,2026,5,11556.961,1788544,1829036.811,2114765.7,7837.479,0.0,191830.65,288924.016,86.49,66.39
Akasa Air,scheduled_domestic,2026,5,6212.849,889666,1084782.622,1172646.503,5474.618,309.839,97077.491,127400.682,92.51,76.2
Alliance Air,scheduled_domestic,2026,5,541.463,50348,20946.758,34227.084,6.641,0.0,1906.162,3276.036,61.2,58.18
Blue Dart Aviation,scheduled_domestic,2026,5,520.697,0,0.0,0.0,9952.353,0.0,9765.464,15777.979,,61.89
Fly91,scheduled_domestic,2026,5,445.44,54496,21912.12,31626.45,0.0,0.0,1790.83,2688.25,69.28,66.62
IndiGo,scheduled_domestic,2026,5,56001.829,9991048,9603478.0,11112753.0,31854.671,2581.588,903713.885,1264853.574,86.42,71.45
India One Air,scheduled_domestic,2026,5,121.528,1835,585.408,1093.752,0.0,0.0,52.687,98.438,53.52,53.52
QuikJet Cargo,scheduled_domestic,2026,5,104.463,0,0.0,0.0,963.692,0.0,1130.609,2298.186,,49.2
SpiceJet,scheduled_domestic,2026,5,2604.064,386405,402727.361,460657.629,2021.127,0.0,32494.248,41728.151,87.42,77.87
Star Air,scheduled_domestic,2026,5,735.529,82996,46605.468,61260.472,0.0,0.0,4194.492,5513.442,76.08,76.08
Air India,scheduled_international,2026,5,19053.648,668908,3577107.238,4875203.734,18929.443,330.049,502687.909,601012.943,73.37,83.64
Air India Express,scheduled_international,2026,5,5658.688,292149,770842.434,1029354.807,1581.847,0.0,59985.538,141467.2,74.89,42.4
Akasa Air,scheduled_international,2026,5,1026.717,58095,158180.574,195662.417,199.866,0.0,15019.275,21053.859,80.84,71.34
IndiGo,scheduled_international,2026,5,19806.709,1195547,3349700.0,4178539.0,5629.28,10.122,325523.161,356809.144,80.16,91.23
SpiceJet,scheduled_international,2026,5,605.506,43603,89314.158,113783.3,334.575,0.0,7385.772,10261.416,78.49,71.98
Air India,nonscheduled_domestic,2026,6,111.679,33187,17719.138,19193.66,0.0,0.0,1679.73,1794.743,92.32,93.59
Air India Express,nonscheduled_domestic,2026,6,18.498,6563,2976.331,3496.122,0.0,0.0,223.225,369.96,85.13,60.34
Akasa Air,nonscheduled_domestic,2026,6,46.051,5067,6268.029,6819.871,0.0,0.0,681.058,944.322,91.91,72.12
Alliance Air,nonscheduled_domestic,2026,6,1.594,58,16.46,73.324,0.0,0.0,1.498,7.173,22.45,20.88
Blue Dart Aviation,nonscheduled_domestic,2026,6,181.606,0,0.0,0.0,2236.25,0.0,2932.4,4896.937,,59.88
Fly91,nonscheduled_domestic,2026,6,5.98,206,163.81,428.5,0.0,0.0,12.49,36.42,38.23,34.29
IndiGo,nonscheduled_domestic,2026,6,91.927,10028,6956.0,8269.0,166.666,15.169,844.028,1603.088,84.12,52.65
QuikJet Cargo,nonscheduled_domestic,2026,6,1.703,0,0.0,0.0,13.752,0.0,23.42,37.466,,62.51
SpiceJet,nonscheduled_domestic,2026,6,3.628,424,569.732,611.64,0.0,0.0,42.73,63.21,93.15,67.6
Air India Express,nonscheduled_international,2026,6,42.695,13888,32430.703,37136.629,0.0,0.0,2432.303,3929.802,87.33,61.89
Akasa Air,nonscheduled_international,2026,6,410.023,17167,57759.877,59453.335,0.0,0.0,6336.198,8407.932,97.15,75.36
IndiGo,nonscheduled_international,2026,6,198.352,0,0.0,0.0,1698.759,0.0,3004.464,4253.842,,70.63
Air India,scheduled_domestic,2026,6,12176.801,1644981,1751751.155,2089845.751,16787.701,931.866,179279.092,204613.708,83.82,87.62
Air India Express,scheduled_domestic,2026,6,10048.872,1577340,1615916.88,1848920.25,7816.292,484.694,170871.951,251221.792,87.4,68.02
Akasa Air,scheduled_domestic,2026,6,5963.064,855604,1033576.139,1121521.894,6056.41,324.469,93530.281,122278.59,92.16,76.49
Alliance Air,scheduled_domestic,2026,6,538.67,50896,20816.385,33714.335,14.983,0.0,1894.306,3233.872,61.74,58.58
Blue Dart Aviation,scheduled_domestic,2026,6,440.702,0,0.0,0.0,8843.838,0.0,8381.246,13260.842,,63.2
Fly91,scheduled_domestic,2026,6,436.46,56816,22632.66,30911.0,0.0,0.0,1848.14,2627.44,73.22,70.34
IndiGo,scheduled_domestic,2026,6,50045.911,8920012,8501118.0,9984689.0,31532.228,2945.328,804603.24,1137029.632,85.14,70.76
India One Air,scheduled_domestic,2026,6,105.312,1802,563.184,947.808,0.0,0.0,50.686,85.303,59.42,59.42
QuikJet Cargo,scheduled_domestic,2026,6,101.36,0,0.0,0.0,804.599,0.0,988.273,2229.92,,44.32
SpiceJet,scheduled_domestic,2026,6,1705.749,262525,257136.765,292892.613,1209.148,0.0,20643.058,27411.381,87.79,75.31
Star Air,scheduled_domestic,2026,6,814.836,89006,50625.0,67497.0,0.0,0.0,4556.3,6074.73,75.0,75.0
Air India,scheduled_international,2026,6,16712.288,595245,3055234.223,4240633.801,17854.746,353.822,436246.458,525750.851,72.05,82.98
Air India Express,scheduled_international,2026,6,7211.281,354883,961984.944,1320793.06,2128.388,11.104,73711.217,180282.021,72.83,40.89
Akasa Air,scheduled_international,2026,6,1110.116,59963,168433.246,211255.969,215.068,0.0,16266.087,22764.039,79.73,71.46
IndiGo,scheduled_international,2026,6,21380.418,1276430,3594349.0,4477129.0,6022.387,16.444,348530.675,404872.622,80.28,86.08
SpiceJet,scheduled_international,2026,6,649.892,45698,96036.91,122113.544,218.659,0.0,7658.715,11508.416,78.65,66.55
Air India,nonscheduled_domestic,2026,7,96.916,27144,14218.629,16425.904,0.053,0.0,1351.725,1523.893,86.56,88.7
Air India Express,nonscheduled_domestic,2026,7,30.036,9647,4936.975,5676.804,0.0,0.0,370.273,600.72,86.97,61.64
Akasa Air,nonscheduled_domestic,2026,7,4.096,240,491.52,761.856,0.0,0.0,36.864,83.993,64.52,43.89
Alliance Air,nonscheduled_domestic,2026,7,11.623,40,49.56,782.458,0.0,0.0,4.51,74.502,6.33,6.05
Blue Dart Aviation,nonscheduled_domestic,2026,7,112.397,0,0.0,0.0,1244.859,0.0,1635.79,2296.482,,71.23
IndiGo,nonscheduled_domestic,2026,7,91.736,10441,7177.0,8448.0,199.108,8.324,889.587,1567.112,84.96,56.77
QuikJet Cargo,nonscheduled_domestic,2026,7,15.327,0,0.0,0.0,105.689,0.0,179.988,337.194,,53.38
SpiceJet,nonscheduled_domestic,2026,7,3.518,777,552.998,602.334,0.0,0.0,41.475,62.46,91.81,66.4
IndiGo,nonscheduled_international,2026,7,153.29,0,0.0,0.0,1461.674,0.0,2500.624,3594.851,,69.56
SpiceJet,nonscheduled_international,2026,7,12.474,732,2282.742,2320.164,0.0,0.0,171.206,199.584,98.39,85.78
Air India,scheduled_domestic,2026,7,12158.647,1572677,1692152.216,2083251.377,17879.976,897.399,175347.626,204918.293,81.23,85.57
Air India Express,scheduled_domestic,2026,7,8230.311,1302423,1307901.243,1523459.579,7257.832,270.464,139347.295,205757.777,85.85,67.72
Akasa Air,scheduled_domestic,2026,7,4467.839,664572,784078.282,852930.276,5278.087,302.258,72219.369,91617.507,91.93,78.83
Alliance Air,scheduled_domestic,2026,7,551.335,50078,20792.337,34940.056,14.596,0.0,1892.117,3342.598,59.51,56.61
Blue Dart Aviation,scheduled_domestic,2026,7,537.825,0,0.0,0.0,10484.551,0.0,10366.441,16120.389,,64.31
Fly91,scheduled_domestic,2026,7,430.89,56152,22841.66,30571.44,0.0,0.0,1870.82,2598.57,74.72,71.99
IndiGo,scheduled_domestic,2026,7,45829.302,8081825,7600417.0,9218918.0,31946.361,3059.384,723673.281,1051942.926,82.44,68.79
India One Air,scheduled_domestic,2026,7,111.436,1386,444.864,1010.628,0.0,0.0,40.038,90.957,44.02,44.02
QuikJet Cargo,scheduled_domestic,2026,7,81.387,0,0.0,0.0,763.846,0.0,991.252,1790.514,,55.36
SpiceJet,scheduled_domestic,2026,7,1197.527,187280,164897.791,196189.816,994.267,0.0,13409.077,18176.112,84.05,73.77
Star Air,scheduled_domestic,2026,7,787.591,83018,48665.0,65454.0,0.0,0.0,4379.86,5890.86,74.35,74.35
Air India,scheduled_international,2026,7,17097.017,610895,3203012.021,4373707.692,17359.122,372.971,447677.64,535798.822,73.23,83.55
Air India Express,scheduled_international,2026,7,9546.036,495175,1347168.06,1758711.74,2965.966,16.407,108783.641,238650.912,76.6,45.58
Akasa Air,scheduled_international,2026,7,2283.883,107355,345837.839,435659.516,383.228,0.0,33638.375,46833.305,79.38,71.83
IndiGo,scheduled_international,2026,7,21246.307,1283428,3620922.0,4474096.0,5913.737,20.546,349431.065,443985.698,80.93,78.7
SpiceJet,scheduled_international,2026,7,954.373,62844,139583.053,178543.898,345.467,0.0,11249.786,16966.624,78.18,66.31
